Date,AAPL,AMZN,JPM,MSFT,XOM
2018-01-02,40.23237609863281,59.45050048828125,85.51600646972656,78.55203247070312,57.8111572265625
2018-01-03,40.22536849975586,60.209999084472656,85.60317993164062,78.9175796508789,58.946563720703125
2018-01-04,40.41221618652344,60.47949981689453,86.82949829101562,79.6121826171875,59.02816390991211
2018-01-05,40.87232208251953,61.457000732421875,86.27206420898438,80.59923553466797,58.9805908203125
2018-01-08,40.72050094604492,62.34349822998047,86.39949035644531,80.68148803710938,59.24573516845703
2018-01-09,40.71584701538086,62.6349983215332,86.83746337890625,80.62664794921875,58.99417495727539
2018-01-10,40.70649719238281,62.71649932861328,87.79301452636719,80.26106262207031,58.52504348754883
2018-01-11,40.937721252441406,63.83399963378906,88.26285552978516,80.49869537353516,59.10295486450195
2018-01-12,41.36045837402344,65.26000213623047,89.72007751464844,81.88787841796875,59.504066467285156
2018-01-16,41.15025329589844,65.24299621582031,89.40155029296875,80.74543762207031,59.13013458251953
2018-01-17,41.82991027832031,64.75,89.97490692138672,82.38137817382812,59.83042907714844
2018-01-18,41.86726379394531,64.66600036621094,90.1899185180664,82.34484100341797,59.44289779663086
2018-01-19,41.680416107177734,64.72899627685547,89.99081420898438,82.25343322753906,59.25252914428711
2018-01-22,41.33943557739258,66.3655014038086,91.04194641113281,83.72484588623047,60.00038528442383
2018-01-23,41.34877395629883,68.12699890136719,90.94640350341797,83.98992156982422,60.034393310546875
2018-01-24,40.69015121459961,67.87550354003906,92.1089859008789,83.91677856445312,60.19078063964844
2018-01-25,39.96379089355469,68.89749908447266,92.13290405273438,84.38287353515625,60.08199691772461
2018-01-26,40.05721664428711,70.10250091552734,92.6266098022461,85.9639892578125,60.51032257080078
2018-01-29,39.228092193603516,70.88400268554688,92.53105926513672,85.83604431152344,59.83723068237305
2018-01-30,38.99686050415039,71.89099884033203,91.66307830810547,84.7575912475586,59.00098419189453
2018-01-31,39.10429763793945,72.54450225830078,92.1089859008789,86.83220672607422,59.35451126098633
2018-02-01,39.186038970947266,69.5,93.06459045410156,86.14676666259766,60.55792236328125
2018-02-02,37.48575973510742,71.49749755859375,91.00212860107422,83.88023376464844,57.4712028503418
2018-02-05,36.54920196533203,69.5,86.63838958740234,80.42558288574219,54.200931549072266
2018-02-06,38.076656341552734,72.14199829101562,89.2741470336914,83.4689712524414,53.26948928833008
2018-02-07,37.26154708862305,70.83899688720703,89.87934112548828,81.8969955444336,52.31083297729492
2018-02-08,36.23624038696289,67.5250015258789,85.90576934814453,77.69294738769531,51.71933364868164
2018-02-09,36.679443359375,66.9800033569336,87.62580108642578,80.59007263183594,52.04901885986328
2018-02-12,38.156856536865234,69.3115005493164,88.9795150756836,81.45833587646484,52.48860168457031
2018-02-13,38.539100646972656,70.72550201416016,89.52896881103516,82.09809112548828,52.40616989135742
2018-02-14,39.24967575073242,72.55249786376953,91.599365234375,83.3835678100586,52.516075134277344
2018-02-15,40.56760787963867,73.08799743652344,91.98161315917969,85.082275390625,52.3443603515625
2018-02-16,40.436279296875,72.43450164794922,91.32066345214844,84.47624969482422,52.57101821899414
2018-02-20,40.30026626586914,73.4175033569336,91.34456634521484,85.13738250732422,52.02840805053711
2018-02-21,40.117347717285156,74.14600372314453,91.72677612304688,84.00796508789062,51.43772888183594
2018-02-22,40.45269775390625,74.26699829101562,91.55955505371094,84.22832489013672,52.10395812988281
2018-02-23,41.15621566772461,75.0,93.4149398803711,86.36779022216797,53.25098419189453
2018-02-26,41.9699592590332,76.09750366210938,94.57758331298828,87.6165542602539,54.150753021240234
2018-02-27,41.833953857421875,75.5989990234375,93.45478057861328,86.49634552001953,53.23038101196289
2018-02-28,41.770626068115234,75.62249755859375,91.97362518310547,86.10150909423828,52.02153396606445
2018-03-01,41.038963317871094,74.67250061035156,90.32527923583984,85.25675201416016,51.6506462097168
2018-03-02,41.322723388671875,75.01249694824219,90.23767852783203,85.44039916992188,51.89103698730469
2018-03-05,41.46576690673828,76.18049621582031,91.62326049804688,85.98212432861328,52.38557434082031
2018-03-06,41.43058776855469,76.88200378417969,91.7029037475586,85.68830108642578,52.32376480102539
2018-03-07,41.045997619628906,77.25,91.36048889160156,86.18415069580078,51.00499725341797
2018-03-08,41.49391555786133,77.59300231933594,91.3684310913086,86.70753479003906,50.908843994140625
2018-03-09,42.206809997558594,78.94450378417969,93.99627685546875,88.64498138427734,51.211063385009766
2018-03-12,42.6148681640625,79.91950225830078,93.69367218017578,88.85618591308594,51.678123474121094
2018-03-13,42.204463958740234,79.40899658203125,92.57086181640625,86.68917846679688,51.190467834472656
2018-03-14,41.84567642211914,79.55000305175781,91.53568267822266,86.17498779296875,50.551692962646484
2018-03-15,41.894920349121094,79.11599731445312,91.76658630371094,86.47798156738281,51.11491394042969
2018-03-16,41.7471809387207,78.58399963378906,91.92584228515625,86.86363220214844,51.59571075439453
2018-03-19,41.109317779541016,77.24649810791016,91.20124053955078,85.29346466064453,50.92945861816406
2018-03-20,41.09526062011719,79.32550048828125,91.288818359375,85.51384735107422,50.81956481933594
2018-03-21,40.16423797607422,79.09300231933594,91.3684310913086,84.9170150756836,51.54074478149414
2018-03-22,39.596736907958984,77.24600219726562,87.55414581298828,82.44699096679688,50.48300552368164
2018-03-23,38.679813385009766,74.77799987792969,85.21298217773438,80.05045318603516,50.064022064208984
2018-03-26,40.516014099121094,77.79299926757812,87.84081268310547,86.11071014404297,50.82644271850586
2018-03-27,39.477134704589844,74.85250091552734,86.1366958618164,82.15319061279297,50.6203727722168
2018-03-28,39.04095458984375,71.57099914550781,86.0013198852539,82.0796890258789,50.00907516479492
2018-03-29,39.34581756591797,72.36699676513672,87.57005310058594,83.80596923828125,51.24540328979492
2018-04-02,39.087852478027344,68.59950256347656,85.88184356689453,81.28085327148438,50.29068374633789
2018-04-03,39.488868713378906,69.60250091552734,87.0604019165039,82.37353515625,51.527008056640625
2018-04-04,40.243980407714844,70.52850341796875,88.38229370117188,84.77928161621094,51.423980712890625
2018-04-05,40.52304458618164,72.5875015258789,89.54276275634766,84.82518768310547,52.21385955810547
2018-04-06,39.486515045166016,70.2614974975586,87.30982208251953,82.85102081298828,51.423980712890625
2018-04-09,39.878150939941406,70.30400085449219,88.35828399658203,83.34683990478516,51.423980712890625
2018-04-10,40.62858200073242,71.81099700927734,90.04700469970703,85.28430938720703,52.93505096435547
2018-04-11,40.438629150390625,71.35250091552734,88.53436279296875,84.34770965576172,53.18229675292969
2018-04-12,40.8372802734375,72.42500305175781,90.73530578613281,85.92704010009766,53.038063049316406
2018-04-13,40.97563552856445,71.53949737548828,88.27823638916016,85.46796417236328,53.463905334472656
2018-04-16,41.23126220703125,72.07499694824219,88.20620727539062,86.46881103515625,53.94468688964844
2018-04-17,41.79877471923828,75.19149780273438,88.20620727539062,88.2134017944336,53.80047607421875
2018-04-18,41.70496368408203,76.39199829101562,87.49390411376953,88.55316162109375,54.41175842285156
2018-04-19,40.52304458618164,77.84549713134766,89.41473388671875,88.25015258789062,54.549129486083984
2018-04-20,38.862728118896484,76.37449645996094,89.21464538574219,87.23092651367188,54.260643005371094
2018-04-23,38.75016784667969,75.89299774169922,88.78247833251953,87.55228424072266,54.652156829833984
2018-04-24,38.21080017089844,73.00450134277344,88.36629486083984,85.50467681884766,53.81419372558594
2018-04-25,38.37730407714844,73.00849914550781,88.0301513671875,84.76090240478516,54.604061126708984
2018-04-26,38.51095962524414,75.89800262451172,88.11814880371094,86.55144500732422,55.538185119628906
2018-04-27,38.065391540527344,78.63099670410156,87.55793762207031,87.98384857177734,53.429561614990234
2018-04-30,38.754859924316406,78.30650329589844,87.06171417236328,85.8719482421875,53.402103424072266
2018-05-01,39.655364990234375,79.11299896240234,87.06171417236328,87.23092651367188,52.85261154174805
2018-05-02,41.407135009765625,78.48400115966797,86.3734130859375,85.86277770996094,52.749603271484375
2018-05-03,41.482177734375,78.60399627685547,85.8292007446289,86.37698364257812,52.57101821899414
2018-05-04,43.10967254638672,79.04750061035156,86.7815933227539,87.37781524658203,52.81827163696289
2018-05-07,43.42156982421875,80.00700378417969,87.5339126586914,88.35116577148438,53.39522171020508
2018-05-08,43.63029098510742,79.61949920654297,88.83048248291016,87.97466278076172,53.63560485839844
2018-05-09,43.93748092651367,80.4000015258789,90.767333984375,89.01227569580078,54.899417877197266
2018-05-10,44.56596374511719,80.4540023803711,91.47162628173828,89.9029312133789,56.128868103027344
2018-05-11,44.39646911621094,80.14550018310547,91.12747955322266,89.7101058959961,56.39251708984375
2018-05-14,44.29288101196289,80.0770034790039,91.15946960449219,90.01315307617188,56.77410125732422
2018-05-15,43.89033889770508,78.80599975585938,90.46318817138672,89.36119842529297,56.74635696411133
2018-05-16,44.29996109008789,79.36399841308594,90.71129608154297,89.59172821044922,56.905914306640625
2018-05-17,44.01980972290039,79.08799743652344,90.40717315673828,88.69719696044922,56.808799743652344
2018-05-18,43.8597297668457,78.71849822998047,88.94253540039062,88.86322021484375,56.406394958496094
2018-05-21,44.17047882080078,79.27300262451172,89.7588882446289,90.0067138671875,57.08631896972656
2018-05-22,44.05982971191406,79.06999969482422,90.44717407226562,89.9145278930664,56.64227294921875
2018-05-23,44.342323303222656,80.09300231933594,90.031005859375,90.9842758178711,56.996124267578125
2018-05-24,44.29288101196289,80.15350341796875,89.02256774902344,90.6614990234375,55.691776275634766
2018-05-25,44.39411926269531,80.50749969482422,88.56636047363281,90.70758056640625,54.60944366455078
2018-05-29,44.23403549194336,80.64350128173828,84.78073120117188,90.38484191894531,54.408226013183594
2018-05-30,44.1398811340332,81.24449920654297,86.71757507324219,91.2516860961914,56.545143127441406
2018-05-31,43.99156188964844,81.48100280761719,85.64509582519531,91.15027618408203,56.36476516723633
2018-06-01,44.78489685058594,82.0770034790039,86.757568359375,92.94855499267578,56.77410125732422
2018-06-04,45.159217834472656,83.26349639892578,86.79759979248047,93.76007843017578,56.17743682861328
2018-06-05,45.50761413574219,84.81749725341797,86.30940246582031,94.23960876464844,55.97622299194336
2018-06-06,45.665348052978516,84.7874984741211,88.32624816894531,94.51628112792969,56.93367004394531
2018-06-07,45.54293441772461,84.46499633789062,88.67842864990234,93.03155517578125,57.50259017944336
2018-06-08,45.128604888916016,84.19950103759766,88.92652130126953,93.72318267822266,58.002140045166016
2018-06-11,45.01796340942383,84.45600128173828,88.70243072509766,93.18830871582031,57.655235290527344
2018-06-12,45.26515579223633,84.9375,88.1902084350586,93.42810821533203,57.18345642089844
2018-06-13,44.8931999206543,85.24299621582031,88.01409912109375,93.0038833618164,56.55209732055664
2018-06-14,44.9167366027832,86.19300079345703,86.46142578125,93.52951049804688,56.81573486328125
2018-06-15,44.455322265625,85.79850006103516,86.35742950439453,92.33988952636719,55.96234893798828
2018-06-18,44.43177795410156,86.18949890136719,86.58151245117188,93.0130844116211,56.07335662841797
2018-06-19,43.71377944946289,86.73899841308594,86.07728576660156,93.0130844116211,55.9901123046875
2018-06-20,43.904457092285156,87.50399780273438,86.06928253173828,93.94452667236328,55.816650390625
2018-06-21,43.65962219238281,86.51100158691406,86.04527282714844,93.27132415771484,55.289363861083984
2018-06-22,43.53250503540039,85.78350067138672,84.63666534423828,92.59810638427734,56.46189498901367
2018-06-25,42.88512420654297,83.15750122070312,83.86833190917969,90.73524475097656,55.32406234741211
2018-06-26,43.41716766357422,84.55449676513672,83.92437744140625,91.37158966064453,55.94846725463867
2018-06-27,43.35358810424805,83.02549743652344,82.6278076171875,89.951416015625,56.690853118896484
2018-06-28,43.66904830932617,85.07250213623047,83.9803695678711,90.95657348632812,56.8712272644043
2018-06-29,43.57722854614258,84.98999786376953,83.39613342285156,90.9381332397461,57.39854049682617
2018-07-02,44.064544677734375,85.68900299072266,84.1004409790039,92.229248046875,56.72555160522461
2018-07-03,43.29709243774414,84.697998046875,82.92391967773438,91.34391021728516,57.05857849121094
2018-07-05,43.6455078125,84.98650360107422,83.46308135986328,91.9986801147461,57.10712432861328
2018-07-06,44.250526428222656,85.53150177001953,83.73664855957031,93.28976440429688,57.12099838256836
2018-07-09,44.86493682861328,86.95099639892578,86.3277816772461,93.92607116699219,57.51647186279297
2018-07-10,44.810791015625,87.15350341796875,85.79670715332031,94.17506408691406,58.04376983642578
2018-07-11,44.22934341430664,87.75,85.61158752441406,94.04597473144531,57.3013916015625
2018-07-12,44.97087478637695,89.83100128173828,85.98174285888672,96.08403778076172,57.37078094482422
2018-07-13,45.041507720947266,90.65149688720703,85.58747100830078,97.22756958007812,57.800933837890625
2018-07-16,44.94264221191406,91.12449645996094,88.98328399658203,96.74800872802734,57.232025146484375
2018-07-17,45.069759368896484,92.19650268554688,88.91889953613281,97.70708465576172,57.10712432861328
2018-07-18,44.82255935668945,92.14600372314453,89.74776458740234,96.9416732788086,57.044708251953125
2018-07-19,45.17098617553711,90.64849853515625,88.42804718017578,96.2777099609375,56.89898681640625
2018-07-20,45.06739044189453,90.68499755859375,89.54653930664062,98.00218963623047,56.475772857666016
2018-07-23,45.107418060302734,90.0999984741211,91.21228790283203,99.56996154785156,56.475772857666016
2018-07-24,45.43463134765625,91.46199798583984,91.85604095458984,99.2840576171875,57.59279251098633
2018-07-25,45.863101959228516,93.18049621582031,92.68489074707031,102.20744323730469,57.995182037353516
2018-07-26,45.71949005126953,90.4000015258789,92.41934967041016,101.09159088134766,58.446170806884766
2018-07-27,44.959110260009766,90.8635025024414,93.36886596679688,99.3024673461914,56.836551666259766
2018-07-30,44.707218170166016,88.96099853515625,93.93215942382812,97.1722412109375,56.71164321899414
2018-07-31,44.79667663574219,88.87200164794922,92.49980163574219,97.82698059082031,56.55209732055664
2018-08-01,47.43566131591797,89.8584976196289,93.07112884521484,98.01143646240234,55.775028228759766
2018-08-02,48.822227478027344,91.71649932861328,93.4654541015625,99.2010726928711,55.4420051574707
2018-08-03,48.96347427368164,91.16449737548828,94.22186279296875,99.63452911376953,55.643211364746094
2018-08-06,49.21772384643555,92.38749694824219,94.24598693847656,99.71748352050781,55.62931442260742
2018-08-07,48.75631332397461,93.1240005493164,94.59201049804688,100.4091567993164,56.38557815551758
2018-08-08,48.78925704956055,94.32599639892578,94.78514862060547,100.97168731689453,56.01093673706055
2018-08-09,49.17299270629883,94.9260025024414,94.0528793334961,101.13768005371094,55.72644805908203
2018-08-10,49.02653884887695,94.31500244140625,93.12745666503906,100.51982116699219,55.670387268066406
2018-08-13,49.343082427978516,94.80999755859375,91.64682006835938,99.79127502441406,55.06753921508789
2018-08-14,49.55097579956055,95.98249816894531,92.25843048095703,101.03624725341797,54.89230728149414
2018-08-15,49.66674041748047,94.13099670410156,91.4939193725586,99.6661376953125,53.93199920654297
2018-08-16,50.39435958862305,94.32599639892578,92.3549575805664,99.64762115478516,54.675010681152344
2018-08-17,51.400718688964844,94.11100006103516,92.3549575805664,99.59208679199219,54.857269287109375
2018-08-20,50.89988327026367,93.83550262451172,92.23424530029297,98.934814453125,55.24279022216797
2018-08-21,50.80067825317383,94.1709976196289,92.79753875732422,98.11090087890625,55.2568244934082
2018-08-22,50.80303192138672,95.24500274658203,92.51589965820312,99.1106948852539,56.048892974853516
2018-08-23,50.906982421875,95.1449966430664,92.32278442382812,99.57356262207031,55.432044982910156
2018-08-24,51.065269470214844,95.26950073242188,92.28254699707031,100.35118103027344,55.810577392578125
2018-08-27,51.48577117919922,96.38400268554688,93.91606140136719,101.46208190917969,56.35731506347656
2018-08-28,51.90153884887695,96.64099884033203,93.45738983154297,102.0730972290039,56.27320098876953
2018-08-29,52.67641067504883,99.90499877929688,93.15159606933594,103.702392578125,56.67975616455078
2018-08-30,53.160701751708984,100.11900329589844,92.69292449951172,103.63758087158203,56.434425354003906
2018-08-31,53.77490997314453,100.635498046875,92.20205688476562,103.98938751220703,56.196102142333984
2018-09-04,53.94736862182617,101.97550201416016,92.6607437133789,103.41542053222656,56.280216217041016
2018-09-05,53.59537124633789,99.74099731445312,92.21009826660156,100.43450927734375,57.03025817871094
2018-09-06,52.704769134521484,97.91549682617188,91.81580352783203,100.66594696044922,56.39936828613281
2018-09-07,52.27952194213867,97.60350036621094,91.99284362792969,100.17530059814453,57.35969161987305
2018-09-10,51.577903747558594,96.95050048828125,91.50198364257812,101.25841522216797,57.27557373046875
2018-09-11,52.8819465637207,99.35749816894531,92.08137512207031,102.98030853271484,58.08168029785156
2018-09-12,52.2252082824707,99.5,90.9950180053711,103.41542053222656,58.270957946777344
2018-09-13,53.4867057800293,99.49349975585938,91.34907531738281,104.52631378173828,57.70315933227539
2018-09-14,52.87957000732422,98.5094985961914,91.33300018310547,104.95215606689453,58.12374496459961
2018-09-17,51.47160339355469,95.40149688720703,91.6065902709961,103.81349182128906,58.46721649169922
2018-09-18,51.556640625,97.05249786376953,91.97674560546875,104.80404663085938,58.621429443359375
2018-09-19,51.58734130859375,96.32099914550781,94.64834594726562,103.40615844726562,59.3223762512207
2018-09-20,51.9795036315918,97.21499633789062,95.4610824584961,105.13731384277344,59.45557403564453
2018-09-21,51.419620513916016,95.75050354003906,94.83342742919922,105.77609252929688,59.700904846191406
2018-09-24,52.159034729003906,96.71800231933594,93.92412567138672,106.15563201904297,60.70328140258789
2018-09-25,52.48979187011719,98.72750091552734,93.65857696533203,105.95198822021484,60.6331787109375
2018-09-26,52.07163619995117,98.74250030517578,92.55613708496094,105.51686096191406,60.128501892089844
2018-09-27,53.14179229736328,100.64900207519531,92.1537857055664,105.91494750976562,60.12147521972656
2018-09-28,53.32842254638672,100.1500015258789,90.80189514160156,105.8779067993164,59.59576416015625
2018-10-01,53.687503814697266,100.21800231933594,91.33300018310547,107.0258560180664,60.1495361328125
2018-10-02,54.16471862792969,98.56549835205078,91.71119689941406,106.5999755859375,60.605133056640625
2018-10-03,54.82381820678711,97.63800048828125,92.57223510742188,106.6185073852539,60.387855529785156
2018-10-04,53.85995864868164,95.47100067138672,93.40686798095703,104.41522216796875,59.98829650878906
2018-10-05,52.98588562011719,94.48249816894531,92.88015747070312,103.80423736572266,59.8200569152832
2018-10-08,52.863037109375,93.22100067138672,93.44740295410156,102.61927032470703,60.37381362915039
2018-10-09,53.59537124633789,93.51599884033203,92.79912567138672,103.92459869384766,60.64019012451172
2018-10-10,51.112518310546875,87.76249694824219,90.32762145996094,98.27751159667969,59.24527359008789
2018-10-11,50.661293029785156,85.96800231933594,87.62110137939453,98.04607391357422,57.19847869873047
2018-10-12,52.470882415771484,89.43049621582031,86.66490173339844,101.434326171875,57.04427719116211
2018-10-15,51.348751068115234,88.04750061035156,86.17060089111328,99.61058807373047,56.65171432495117
2018-10-16,52.480323791503906,90.99800109863281,88.01815795898438,102.75814056396484,56.91808319091797
2018-10-17,52.2535514831543,91.58650207519531,88.99864959716797,102.48967742919922,57.128379821777344
2018-10-18,51.032196044921875,88.53600311279297,87.58869171142578,100.44377899169922,57.37369918823242
2018-10-19,51.809425354003906,88.20149993896484,87.44283294677734,100.5918960571289,57.45783233642578
2018-10-22,52.1259765625,89.46499633789062,86.18683624267578,101.48985290527344,56.883060455322266
2018-10-23,52.61735534667969,88.43499755859375,85.287353515625,100.0734634399414,55.96477508544922
2018-10-24,50.81249237060547,83.20999908447266,83.6991195678711,94.7226333618164,54.40864562988281
2018-10-25,51.925174713134766,89.1084976196289,84.9713134765625,100.25859832763672,54.89230728149414
2018-10-26,51.09833526611328,82.1405029296875,83.80445861816406,99.01812744140625,54.34557342529297
2018-10-29,50.13920974731445,76.94400024414062,84.96321105957031,96.13902282714844,54.00910568237305
2018-10-30,50.389617919921875,76.52100372314453,86.46231079101562,96.0279541015625,55.22175979614258
2018-10-31,51.70310974121094,79.90049743652344,88.3423080444336,98.87924194335938,55.85263442993164
2018-11-01,52.496864318847656,83.27649688720703,88.30988311767578,98.05532836914062,56.54658889770508
2018-11-02,49.014713287353516,83.27649688720703,87.82366943359375,98.27751159667969,57.44380569458008
2018-11-05,47.62327575683594,81.38999938964844,88.39903259277344,99.52726745605469,57.22652053833008
2018-11-06,48.13825988769531,82.1405029296875,88.81228637695312,99.72169494628906,57.47185134887695
2018-11-07,49.598228454589844,87.77449798583984,90.33570861816406,103.64688873291016,58.20084762573242
2018-11-08,49.425174713134766,87.74549865722656,91.06498718261719,103.45247650146484,57.27557373046875
2018-11-09,48.4721794128418,85.62149810791016,90.18175506591797,101.434326171875,57.26142120361328
2018-11-12,46.03044128417969,81.84249877929688,88.28557586669922,98.934814453125,56.52503204345703
2018-11-13,45.57052993774414,81.55850219726562,88.8041763305664,98.99960327148438,55.22927474975586
2018-11-14,44.28327941894531,79.95050048828125,86.97282409667969,97.59569549560547,54.79733657836914
2018-11-15,45.37614059448242,80.97200012207031,89.19314575195312,99.74341583251953,55.363800048828125
2018-11-16,45.87870788574219,79.67050170898438,89.1283187866211,100.68244934082031,55.90900421142578
2018-11-19,44.060447692871094,75.614501953125,89.80903625488281,97.270263671875,56.09311294555664
2018-11-20,41.955326080322266,74.77300262451172,87.8803939819336,94.564697265625,54.49995422363281
2018-11-21,41.907920837402344,75.83650207519531,87.22404479980469,95.86634063720703,54.917724609375
2018-11-23,40.84349822998047,75.10299682617188,86.42179107666016,95.82916259765625,53.452003479003906
2018-11-26,41.3958625793457,79.06649780273438,88.5367660522461,98.99032592773438,54.507041931152344
2018-11-27,41.305782318115234,79.07099914550781,88.90950775146484,99.61322784423828,54.556610107421875
2018-11-28,42.89409637451172,83.88749694824219,89.89813232421875,103.31363677978516,55.54789733886719
2018-11-29,42.5645866394043,83.67849731445312,89.18504333496094,102.44898223876953,55.97981262207031
2018-11-30,42.33462905883789,84.50849914550781,90.10070037841797,103.09978485107422,56.29137420654297
2018-12-03,43.813899993896484,88.61799621582031,90.95155334472656,104.21546936035156,57.509246826171875
2018-12-04,41.88657760620117,83.41999816894531,86.89179229736328,100.89627075195312,56.24180603027344
2018-12-06,41.4195671081543,84.95950317382812,85.23873901367188,101.51923370361328,55.50541305541992
2018-12-07,39.942684173583984,81.45649719238281,83.6991195678711,97.45620727539062,54.974369049072266
2018-12-10,40.20581817626953,82.05149841308594,82.13517761230469,100.03160858154297,54.19548034667969
2018-12-11,39.975860595703125,82.16200256347656,81.33293914794922,100.96138000488281,54.29461669921875
2018-12-12,40.08726501464844,83.177001953125,81.85964965820312,101.41695404052734,53.827308654785156
2018-12-13,40.525840759277344,82.91899871826172,81.9406967163086,101.76097106933594,54.507041931152344
2018-12-14,39.229103088378906,79.59549713134766,81.26811218261719,98.58121490478516,53.515743255615234
2018-12-17,38.86402893066406,76.04550170898438,80.23089599609375,95.66179656982422,52.425315856933594
2018-12-18,39.368980407714844,77.5739974975586,79.85005187988281,96.66596221923828,50.980865478515625
2018-12-19,38.14097595214844,74.75399780273438,78.8371353149414,96.40562438964844,50.11702346801758
2018-12-20,37.17852020263672,73.04149627685547,78.15644836425781,94.37874603271484,48.59468078613281
2018-12-21,35.73243713378906,68.87249755859375,76.30888366699219,91.3292007446289,48.233558654785156
2018-12-24,34.80788040161133,67.197998046875,74.6639175415039,87.5172119140625,46.3855094909668
2018-12-26,37.259124755859375,73.54499816894531,77.75936889648438,93.49547576904297,48.60176086425781
2018-12-27,37.01730728149414,73.08200073242188,78.63452911376953,94.07193756103516,48.81418228149414
2018-12-28,37.03628158569336,73.9010009765625,78.46434020996094,93.3374252319336,48.268959045410156
2018-12-31,37.39424514770508,75.09850311279297,79.1045150756836,94.43455505371094,48.28313446044922
2019-01-02,37.436920166015625,76.95649719238281,80.4739761352539,94.01615905761719,49.34523391723633
2019-01-03,33.70792007446289,75.01399993896484,79.3302993774414,90.55751037597656,48.58759689331055
2019-01-04,35.14688491821289,78.76950073242188,82.25487518310547,94.76925659179688,50.379005432128906
2019-01-07,35.068660736083984,81.47550201416016,82.31204223632812,94.8901138305664,50.64099884033203
2019-01-08,35.73717498779297,82.8290023803711,82.15680694580078,95.5781478881836,51.009193420410156
2019-01-09,36.344051361083984,82.97100067138672,82.01795959472656,96.94486236572266,51.27824783325195
2019-01-10,36.46021270751953,82.81099700927734,82.00977325439453,96.32192993164062,51.01626205444336
2019-01-11,36.10224533081055,82.02799987792969,81.61764526367188,95.5781478881836,50.7826042175293
2019-01-14,35.559391021728516,80.8604965209961,82.45907592773438,94.88079833984375,50.7188720703125
2019-01-15,36.287166595458984,83.72799682617188,83.06359100341797,97.63288116455078,50.74720764160156
2019-01-16,36.73046875,84.18900299072266,83.73346710205078,97.97687530517578,50.725955963134766
2019-01-17,36.94857406616211,84.66100311279297,84.07657623291016,98.66488647460938,51.07290267944336
2019-01-18,37.1761474609375,84.80999755859375,85.44080352783203,100.14318084716797,51.68184280395508
2019-01-22,36.34169387817383,81.6084976196289,84.09290313720703,98.25580596923828,50.902976989746094
2019-01-23,36.48866271972656,82.0009994506836,83.88047790527344,99.21345520019531,50.48522186279297
2019-01-24,36.19944381713867,82.74649810791016,83.92951965332031,98.7392578125,50.55603790283203
2019-01-25,37.39898681640625,83.52850341796875,84.46051025390625,99.64112091064453,50.7826042175293
2019-01-28,37.052879333496094,81.89450073242188,84.86080169677734,97.69795227050781,50.442726135253906
2019-01-29,36.668827056884766,79.69400024414062,85.09770965576172,95.70832061767578,50.63390350341797
2019-01-30,39.174591064453125,83.52149963378906,85.29377746582031,98.90662384033203,51.186195373535156
2019-01-31,39.456695556640625,85.9365005493164,84.55037689208984,97.09361267089844,51.88718032836914
2019-02-01,39.47565841674805,81.3115005493164,84.86080169677734,95.55952453613281,53.75647735595703
2019-02-04,40.596954345703125,81.66549682617188,85.1630630493164,98.31156921386719,52.97761154174805
2019-02-05,41.29154586791992,82.94049835205078,84.78726959228516,99.6876220703125,53.52281951904297
2019-02-06,41.305782318115234,82.01300048828125,84.74645233154297,98.58121490478516,53.28915023803711
2019-02-07,40.523468017578125,80.71849822998047,83.63542938232422,97.8746109008789,52.87847900390625
2019-02-08,40.57109451293945,79.41100311279297,82.80217742919922,98.24646759033203,52.96440505981445
2019-02-11,40.3377799987793,79.55000305175781,82.41004180908203,97.85602569580078,53.05030059814453
2019-02-12,40.685367584228516,81.90049743652344,83.81515502929688,99.38079071044922,53.98100280761719
2019-02-13,40.516326904296875,82.0,84.21544647216797,99.30640411376953,54.58955764770508
2019-02-14,40.663936614990234,81.13249969482422,83.66810607910156,99.39009857177734,54.60386657714844
2019-02-15,40.5734748840332,80.39749908447266,86.22505950927734,100.61737823486328,55.63481521606445
2019-02-19,40.694881439208984,81.37899780273438,85.92278289794922,100.57086181640625,56.0070915222168
2019-02-20,40.95677947998047,81.1050033569336,86.33940887451172,100.04798126220703,56.22187805175781
2019-02-21,40.72584533691406,80.97200012207031,86.1596908569336,102.15819549560547,55.713558197021484
2019-02-22,41.180572509765625,81.5780029296875,85.77574920654297,103.61479187011719,56.14311218261719
2019-02-25,41.48054885864258,81.6500015258789,86.6743392944336,104.19368743896484,56.20037841796875
2019-02-26,41.50436019897461,81.81999969482422,86.01264953613281,104.91266632080078,56.31494140625
2019-02-27,41.63291931152344,82.05449676513672,85.90646362304688,104.7352523803711,56.894840240478516
2019-02-28,41.22342300415039,81.99150085449219,85.25292205810547,104.60454559326172,56.57982635498047
2019-03-01,41.656734466552734,83.58650207519531,85.31009674072266,105.07139587402344,57.27427673339844
2019-03-04,41.86623764038086,84.80850219726562,85.11404418945312,104.81929779052734,57.49622344970703
2019-03-05,41.7900505065918,84.62149810791016,85.04869079589844,104.29639434814453,57.41030502319336
2019-03-06,41.54959487915039,83.44750213623047,84.73009490966797,104.34308624267578,56.758811950683594
2019-03-07,41.06867218017578,81.29750061035156,84.11739349365234,103.07324981689453,57.38883972167969
2019-03-08,41.16628646850586,81.04000091552734,84.15006256103516,103.18528747558594,56.565521240234375
2019-03-11,42.592376708984375,83.53099822998047,85.2447509765625,105.35152435302734,57.11677169799805
2019-03-12,43.070919036865234,83.65499877929688,84.99151611328125,106.08915710449219,57.27427673339844
2019-03-13,43.26137924194336,84.54049682617188,85.27742767333984,106.91082763671875,57.78260803222656
2019-03-14,43.742305755615234,84.31099700927734,86.05349731445312,106.99488067626953,57.58929443359375
2019-03-15,44.311302185058594,85.61799621582031,87.04194641113281,108.2273941040039,57.38169479370117
2019-03-18,44.7636604309082,87.10749816894531,87.56477355957031,109.7773208618164,58.047481536865234
2019-03-19,44.40892791748047,88.09249877929688,87.24617004394531,109.85203552246094,57.89714431762695
2019-03-20,44.7969970703125,89.8635025024414,85.38360595703125,109.73065185546875,58.21929168701172
2019-03-21,46.4468879699707,90.96299743652344,84.03572082519531,112.25170135498047,58.55580520629883
2019-03-22,45.485042572021484,88.2385025024414,81.49513244628906,109.29182434082031,57.617923736572266
2019-03-25,44.93507766723633,88.71299743652344,80.81709289550781,109.86140441894531,57.21701431274414
2019-03-26,44.470829010009766,89.18800354003906,81.62583923339844,110.0948257446289,57.96156311035156
2019-03-27,44.870792388916016,88.28500366210938,81.34806823730469,109.03038024902344,57.51768493652344
2019-03-28,44.93032455444336,88.6709976196289,82.27118682861328,109.17977142333984,57.8040771484375
2019-03-29,45.22315216064453,89.0374984741211,82.69599914550781,110.12281036376953,57.84703826904297
2019-04-01,45.530277252197266,90.70950317382812,85.48165130615234,111.13123321533203,58.512821197509766
2019-04-02,46.192134857177734,90.6989974975586,85.89009857177734,111.28998565673828,58.26227951049805
2019-04-03,46.5087776184082,91.03500366210938,86.06166076660156,112.0182876586914,57.91862106323242
2019-04-04,46.5897331237793,90.94300079345703,86.89303588867188,111.44869995117188,58.74193572998047
2019-04-05,46.90160369873047,91.86399841308594,86.68726348876953,111.94358825683594,59.056949615478516
2019-04-08,47.6396598815918,92.49299621582031,86.9671401977539,111.9809341430664,59.42207717895508
2019-04-09,47.496803283691406,91.79199981689453,86.32505798339844,111.37398529052734,58.65602493286133
2019-04-10,47.763465881347656,92.36650085449219,86.71194458007812,112.22368621826172,58.391143798828125
2019-04-11,47.365867614746094,92.20349884033203,87.44456481933594,112.35440826416016,58.67034149169922
2019-04-12,47.3468132019043,92.15299987792969,91.54393005371094,112.93331146240234,57.93293380737305
2019-04-15,47.432533264160156,92.24349975585938,90.4985122680664,113.02666473388672,57.739646911621094
2019-04-16,47.43729782104492,93.1520004272461,91.45337677001953,112.76522064208984,58.13340377807617
2019-04-17,48.361053466796875,93.24099731445312,94.08751678466797,113.698974609375,58.29805374145508
2019-04-18,48.53483963012695,93.08450317382812,93.39601135253906,115.19292449951172,58.083274841308594
2019-04-22,48.69435501098633,94.3655014038086,93.51129150390625,115.55706024169922,59.3504638671875
2019-04-23,49.39667892456055,96.1884994506836,93.62651824951172,117.1257095336914,59.694114685058594
2019-04-24,49.32050323486328,95.0875015258789,93.47014617919922,116.72421264648438,58.53430938720703
2019-04-25,48.87290573120117,95.11250305175781,93.51949310302734,120.58979034423828,58.86366271972656
2019-04-26,48.63958740234375,97.53150177001953,94.22742462158203,121.28076171875,57.625091552734375
2019-04-29,48.713401794433594,96.92150115966797,95.5856704711914,121.16871643066406,57.2528076171875
2019-04-30,47.77535629272461,96.32599639892578,95.5280532836914,121.94371032714844,57.47472381591797
2019-05-01,50.120445251464844,95.57599639892578,94.79541778564453,119.40399932861328,56.32210159301758
2019-05-02,49.79427719116211,95.04100036621094,95.00120544433594,117.84467315673828,55.33411407470703
2019-05-03,50.41327667236328,98.12300109863281,95.5856704711914,120.35639953613281,55.462982177734375
2019-05-06,49.634769439697266,97.52749633789062,94.73780822753906,119.65608215332031,55.21957015991211
2019-05-07,48.29676055908203,96.05000305175781,93.19023895263672,117.2004165649414,54.926029205322266
2019-05-08,48.3062744140625,95.88849639892578,92.69633483886719,117.19107818603516,55.011940002441406
2019-05-09,47.78726577758789,94.99349975585938,92.62226104736328,117.18172454833984,54.96184158325195
2019-05-10,47.12525177001953,94.4990005493164,92.61402130126953,118.70368957519531,55.439762115478516
2019-05-13,44.386356353759766,91.13400268554688,90.09516143798828,115.17424011230469,54.82424545288086
2019-05-14,45.08900451660156,92.00599670410156,90.81128692626953,116.46277618408203,54.89665603637695
2019-05-15,45.6291389465332,93.55750274658203,90.46560668945312,118.10282897949219,55.30219268798828
2019-05-16,45.428382873535156,95.37850189208984,91.6262435913086,120.83000183105469,55.29494857788086
2019-05-17,45.17027282714844,93.44999694824219,91.18170928955078,120.0240707397461,54.96907043457031
2019-05-20,43.75779342651367,92.94850158691406,91.6591567993164,118.29026794433594,54.96184158325195
2019-05-21,44.5966682434082,92.8759994506836,91.97196960449219,118.92754364013672,55.21528244018555
2019-05-22,43.68370056152344,92.98400115966797,91.2228775024414,119.64915466308594,54.71562194824219
2019-05-23,42.93803787231445,90.77400207519531,89.42837524414062,118.25276947021484,53.43392562866211
2019-05-24,42.773136138916016,91.16400146484375,90.30917358398438,118.30899810791016,53.65837860107422
2019-05-28,42.59627914428711,91.82150268554688,89.3296127319336,118.2340087890625,52.57942199707031
2019-05-29,42.393131256103516,90.95950317382812,89.08267974853516,117.09069061279297,52.25357437133789
2019-05-30,42.61300277709961,90.81600189208984,88.12779235839844,117.8310546875,52.115989685058594
2019-05-31,41.84104919433594,88.75350189208984,87.22229766845703,115.90982818603516,51.24702072143555
2019-06-03,41.41802978515625,84.6344985961914,87.63390350341797,112.31109619140625,52.050811767578125
2019-06-04,42.933265686035156,86.47799682617188,90.3338623046875,115.42252349853516,53.28907775878906
2019-06-05,43.62635803222656,86.92500305175781,90.65489196777344,117.92476654052734,52.84736633300781
2019-06-06,44.26686096191406,87.71800231933594,90.85247802734375,119.78976440429688,53.810455322265625
2019-06-07,45.44511032104492,90.20149993896484,89.85643768310547,123.14482879638672,54.0059700012207
2019-06-10,46.02587127685547,93.03150177001953,90.82779693603516,124.26944732666016,54.24494934082031
2019-06-11,46.55883026123047,93.18499755859375,91.10765075683594,123.80081939697266,54.194244384765625
2019-06-12,46.410648345947266,92.76599884033203,89.94699096679688,123.22918701171875,53.60770797729492
2019-06-13,46.401092529296875,93.51499938964844,90.16924285888672,124.00704193115234,54.078392028808594
2019-06-14,46.064109802246094,93.4834976196289,90.39971160888672,124.12886047363281,53.839420318603516
2019-06-17,46.33894729614258,94.30149841308594,89.90584564208984,124.50375366210938,54.375282287597656
2019-06-18,47.42878341674805,95.06849670410156,91.13233184814453,126.6686019897461,54.845977783203125
2019-06-19,47.29015350341797,95.43949890136719,90.47381591796875,127.16529846191406,54.54185104370117
2019-06-20,47.67017364501953,95.90950012207031,90.70429992675781,128.34616088867188,55.47596740722656
2019-06-21,47.50764846801758,95.56500244140625,90.0869140625,128.36489868164062,56.25804138183594
2019-06-24,47.45984649658203,95.69499969482422,89.44485473632812,129.12399291992188,55.72216796875
2019-06-25,46.740478515625,93.91349792480469,88.70401000976562,125.04731750488281,55.229766845703125
2019-06-26,47.751426696777344,94.8915023803711,89.29669952392578,125.51587677001953,55.468727111816406
2019-06-27,47.737083435058594,95.21399688720703,89.59300231933594,125.7220458984375,54.90388870239258
2019-06-28,47.30209732055664,94.68150329589844,92.02958679199219,125.54400634765625,55.49045944213867
2019-07-01,48.16967010498047,96.1094970703125,93.57714080810547,127.15596771240234,55.439762115478516
2019-07-02,48.45167922973633,96.71549987792969,93.67591857910156,127.9994125366211,54.83149719238281
2019-07-03,48.853187561035156,96.94999694824219,93.5267105102539,128.8240966796875,55.352867126464844
2019-07-05,48.8101806640625,97.14550018310547,94.08213806152344,128.4492950439453,55.12839126586914
2019-07-08,47.80400848388672,97.61599731445312,93.5681381225586,128.3555450439453,55.38182067871094
2019-07-09,48.095577239990234,99.41500091552734,93.966064453125,127.8869400024414,55.34562683105469
2019-07-10,48.5711669921875,100.87049865722656,93.6924819946289,129.18963623046875,56.12770462036133
2019-07-11,48.21745681762695,100.05349731445312,94.58779907226562,129.7050323486328,56.1711311340332
2019-07-12,48.587913513183594,100.55000305175781,95.58259582519531,130.1736297607422,56.21459197998047
2019-07-15,49.04439163208008,101.04949951171875,94.4219970703125,130.1736297607422,55.816314697265625
2019-07-16,48.87470626831055,100.49500274658203,95.4333724975586,128.46800231933594,54.983558654785156
2019-07-17,48.599857330322266,99.60150146484375,94.49662780761719,127.7088623046875,54.65770721435547
2019-07-18,49.151947021484375,98.8949966430664,95.06033325195312,127.84945678710938,54.194244384765625
2019-07-19,48.418216705322266,98.22599792480469,94.1235580444336,128.03689575195312,54.30287551879883
2019-07-22,49.5247802734375,99.28150177001953,94.72872924804688,129.73313903808594,54.360801696777344
2019-07-23,49.91194534301758,99.72450256347656,96.4613265991211,130.53915405273438,54.578060150146484
2019-07-24,49.871315002441406,100.04049682617188,96.85093688964844,131.8792724609375,54.57080078125
2019-07-25,49.47697448730469,98.69100189208984,95.9224853515625,131.3826141357422,54.259429931640625
2019-07-26,49.6490592956543,97.15249633789062,96.34527587890625,132.4603271484375,54.17252731323242
2019-07-29,50.112693786621094,95.62249755859375,96.03853607177734,132.16981506347656,54.55632400512695
2019-07-30,49.89760971069336,94.92649841308594,95.82298278808594,131.5325469970703,54.56355667114258
2019-07-31,50.91571807861328,93.33899688720703,96.16290283203125,127.7088623046875,53.84667205810547
2019-08-01,49.813961029052734,92.76599884033203,93.62616729736328,129.38641357421875,52.4708137512207
2019-08-02,48.759986877441406,91.16200256347656,93.61788177490234,128.29931640625,51.95668029785156
2019-08-05,46.2075080871582,88.25650024414062,90.83248901367188,123.90393829345703,50.892189025878906
2019-08-06,47.08222198486328,89.3915023803711,91.54541778564453,126.2281723022461,51.3846321105957
2019-08-07,47.56978225708008,89.66999816894531,89.55582427978516,126.78112030029297,51.051517486572266
2019-08-08,48.618980407714844,91.64450073242188,91.07286834716797,130.1642608642578,52.412879943847656
2019-08-09,48.218326568603516,90.37899780273438,90.973388671875,129.05841064453125,51.297725677490234
2019-08-12,48.09598159790039,89.24600219726562,89.26569366455078,127.259033203125,51.04844284057617
2019-08-13,50.13277053833008,91.21700286865234,90.64179992675781,129.89251708984375,51.67893600463867
2019-08-14,48.640567779541016,88.14800262451172,86.8781967163086,125.98089599609375,49.59683609008789
2019-08-15,48.39826965332031,88.80599975585938,87.20977020263672,125.69877624511719,49.3035774230957
2019-08-16,49.54019546508789,89.62850189208984,89.2988510131836,128.00253295898438,50.07337188720703
2019-08-19,50.463836669921875,90.80599975585938,90.10298156738281,130.14637756347656,50.9164924621582
2019-08-20,50.46622848510742,90.06900024414062,88.95895385742188,129.06503295898438,50.608558654785156
2019-08-21,51.013221740722656,91.177001953125,89.20764923095703,130.50367736816406,51.11443328857422
2019-08-22,50.97004699707031,90.23300170898438,90.12783813476562,129.553955078125,51.00444793701172
2019-08-23,48.61418914794922,87.48100280761719,87.88957214355469,125.4261245727539,49.47952651977539
2019-08-26,49.53780746459961,88.44349670410156,88.59420776367188,127.3631362915039,49.743473052978516
2019-08-27,48.97883224487305,88.09149932861328,87.6574478149414,127.63581085205078,49.25959014892578
2019-08-28,49.307491302490234,88.2125015258789,88.53617095947266,127.46649169921875,49.61882781982422
2019-08-29,50.142364501953125,89.31999969482422,90.54235076904297,129.87368774414062,50.16868209838867
2019-08-30,50.077598571777344,88.81449890136719,91.07286834716797,129.62918090820312,50.205345153808594
2019-09-03,49.34828567504883,89.49199676513672,89.99519348144531,127.91789245605469,50.26399230957031
2019-09-04,50.185550689697266,90.03099822998047,91.0811767578125,129.41294860839844,50.79917526245117
2019-09-05,51.166751861572266,92.03600311279297,93.15365600585938,131.68849182128906,51.51764678955078
2019-09-06,51.161949157714844,91.67549896240234,93.35260009765625,130.795166015625,52.00154113769531
2019-09-09,51.38027572631836,91.56749725341797,95.66551971435547,129.30950927734375,52.41208267211914
2019-09-10,51.987239837646484,91.02749633789062,96.88410949707031,127.95552825927734,52.8372917175293
2019-09-11,53.640167236328125,91.14949798583984,97.14936828613281,127.99308776855469,52.73467254638672
2019-09-12,53.52021408081055,92.17749786376953,97.74626159667969,129.30950927734375,52.771324157714844
2019-09-13,52.47904586791992,91.96700286865234,99.6695327758789,129.1214599609375,53.255184173583984
2019-09-16,52.75491714477539,90.39199829101562,98.7824935913086,128.19056701660156,54.0543212890625
2019-09-17,52.946842193603516,91.12750244140625,98.29337310791016,129.1873016357422,53.643760681152344
2019-09-18,53.44345474243164,90.87300109863281,99.27989196777344,130.2498321533203,53.38715744018555
2019-09-19,53.00922393798828,91.07499694824219,98.96488189697266,132.64755249023438,53.02791213989258
2019-09-20,52.234336853027344,89.70800018310547,98.56696319580078,131.11488342285156,52.844635009765625
2019-09-23,52.471824645996094,89.26499938964844,98.55040740966797,130.83274841308594,52.881282806396484
2019-09-24,52.22233963012695,87.08049774169922,97.26544952392578,129.1779022216797,52.15549087524414
2019-09-25,53.0260124206543,88.41649627685547,97.82086181640625,131.0396728515625,52.30944061279297
2019-09-26,52.75252151489258,86.99199676513672,97.01673889160156,131.20887756347656,52.03084945678711
2019-09-27,52.495826721191406,86.27249908447266,97.5887451171875,129.50698852539062,52.40473937988281
2019-09-30,53.731327056884766,86.79550170898438,97.56388092041016,130.7293701171875,51.766929626464844
2019-10-01,53.88007736206055,86.78250122070312,95.78984832763672,128.88638305664062,50.54991149902344
2019-10-02,52.52941131591797,85.6614990234375,93.88316345214844,126.61085510253906,49.23025894165039
2019-10-03,52.97563552856445,86.22100067138672,93.74945068359375,128.14349365234375,49.83876037597656
2019-10-04,54.46063232421875,86.98249816894531,95.78003692626953,129.87368774414062,50.5645637512207
2019-10-07,54.472633361816406,86.63300323486328,95.57113647460938,128.9333953857422,49.86809158325195
2019-10-08,53.8344841003418,85.27549743652344,93.44027709960938,127.56996154785156,48.900360107421875
2019-10-09,54.46544647216797,86.09950256347656,94.11714172363281,129.98648071289062,49.44287109375
2019-10-10,55.199546813964844,86.01300048828125,95.43743896484375,130.795166015625,50.03671646118164
2019-10-11,56.66775894165039,86.59600067138672,97.05018615722656,131.3405303955078,50.571903228759766
2019-10-14,56.586181640625,86.82150268554688,97.30925750732422,131.2183074951172,50.718536376953125
2019-10-15,56.45425796508789,88.36900329589844,100.24231719970703,133.1177215576172,50.894493103027344
2019-10-16,56.2263298034668,88.87149810791016,100.0083236694336,132.02696228027344,50.022056579589844
2019-10-17,56.44464874267578,89.3740005493164,100.5682144165039,131.34994506835938,49.95608139038086
2019-10-18,56.71574401855469,87.87550354003906,100.74369812011719,129.20606994628906,49.5675048828125
2019-10-21,57.69934844970703,89.28299713134766,103.24224090576172,130.16513061523438,50.39594268798828
2019-10-22,57.56740188598633,88.2864990234375,104.27840423583984,128.22816467285156,50.65254592895508
2019-10-23,58.33988952636719,88.1084976196289,104.55415344238281,129.04624938964844,51.13642501831055
2019-10-24,58.43585968017578,89.03900146484375,104.47895812988281,131.58502197265625,50.65254592895508
2019-10-25,59.15556335449219,88.06649780273438,105.31460571289062,132.327880859375,50.76986312866211
2019-10-28,59.74811935424805,88.85399627685547,105.71569061279297,135.58132934570312,50.3226432800293
2019-10-29,58.36628341674805,88.135498046875,105.64884185791016,134.302490234375,50.17600631713867
2019-10-30,58.35908889770508,88.99949645996094,105.06391143798828,135.9761962890625,49.64815902709961
2019-10-31,59.678550720214844,88.83300018310547,104.38704681396484,134.8102264404297,49.538185119628906
2019-11-01,61.37228012084961,89.5719985961914,106.7936782836914,135.1393280029297,51.02644348144531
2019-11-04,61.775325775146484,90.23300170898438,107.64600372314453,135.91976928710938,52.54405212402344
2019-11-05,61.68656539916992,90.08550262451172,107.8800048828125,135.83514404296875,53.58510971069336
2019-11-06,61.71293258666992,89.78849792480469,108.047119140625,135.45904541015625,52.41208267211914
2019-11-07,62.42518997192383,89.41000366210938,108.63204956054688,135.64707946777344,53.526458740234375
2019-11-08,62.59603500366211,89.29399871826172,108.94960021972656,137.24557495117188,52.50992965698242
2019-11-11,63.09172058105469,88.5824966430664,108.56521606445312,137.38665771484375,52.19089126586914
2019-11-12,63.033973693847656,88.9000015258789,107.93013763427734,138.2893524169922,51.471168518066406
2019-11-13,63.637943267822266,87.65550231933594,107.36190032958984,138.51499938964844,51.048240661621094
2019-11-14,63.197593688964844,87.7300033569336,107.46216583251953,139.2202606201172,50.82563400268555
2019-11-15,63.9483528137207,86.97450256347656,108.23932647705078,141.01617431640625,51.33760452270508
2019-11-18,64.27075958251953,87.62650299072266,109.15013885498047,141.36412048339844,50.84048080444336
2019-11-19,64.07586669921875,87.6395034790039,109.11672973632812,141.4111785888672,50.32109832763672
2019-11-20,63.32992935180664,87.27649688720703,108.3228759765625,141.16580200195312,50.476905822753906
2019-11-21,63.04600143432617,86.7354965209961,108.57356262207031,141.03372192382812,51.69375991821289
2019-11-22,62.99065017700195,87.28600311279297,109.29219818115234,141.1374969482422,51.471168518066406
2019-11-25,64.09510803222656,88.69200134277344,109.87712860107422,142.684814453125,51.129859924316406
2019-11-26,63.594642639160156,89.84700012207031,110.02755737304688,143.43963623046875,51.00371170043945
2019-11-27,64.4488296508789,90.92549896240234,110.35345458984375,143.71328735351562,50.97402572631836
2019-11-29,64.30686950683594,90.04000091552734,110.10275268554688,142.82635498046875,50.551109313964844
2019-12-02,63.56333923339844,89.08000183105469,109.86044311523438,141.09979248046875,50.76628875732422
2019-12-03,62.43001174926758,88.49800109863281,108.44822692871094,140.87332153320312,50.3656120300293
2019-12-04,62.981021881103516,88.03450012207031,110.58741760253906,141.3828125,50.93693542480469
2019-12-05,63.90501403808594,87.02400207519531,111.1890869140625,141.45828247070312,50.758872985839844
2019-12-06,65.13945770263672,87.58000183105469,112.84362030029297,143.17543029785156,51.57505416870117
2019-12-09,64.22747802734375,87.47550201416016,112.31716918945312,142.80751037597656,51.686344146728516
2019-12-10,64.60285949707031,86.96050262451172,112.39239501953125,142.59054565429688,51.24114227294922
2019-12-11,65.15386962890625,87.43599700927734,112.1249771118164,143.1282958984375,51.166961669921875
2019-12-12,65.31991577148438,88.0165023803711,115.33383178710938,144.581298828125,52.19089126586914
2019-12-13,66.20780944824219,88.0469970703125,114.32268524169922,145.79837036132812,51.36729431152344
2019-12-16,67.34115600585938,88.46050262451172,114.76557922363281,146.7418670654297,51.93861389160156
2019-12-17,67.4735107421875,89.53299713134766,115.46749877929688,145.94931030273438,51.70119857788086
2019-12-18,67.3122787475586,89.20149993896484,115.35052490234375,145.64739990234375,51.842166900634766
2019-12-19,67.37965393066406,89.61399841308594,114.77396392822266,146.91171264648438,51.48601531982422
2019-12-20,67.2400894165039,89.32499694824219,114.68204498291016,148.51565551757812,51.89409637451172
2019-12-23,68.33733367919922,89.6500015258789,114.64860534667969,148.51565551757812,52.153785705566406
2019-12-24,68.40230560302734,89.46050262451172,114.96615600585938,148.4873504638672,51.95344924926758
2019-12-26,69.75943756103516,93.4384994506836,116.1861572265625,149.70448303222656,52.03506851196289
2019-12-27,69.73294067382812,93.48999786376953,116.26972961425781,149.97804260253906,51.85699462890625
2019-12-30,70.1468505859375,92.34449768066406,115.84353637695312,148.6854705810547,51.55278396606445
2019-12-31,70.65934753417969,92.39199829101562,116.48699188232422,148.78929138183594,51.7753791809082
2020-01-02,72.27153015136719,94.90049743652344,117.89922332763672,151.5442657470703,52.60641860961914
2020-01-03,71.56893920898438,93.74849700927734,116.34337615966797,149.65724182128906,52.1834831237793
2020-01-06,72.13920593261719,95.14399719238281,116.2508544921875,150.0440673828125,52.584136962890625
2020-01-07,71.79991912841797,95.34300231933594,114.2745132446289,148.67604064941406,52.153785705566406
2020-01-08,72.95490264892578,94.59850311279297,115.16596221923828,151.044189453125,51.36729431152344
2020-01-09,74.50454711914062,95.05249786376953,115.58647155761719,152.93118286132812,51.76054000854492
2020-01-10,74.67298126220703,94.15799713134766,114.4343032836914,152.22357177734375,51.30051040649414
2020-01-13,76.268310546875,94.56500244140625,115.38462829589844,154.053955078125,51.790225982666016
2020-01-14,75.23844146728516,93.47200012207031,116.73020935058594,152.96893310546875,51.345027923583984
2020-01-15,74.91600036621094,93.10099792480469,114.98094940185547,153.95957946777344,51.26340866088867
2020-01-16,75.85444641113281,93.89700317382812,115.42667388916016,156.7806396484375,51.06308364868164
2020-01-17,76.69422912597656,93.23600006103516,116.22562408447266,157.6581268310547,50.87016677856445
2020-01-21,76.17447662353516,94.5999984741211,115.08187103271484,157.09201049804688,50.143028259277344
2020-01-22,76.44638061523438,94.37300109863281,114.94731903076172,156.33726501464844,49.8536491394043
2020-01-23,76.8145523071289,94.22899627685547,114.82952880859375,157.29959106445312,49.542022705078125
2020-01-24,76.59315490722656,93.08200073242188,111.97858428955078,155.71450805664062,49.208126068115234
2020-01-27,74.34092712402344,91.41699981689453,111.03667449951172,153.11048889160156,48.035797119140625
2020-01-28,76.44397735595703,92.6624984741211,113.0550537109375,156.1107940673828,47.96902084350586
2020-01-29,78.04412078857422,92.9000015258789,112.88687133789062,158.54501342773438,47.5683479309082
2020-01-30,77.93102264404297,93.53399658203125,114.28292083740234,163.01715087890625,48.07289123535156
2020-01-31,74.47566986083984,100.43599700927734,111.31419372558594,160.61123657226562,46.09181213378906
2020-02-03,74.27113342285156,100.20999908447266,112.1635971069336,164.52676391601562,45.06045913696289
2020-02-04,76.72307586669922,102.4834976196289,113.77830505371094,169.94244384765625,44.49656295776367
2020-02-05,77.34872436523438,101.99349975585938,115.71263885498047,169.73483276367188,46.54441833496094
2020-02-06,78.25347900390625,102.5114974975586,115.72943115234375,173.25411987304688,45.91373825073242
2020-02-07,77.18980407714844,103.96399688720703,115.35940551757812,173.49940490722656,45.60951614379883
2020-02-10,77.55640411376953,106.69550323486328,115.83877563476562,178.03762817382812,45.12783432006836
2020-02-11,77.0884780883789,107.54000091552734,116.05742645263672,174.018310546875,45.55683135986328
2020-02-12,78.91918182373047,108.0,116.05742645263672,174.27305603027344,46.11378860473633
2020-02-13,78.35719299316406,107.49349975585938,115.95648193359375,173.32958984375,45.85789489746094
2020-02-14,78.37646484375,106.74349975585938,115.60328674316406,174.87693786621094,45.647159576416016
2020-02-18,76.94137573242188,107.78350067138672,114.0726547241211,176.65066528320312,45.0676383972168
2020-02-19,78.05569458007812,108.51100158691406,115.6285171508789,177.1804962158203,45.41384506225586
2020-02-20,77.25491333007812,107.65499877929688,115.6285171508789,174.47474670410156,45.05257034301758
2020-02-21,75.50624084472656,104.79850006103516,114.21561431884766,168.95913696289062,44.5031623840332
2020-02-24,71.91966247558594,100.4645004272461,111.14604187011719,161.67437744140625,42.41836166381836
2020-02-25,69.48361206054688,98.63700103759766,106.18413543701172,159.0063934326172,40.79267501831055
2020-02-26,70.58586120605469,98.97949981689453,106.50370788574219,160.99317932128906,39.89704895019531
2020-02-27,65.97178649902344,94.21499633789062,102.07164764404297,149.64976501464844,37.496150970458984
2020-02-28,65.93321228027344,94.1875,97.64799499511719,153.27322387695312,38.71540069580078
2020-03-02,72.07160949707031,97.69750213623047,102.19779968261719,163.4718780517578,40.55183792114258
2020-03-03,69.78266906738281,95.44950103759766,98.36285400390625,155.63839721679688,38.610042572021484
2020-03-04,73.01951599121094,98.79149627685547,100.79335021972656,161.35267639160156,39.452980041503906
2020-03-05,70.65098571777344,96.20149993896484,95.84828186035156,157.3035125732422,37.71441650390625
2020-03-06,69.71273040771484,95.05449676513672,90.89482879638672,152.85696411132812,35.893028259277344
2020-03-09,64.19898986816406,90.03050231933594,78.58265686035156,142.49742126464844,31.505189895629883
2020-03-10,68.82272338867188,94.59100341796875,84.68828582763672,152.24200439453125,32.671775817871094
2020-03-11,66.4324722290039,91.04299926757812,80.70193481445312,145.3451690673828,31.595508575439453
2020-03-12,59.87195587158203,83.83049774169922,74.04969024658203,131.56089782714844,27.982872009277344
2020-03-13,67.04512023925781,89.25,87.38788604736328,150.26473999023438,28.690349578857422
2020-03-16,58.419960021972656,84.4574966430664,74.31037902832031,128.11715698242188,25.958290100097656
2020-03-17,60.98868179321289,90.39199829101562,78.85174560546875,138.66587829589844,27.704404830932617
2020-03-18,59.49568557739258,91.5,70.55113220214844,132.8285675048828,24.927183151245117
2020-03-19,59.03983688354492,94.04650115966797,71.7369613647461,135.0140838623047,25.91313362121582
2020-03-20,55.291656494140625,92.30449676513672,70.22314453125,129.94308471679688,24.64118766784668
2020-03-23,54.11702346801758,95.1415023803711,66.4638900756836,128.64694213867188,23.670291900634766
2020-03-24,59.54633712768555,97.00499725341797,74.36927032470703,140.34039306640625,26.673294067382812
2020-03-25,59.21831130981445,94.29199981689453,77.14453887939453,138.99697875976562,28.065662384033203
2020-03-26,62.334571838378906,97.77449798583984,82.51850891113281,147.69142150878906,29.217191696166992
2020-03-27,59.75376892089844,95.00499725341797,76.63993835449219,141.62705993652344,27.809764862060547
2020-03-30,61.45901870727539,98.19750213623047,78.63309478759766,151.5892333984375,28.223718643188477
2020-03-31,61.333595275878906,97.48600006103516,75.71482849121094,149.20510864257812,28.577451705932617
2020-04-01,58.106407165527344,95.38500213623047,70.94640350341797,143.90711975097656,28.24629020690918
2020-04-02,59.07600784301758,95.94149780273438,73.59555053710938,146.8872528076172,30.406347274780273
2020-04-03,58.22700119018555,95.32949829101562,71.42023468017578,145.5343780517578,29.510711669921875
2020-04-06,63.30659484863281,99.87950134277344,76.01728820800781,156.357421875,30.459033966064453
2020-04-07,62.573333740234375,100.58000183105469,77.01998138427734,154.67343139648438,31.038564682006836
2020-04-08,64.1749038696289,102.1500015258789,80.12998962402344,156.2249755859375,33.002925872802734
2020-04-09,64.63797760009766,102.13800048828125,87.31876373291016,156.2344207763672,32.461036682128906
2020-04-13,65.90667724609375,108.44349670410156,83.43547058105469,156.58445739746094,32.182559967041016
2020-04-14,69.23516082763672,114.16600036621094,81.149658203125,164.33282470703125,31.934202194213867
2020-04-15,68.60324096679688,115.38400268554688,77.14742279052734,162.6109619140625,30.466556549072266
2020-04-16,69.1483383178711,120.40950012207031,74.20735168457031,167.49270629882812,29.46556282043457
2020-04-17,68.21007537841797,118.75,80.87775421142578,168.9685821533203,32.52877426147461
2020-04-20,66.79425811767578,119.68049621582031,77.92918395996094,165.61947631835938,30.99340057373047
2020-04-21,64.72962951660156,116.40599822998047,75.66891479492188,158.76991271972656,30.827831268310547
2020-04-22,66.59407806396484,118.17449951171875,75.9153060913086,164.16253662109375,31.708406448364258
2020-04-23,66.33599090576172,119.97250366210938,75.95780181884766,162.17576599121094,32.701881408691406
2020-04-24,68.2510986328125,120.51100158691406,77.07946014404297,165.13699340820312,32.91261672973633
2020-04-27,68.2993392944336,118.80000305175781,80.40193176269531,164.66392517089844,33.070674896240234
2020-04-28,67.19223022460938,115.7040023803711,80.97123718261719,160.65255737304688,33.84587860107422
2020-04-29,69.39918518066406,118.635498046875,83.15508270263672,167.86167907714844,35.71992874145508
2020-04-30,70.86320495605469,123.69999694824219,81.37064361572266,169.5457000732422,34.97483444213867
2020-05-01,69.72236633300781,114.302001953125,79.23778533935547,165.1559295654297,32.468563079833984
2020-05-04,70.70887756347656,115.79949951171875,78.2945556640625,169.19564819335938,33.77814483642578
2020-05-05,71.77012634277344,115.88999938964844,78.17561340332031,171.01210021972656,33.74051284790039
2020-05-06,72.5106201171875,117.56300354003906,76.70556640625,172.69610595703125,33.10829544067383
2020-05-07,73.2607192993164,118.38050079345703,77.50432586669922,173.69894409179688,33.29645538330078
2020-05-08,75.00442504882812,118.98049926757812,78.77042388916016,174.72068786621094,34.75656509399414
2020-05-11,76.18468475341797,120.44999694824219,76.4506607055664,176.6696014404297,34.42540740966797
2020-05-12,75.31400299072266,117.84750366210938,73.95242309570312,172.66770935058594,33.849979400634766
2020-05-13,74.40467834472656,118.39600372314453,71.40322875976562,170.0565643310547,32.169761657714844
2020-05-14,74.86177062988281,119.44249725341797,74.36878967285156,170.79449462890625,32.45362854003906
2020-05-15,74.4191665649414,120.48899841308594,72.99222564697266,173.28262329101562,32.223472595214844
2020-05-18,76.17255401611328,121.31300354003906,76.85852813720703,174.93832397460938,34.786006927490234
2020-05-19,75.73243713378906,122.46649932861328,75.34600830078125,173.7273406982422,33.71189498901367
2020-05-20,77.20529174804688,124.89700317382812,77.6063003540039,176.13702392578125,34.80902099609375
2020-05-21,76.62968444824219,122.33699798583984,76.62061309814453,174.0214080810547,34.18756103515625
2020-05-22,77.123046875,121.84400177001953,76.02577209472656,174.09732055664062,34.2182502746582
2020-05-26,76.60065460205078,121.09300231933594,81.42158508300781,172.2568359375,35.223323822021484
2020-05-27,76.93440246582031,120.51950073242188,86.13763427734375,172.4845428466797,35.47651290893555
2020-05-28,76.96826934814453,120.05500030517578,84.85454559326172,172.09556579589844,34.55584716796875
2020-05-29,76.8932876586914,122.11849975585938,82.68769836425781,173.85067749023438,34.885746002197266
2020-06-01,77.83891296386719,123.552001953125,83.78384399414062,173.45220947265625,35.5071907043457
2020-06-02,78.1992416381836,123.62049865722656,84.0643081665039,175.42550659179688,36.29743957519531
2020-06-03,78.62974548339844,123.91999816894531,88.60185241699219,175.85244750976562,37.77818298339844
2020-06-04,77.95255279541016,123.02999877929688,90.44578552246094,173.53756713867188,37.670780181884766
2020-06-05,80.1727523803711,124.1500015258789,94.51602172851562,177.5980682373047,40.72433090209961
2020-06-08,80.6467514038086,126.2030029296875,96.40243530273438,178.6985626220703,41.99791717529297
2020-06-09,83.19342041015625,130.04299926757812,93.92970275878906,180.06468200683594,41.0619010925293
2020-06-10,85.33378601074219,132.37249755859375,90.12287139892578,186.74359130859375,38.859981536865234
2020-06-11,81.23686981201172,127.89800262451172,82.60272979736328,176.71578979492188,35.430477142333984
2020-06-12,81.93822479248047,127.2509994506836,84.86302947998047,178.11038208007812,36.190025329589844
2020-06-15,82.95159912109375,128.63400268554688,86.03568267822266,179.248779296875,36.16700744628906
2020-06-16,85.14997863769531,130.7635040283203,86.72393035888672,183.64134216308594,36.98026657104492
2020-06-17,85.03148651123047,132.0489959716797,84.53164672851562,184.2769775390625,35.77572250366211
2020-06-18,85.06534576416016,132.69900512695312,84.07278442382812,186.25030517578125,35.99821472167969
2020-06-19,84.57923126220703,133.75050354003906,83.11258697509766,185.1403045654297,35.27703094482422
2020-06-22,86.79212951660156,135.6909942626953,82.21185302734375,190.2823028564453,35.61460494995117
2020-06-23,88.64469146728516,138.2205047607422,83.21454620361328,191.55352783203125,35.829437255859375
2020-06-24,87.07992553710938,136.72000122070312,80.4358901977539,187.6923065185547,34.14154052734375
2020-06-25,88.23596954345703,137.72900390625,83.24003601074219,190.0640869140625,34.655574798583984
2020-06-26,85.52484893798828,134.64349365234375,78.67696380615234,186.25975036621094,33.46638488769531
2020-06-29,87.49591827392578,134.0189971923828,79.02533721923828,188.26153564453125,34.0034294128418
2020-06-30,88.22628784179688,137.9409942626953,79.92607116699219,193.07144165039062,34.310325622558594
2020-07-01,88.05941772460938,143.93499755859375,79.24626922607422,194.20040893554688,33.53542709350586
2020-07-02,88.05941772460938,144.51499938964844,79.5036849975586,195.680419921875,33.81930160522461
2020-07-06,90.4150390625,152.8520050048828,81.51144409179688,199.8926544189453,34.05714416503906
2020-07-07,90.13447570800781,150.00599670410156,79.21195983886719,197.56837463378906,33.174835205078125
2020-07-08,92.23370361328125,154.0554962158203,80.05280303955078,201.9134063720703,33.09811019897461
2020-07-09,92.63035583496094,159.13150024414062,78.31962585449219,203.32699584960938,31.73244285583496
2020-07-10,92.79239654541016,160.0,82.60113525390625,202.71034240722656,32.722171783447266
2020-07-13,92.36433410644531,155.1999969482422,83.7851791381836,196.44891357421875,32.72983169555664
2020-07-14,93.89279174804688,154.1999969482422,84.26567840576172,197.66317749023438,33.81163024902344
2020-07-15,94.5385513305664,150.44349670410156,85.5698471069336,197.3690948486328,34.24127197265625
2020-07-16,93.375244140625,149.9949951171875,85.81009674072266,193.46046447753906,33.97274398803711
2020-07-17,93.18660736083984,148.09849548339844,84.2227783203125,192.47378540039062,33.389652252197266
2020-07-20,95.150390625,159.8419952392578,83.48487854003906,200.7465057373047,32.607086181640625
2020-07-21,93.83716583251953,156.9145050048828,85.29529571533203,198.0426788330078,34.25661087036133
2020-07-22,94.1008071899414,154.99549865722656,84.67750549316406,200.8888397216797,33.458702087402344
2020-07-23,89.8176498413086,149.32749938964844,84.92634582519531,192.1511993408203,33.52776336669922
2020-07-24,89.59516906738281,150.44549560546875,84.32573699951172,190.97486877441406,33.32061004638672
2020-07-27,91.71858978271484,152.760498046875,83.14169311523438,193.39401245117188,33.81163024902344
2020-07-28,90.21186065673828,150.01649475097656,83.50204467773438,191.65789794921875,33.41266632080078
2020-07-29,91.94109344482422,151.67649841308594,85.52696228027344,193.59327697753906,33.780941009521484
2020-07-30,93.05358123779297,152.593994140625,83.24463653564453,193.4414825439453,32.12373352050781
2020-07-31,102.79525756835938,158.23399353027344,82.91859436035156,194.49453735351562,32.284847259521484
2020-08-03,105.38543701171875,155.59449768066406,82.45525360107422,205.43310546875,32.415279388427734
2020-08-04,106.0892333984375,156.94149780273438,81.98336029052734,202.3498077392578,33.351295471191406
2020-08-05,106.47377014160156,160.25149536132812,83.40763854980469,202.01776123046875,33.64282989501953
2020-08-06,110.18853759765625,161.25,83.43338775634766,205.2528533935547,33.48171615600586
2020-08-07,107.6833267211914,158.3730010986328,85.26953887939453,201.58135986328125,33.328269958496094
2020-08-10,109.24848175048828,157.4080047607422,86.35064697265625,197.56837463378906,34.149208068847656
2020-08-11,105.99943542480469,154.0334930419922,89.07913970947266,192.94813537597656,34.50212860107422
2020-08-12,109.52228546142578,158.11199951171875,88.3240966796875,198.46011352539062,34.49429702758789
2020-08-13,111.46053314208984,158.05099487304688,87.83500671386719,197.99525451660156,33.649356842041016
2020-08-14,111.3611831665039,157.4010009765625,87.86933135986328,198.18499755859375,33.79800796508789
2020-08-17,111.07042694091797,159.12049865722656,85.55269622802734,199.4942169189453,33.35988998413086
2020-08-18,111.99597930908203,165.62449645996094,84.36006164550781,200.64215087890625,33.195587158203125
2020-08-19,112.13652038574219,163.0240020751953,84.55740356445312,199.42486572265625,32.82788848876953
2020-08-20,114.62479400634766,164.86849975585938,83.54495239257812,204.0657958984375,32.327171325683594
2020-08-21,120.53167724609375,164.23599243164062,83.50204467773438,202.58221435546875,32.084632873535156
2020-08-24,121.97325897216797,165.3730010986328,85.8530044555664,203.2193603515625,33.03129196166992
2020-08-25,120.97262573242188,167.32449340820312,86.23052215576172,205.8632049560547,31.982927322387695
2020-08-26,122.61772918701172,172.09249877929688,85.02071380615234,210.3138427734375,31.302268981933594
2020-08-27,121.15192413330078,170.0,87.81783294677734,215.477783203125,31.09103775024414
2020-08-28,120.95567321777344,170.08999633789062,88.17823791503906,217.693603515625,31.834280014038086
2020-08-31,125.05752563476562,172.54800415039062,85.96454620361328,214.47923278808594,31.24750518798828
2020-09-01,130.03887939453125,174.95599365234375,85.9216537475586,216.13401794433594,30.848501205444336
2020-09-02,127.34471130371094,176.57249450683594,87.21723937988281,220.2993621826172,30.660737991333008
2020-09-03,117.14935302734375,168.39999389648438,86.94268798828125,206.65249633789062,30.59814453125
2020-09-04,117.22691345214844,164.7310028076172,88.82173919677734,203.751953125,30.574682235717773
2020-09-08,109.33814239501953,157.49200439453125,85.7328872680664,192.7298583984375,29.870561599731445
2020-09-09,113.69925689697266,163.4304962158203,86.54798126220703,200.9369659423828,29.69061279296875
2020-09-10,109.98745727539062,158.7554931640625,85.65565490722656,195.30702209472656,28.94736099243164
2020-09-11,108.54342651367188,155.81100463867188,86.71959686279297,194.03268432617188,28.869131088256836
2020-09-14,111.79975128173828,155.14849853515625,87.92082977294922,195.34507751464844,28.681360244750977
2020-09-15,111.97418212890625,157.80650329589844,85.18376159667969,198.54995727539062,28.376243591308594
2020-09-16,108.66942596435547,153.90499877929688,85.54412841796875,195.00271606445312,29.58107566833496
2020-09-17,106.93464660644531,150.43649291992188,84.56597900390625,192.96755981445312,29.573251724243164
2020-09-18,103.54269409179688,147.74549865722656,84.38581085205078,190.57106018066406,29.096019744873047
2020-09-21,106.68270874023438,148.02349853515625,81.77742004394531,192.6156768798828,28.501420974731445
2020-09-22,108.35929870605469,156.44949340820312,80.88508605957031,197.256591796875,27.797290802001953
2020-09-23,103.81404113769531,149.9929962158203,79.57232666015625,190.76123046875,26.905399322509766
2020-09-24,104.88009643554688,150.989501953125,79.5036849975586,193.23385620117188,26.85063934326172
2020-09-25,108.81480407714844,154.75650024414062,80.19869232177734,197.63697814941406,27.10099220275879
2020-09-28,111.4120864868164,158.70249938964844,82.5067367553711,199.17759704589844,27.62516975402832
2020-09-29,110.56892395019531,157.24400329589844,81.81175994873047,197.10443115234375,26.81934356689453
2020-09-30,112.23585510253906,157.43649291992188,82.60113525390625,200.02398681640625,26.858461380004883
2020-10-01,113.18560028076172,161.06300354003906,83.20173645019531,202.04965209960938,25.919631958007812
2020-10-02,109.5319595336914,156.25,83.9911117553711,196.08685302734375,25.802270889282227
2020-10-05,112.90454864501953,159.9600067138672,85.76637268066406,200.071533203125,26.396867752075195
2020-10-06,109.6676254272461,154.9980010986328,84.883056640625,195.82058715820312,26.12303924560547
2020-10-07,111.52838134765625,159.7845001220703,86.36389923095703,199.5485382080078,26.209102630615234
2020-10-08,111.42179107666016,159.52749633789062,88.13914489746094,200.26173400878906,27.586050033569336
2020-10-09,113.36006927490234,164.33250427246094,87.63687896728516,205.23548889160156,27.179229736328125
2020-10-12,120.56072998046875,172.14649963378906,88.71068572998047,210.55154418945312,27.093172073364258
2020-10-13,117.36257934570312,172.18150329589844,87.27316284179688,211.94009399414062,26.772401809692383
2020-10-14,117.4498062133789,168.1855010986328,86.78821563720703,210.0380401611328,26.717636108398438
2020-10-15,116.98463439941406,166.9324951171875,88.08717346191406,208.89686584472656,26.952342987060547
2020-10-16,115.34678649902344,163.635498046875,87.90532684326172,208.89686584472656,26.67851448059082
2020-10-19,112.40060424804688,160.36050415039062,86.42449951171875,203.72340393066406,26.14651107788086
2020-10-20,113.88338470458984,160.85049438476562,86.9181137084961,204.13232421875,26.36557388305664
2020-10-21,113.26312255859375,159.2469940185547,86.0521240234375,204.2750244140625,25.94310188293457
2020-10-22,112.17771911621094,158.82000732421875,89.09170532226562,204.36061096191406,27.273115158081055
2020-10-23,111.48960876464844,160.22000122070312,89.89705657958984,205.63490295410156,26.72545623779297
2020-10-26,111.49930572509766,160.3520050048828,87.6715087890625,199.78628540039062,26.091739654541016
2020-10-27,113.00148010253906,164.31649780273438,86.01750183105469,202.80093383789062,25.67709732055664
2020-10-28,107.76811218261719,158.13900756835938,83.60143280029297,192.74884033203125,24.699140548706055
2020-10-29,111.760986328125,160.55050659179688,84.14698791503906,194.68893432617188,25.794448852539062
2020-10-30,105.50035095214844,151.8074951171875,84.90037536621094,192.54916381835938,25.52062225341797
2020-11-02,105.41310119628906,150.2239990234375,86.8141860961914,192.41604614257812,26.592458724975586
2020-11-03,107.03157806396484,152.42050170898438,89.55067443847656,196.31509399414062,26.138687133789062
2020-11-04,111.40237426757812,162.05799865722656,86.8141860961914,205.7870330810547,25.99786376953125
2020-11-05,115.3564682006836,166.10000610351562,90.36470031738281,212.3489990234375,25.9509220123291
2020-11-06,115.22541809082031,165.56849670410156,89.1609878540039,212.75791931152344,25.645801544189453
2020-11-09,112.92460632324219,157.18699645996094,101.23271179199219,207.68910217285156,28.89260482788086
2020-11-10,112.5848159790039,151.75100708007812,100.90363311767578,200.6707000732422,29.53359603881836
2020-11-11,116.0020523071289,156.8695068359375,99.39683532714844,205.9392547607422,29.2291202545166
2020-11-12,115.73023986816406,155.51400756835938,98.17581176757812,204.88363647460938,28.227575302124023
2020-11-13,115.7787857055664,156.4405059814453,98.7906723022461,205.90118408203125,28.90862274169922
2020-11-16,116.78843688964844,156.55299377441406,101.5791244506836,206.5859375,30.5752010345459
2020-11-17,115.90498352050781,156.7830047607422,100.54859161376953,203.95167541503906,30.983821868896484
2020-11-18,114.58467102050781,155.2729949951172,99.8038558959961,201.26280212402344,29.81402587890625
2020-11-19,115.1768798828125,155.8509979248047,100.07230377197266,202.5404815673828,29.96625328063965
2020-11-20,113.91481018066406,154.97000122070312,99.21498107910156,200.60488891601562,29.597698211669922
2020-11-23,110.52669525146484,154.91949462890625,102.07270812988281,200.33792114257812,31.536685943603516
2020-11-24,111.80817413330078,155.9029998779297,106.79230499267578,203.91354370117188,33.63591766357422
2020-11-25,112.64305877685547,159.2534942626953,105.6751708984375,203.92300415039062,32.69847869873047
2020-11-27,113.18669128417969,159.76699829101562,104.97370910644531,205.21981811523438,32.20170974731445
2020-11-30,115.57491302490234,158.40199279785156,102.08135986328125,204.11376953125,30.55116081237793
2020-12-01,119.13777923583984,161.00399780273438,103.69209289550781,206.15419006347656,30.847620010375977
2020-12-02,119.4872817993164,160.17649841308594,105.68383026123047,205.35328674316406,32.00139617919922
2020-12-03,119.35135650634766,159.3365020751953,104.99105072021484,204.27587890625,32.21773910522461
2020-12-04,118.68148040771484,158.12899780273438,105.9436264038086,204.39022827148438,33.39554977416992
2020-12-07,120.1377182006836,157.89999389648438,105.54528045654297,204.32350158691406,32.77058029174805
2020-12-08,120.74934387207031,158.864501953125,105.64918518066406,205.96348571777344,33.84424591064453
2020-12-09,118.22522735595703,155.2100067138672,104.82652282714844,201.9493408203125,34.29292678833008
2020-12-10,119.6426010131836,155.07449340820312,104.15104675292969,200.72886657714844,35.26242446899414
2020-12-11,118.83684539794922,155.8209991455078,103.53619384765625,203.34136962890625,35.09416580200195
2020-12-14,118.22522735595703,157.84849548339844,102.44507598876953,204.23764038085938,33.828216552734375
2020-12-15,124.14716339111328,158.25599670410156,104.19435119628906,204.17095947265625,34.48523712158203
2020-12-16,124.07919311523438,162.04800415039062,104.49744415283203,209.08139038085938,35.01405715942383
2020-12-17,124.94322967529297,161.8040008544922,103.63147735595703,209.21490478515625,34.837772369384766
2020-12-18,122.96277618408203,160.08250427246094,103.12055969238281,208.42349243164062,34.23685836791992
2020-12-21,124.48694610595703,160.3090057373047,106.99147033691406,212.23751831054688,33.611881256103516
2020-12-22,128.03041076660156,160.3260040283203,105.3634262084961,213.52467346191406,33.04301452636719
2020-12-23,127.13726806640625,159.2635040283203,108.3077392578125,210.74049377441406,33.46765899658203
2020-12-24,128.11778259277344,158.63450622558594,107.83145904541016,212.39004516601562,33.331459045410156
2020-12-28,132.69996643066406,164.197998046875,108.54154968261719,214.49728393554688,33.443626403808594
2020-12-29,130.93313598632812,166.10000610351562,108.25578308105469,213.72491455078125,33.067054748535156
2020-12-30,129.8166961669922,164.29249572753906,108.55886840820312,211.36976623535156,33.331459045410156
2020-12-31,128.8167724609375,162.84649658203125,110.0396957397461,212.0753936767578,33.026981353759766
2021-01-04,125.63249969482422,159.3314971923828,109.00051879882812,207.5653839111328,33.251319885253906
2021-01-05,127.185791015625,160.92550659179688,109.59363555908203,207.76559448242188,34.85379409790039
2021-01-06,122.90449523925781,156.91900634765625,114.73970031738281,202.3783721923828,35.7431755065918
2021-01-07,127.09840393066406,158.10800170898438,118.50762939453125,208.13748168945312,36.02361297607422
2021-01-08,128.19544982910156,159.13499450683594,118.63848876953125,209.4055938720703,36.42421340942383
2021-01-11,125.21502685546875,155.7104949951172,120.4090576171875,207.3746795654297,37.529930114746094
2021-01-12,125.04029846191406,156.04150390625,122.30178833007812,204.93374633789062,38.36322021484375
2021-01-13,127.06930541992188,158.29449462890625,122.4151382446289,206.27816772460938,38.79587936401367
2021-01-14,125.1470947265625,156.37350463867188,123.13041687011719,203.11257934570312,40.31022644042969
2021-01-15,123.42877197265625,155.21249389648438,120.9237060546875,202.75978088378906,38.3712272644043
2021-01-19,124.09861755371094,156.03799438476562,120.40036010742188,206.37353515625,39.13240051269531
2021-01-20,128.176025390625,163.16900634765625,118.5948486328125,213.90609741210938,39.68526077270508
2021-01-21,132.87472534179688,165.34950256347656,117.60054016113281,214.50677490234375,38.5474967956543
2021-01-22,135.0105438232422,164.6114959716797,116.69343566894531,215.4412384033203,38.00266647338867
2021-01-25,138.74813842773438,164.6999969482422,115.23683166503906,218.85472106933594,37.57801055908203
2021-01-26,138.98110961914062,166.30650329589844,114.76586151123047,221.52447509765625,36.75272750854492
2021-01-27,137.91326904296875,161.62899780273438,111.52122497558594,222.06797790527344,36.33609390258789
2021-01-28,133.08831787109375,161.88099670410156,113.48370361328125,227.81752014160156,36.904972076416016
2021-01-29,128.10806274414062,160.30999755859375,112.22772216796875,221.1717071533203,35.92745590209961
2021-02-01,130.2244110107422,167.1439971923828,113.05633544921875,228.50405883789062,35.99156951904297
2021-02-02,131.04962158203125,169.0,116.53646087646484,228.3705596923828,36.56045150756836
2021-02-03,130.0302734375,165.62649536132812,117.87092590332031,231.69827270507812,37.99464416503906
2021-02-04,133.3795623779297,166.5500030517578,120.58349609375,230.75425720214844,38.723777770996094
2021-02-05,132.96633911132812,167.6074981689453,120.34799194335938,230.93540954589844,40.021785736083984
2021-02-08,133.11219787597656,166.14700317382812,122.23198699951172,231.19290161132812,41.74443817138672
2021-02-09,132.23712158203125,165.25,121.74356079101562,232.43243408203125,41.255531311035156
2021-02-10,131.6343536376953,164.32899475097656,121.81334686279297,231.52662658691406,41.654808044433594
2021-02-11,131.38157653808594,163.10650634765625,121.4731674194336,233.1189422607422,40.611812591552734
2021-02-12,131.61488342285156,163.885498046875,123.2001724243164,233.59567260742188,41.16590118408203
2021-02-16,129.49537658691406,163.44749450683594,126.16569519042969,232.36561584472656,42.404457092285156
2021-02-17,127.2105484008789,165.4320068359375,126.55819702148438,233.37872314453125,43.06447219848633
2021-02-18,126.11190795898438,166.4114990234375,126.98554229736328,232.98683166503906,42.3881721496582
2021-02-19,126.26747131347656,162.4949951171875,129.10508728027344,230.2917938232422,42.67335891723633
2021-02-22,122.50485229492188,159.03700256347656,130.31741333007812,224.11807250976562,44.246002197265625
2021-02-23,122.36871337890625,159.72500610351562,131.36407470703125,222.9330291748047,44.857147216796875
2021-02-24,121.87284088134766,157.97650146484375,133.6754608154297,224.1563262939453,46.201637268066406
2021-02-25,117.63380432128906,152.85800170898438,131.86122131347656,218.8426971435547,45.4356803894043
2021-02-26,117.89630126953125,154.64649963378906,128.36366271972656,222.08250427246094,44.30304718017578
2021-03-01,124.24515533447266,157.3070068359375,131.26812744140625,226.44041442871094,45.95717239379883
2021-03-02,121.64926147460938,154.72650146484375,130.84072875976562,223.5064697265625,45.68828582763672
2021-03-03,118.67411041259766,150.25,133.37014770507812,217.4760284423828,46.05495834350586
2021-03-04,116.79764556884766,148.8784942626953,131.32046508789062,216.682861328125,47.8394660949707
2021-03-05,118.05186462402344,150.0229949951172,131.62574768066406,221.33706665039062,49.64841842651367
2021-03-08,113.1322250366211,147.59750366210938,133.37014770507812,217.31356811523438,49.59952926635742
2021-03-09,117.73099517822266,153.1425018310547,132.4281463623047,223.42039489746094,48.83357238769531
2021-03-10,116.6518325805664,152.8820037841797,135.30650329589844,222.12063598632812,50.3328971862793
2021-03-11,118.57688903808594,155.67950439453125,134.59999084472656,226.62197875976562,49.958065032958984
2021-03-12,117.67269134521484,154.47450256347656,136.19613647460938,225.3031463623047,50.4958610534668
2021-03-15,120.55059051513672,154.08399963378906,135.51580810546875,224.40480041503906,49.208396911621094
2021-03-16,122.08675384521484,154.59300231933594,133.89346313476562,227.17628479003906,48.165401458740234
2021-03-17,121.2992172241211,156.7864990234375,135.27157592773438,226.53594970703125,48.37726593017578
2021-03-18,117.18656921386719,151.39950561523438,137.50445556640625,220.4960174560547,46.29126739501953
2021-03-19,116.66154479980469,153.7480010986328,135.31520080566406,220.1424102783203,46.030513763427734
2021-03-22,119.96722412109375,155.5435028076172,131.6780548095703,225.5325164794922,45.55790328979492
2021-03-23,119.14079284667969,156.875,130.36105346679688,227.0520477294922,44.995662689208984
2021-03-24,116.75875854492188,154.35350036621094,131.372802734375,225.0260009765625,45.908287048339844
2021-03-25,117.24488067626953,152.31300354003906,133.05616760253906,222.0442352294922,45.777915954589844
2021-03-26,117.84768676757812,152.60150146484375,135.27157592773438,226.0007781982422,47.024620056152344
2021-03-29,118.02271270751953,153.7864990234375,133.16954040527344,224.81573486328125,46.77201843261719
2021-03-30,116.57405090332031,152.76449584960938,134.73953247070312,221.57598876953125,46.19348907470703
2021-03-31,118.76163482666016,154.70399475097656,132.77708435058594,225.32223510742188,45.492713928222656
2021-04-01,119.58804321289062,158.0500030517578,134.06796264648438,231.61065673828125,46.76387023925781
2021-04-05,122.4076156616211,161.3365020751953,134.77859497070312,238.03289794921875,46.03866195678711
2021-04-06,122.70899963378906,161.1909942626953,133.8310546875,236.8765106201172,45.908287048339844
2021-04-07,124.35211181640625,163.96949768066406,135.92791748046875,238.82606506347656,46.11199951171875
2021-04-08,126.74388122558594,164.96499633789062,136.0946044921875,242.02761840820312,45.63123321533203
2021-04-09,129.3106689453125,168.61000061035156,137.1123504638672,244.51242065429688,45.52531433105469
2021-04-12,127.59949493408203,168.96949768066406,136.82278442382812,244.5697479248047,45.223812103271484
2021-04-13,130.70095825195312,170.0,135.19094848632812,247.0354461669922,45.39494705200195
2021-04-14,128.3675994873047,166.64999389648438,132.6641845703125,244.2639617919922,46.70683288574219
2021-04-15,130.76902770996094,168.95449829101562,133.5064239501953,248.00070190429688,46.42979431152344
2021-04-16,130.4384765625,169.9720001220703,134.4978485107422,249.18569946289062,46.16904067993164
2021-04-19,131.09962463378906,168.60049438476562,133.9275665283203,247.27439880371094,46.02236557006836
2021-04-20,129.41761779785156,166.7344970703125,130.96214294433594,246.81565856933594,45.052703857421875
2021-04-21,129.7967529296875,168.1009979248047,132.07635498046875,249.03282165527344,45.63123321533203
2021-04-22,128.280029296875,165.45199584960938,129.29510498046875,245.77395629882812,45.03640365600586
2021-04-23,130.59402465820312,167.04400634765625,131.769287109375,249.5775909423828,45.280860900878906
2021-04-26,130.98292541503906,170.4499969482422,132.09390258789062,249.9598846435547,45.3704833984375
2021-04-27,130.6620635986328,170.8715057373047,132.69927978515625,250.36123657226562,45.965328216552734
2021-04-28,129.87457275390625,172.9250030517578,133.55909729003906,243.27957153320312,47.350563049316406
2021-04-29,129.77731323242188,173.5655059814453,136.15603637695312,241.32044982910156,48.026878356933594
2021-04-30,127.81339263916016,173.37100219726562,134.94529724121094,241.00503540039062,46.64165496826172
2021-05-03,128.8634033203125,169.32449340820312,134.5504608154297,240.69927978515625,47.929100036621094
2021-05-04,124.30351257324219,165.593505859375,136.4104766845703,236.80960083007812,48.230594635009766
2021-05-05,124.54656982421875,163.52699279785156,138.20028686523438,235.548095703125,49.68101119995117
2021-05-06,126.14107513427734,165.31849670410156,140.9814910888672,238.66363525390625,50.153621673583984
2021-05-07,126.81307983398438,164.58050537109375,141.46401977539062,241.27264404296875,50.87068557739258
2021-05-10,123.5407485961914,159.52450561523438,141.44647216796875,236.22662353515625,50.992923736572266
2021-05-11,122.62528228759766,161.19549560546875,139.0951690673828,235.3187255859375,49.371376037597656
2021-05-12,119.5671615600586,157.5970001220703,138.1388397216797,228.4091339111328,49.63591766357422
2021-05-13,121.70978546142578,158.07350158691406,141.692138671875,232.26051330566406,49.02415466308594
2021-05-14,124.12507629394531,161.14500427246094,143.8942413330078,237.15365600585938,50.23942565917969
2021-05-17,122.97586822509766,163.51950073242188,144.47332763671875,234.31529235839844,51.413352966308594
2021-05-18,121.59290313720703,161.61399841308594,142.43788146972656,232.3083038330078,49.95832824707031
2021-05-19,121.43708038330078,161.58999633789062,141.34994506835938,232.883056640625,48.759605407714844
2021-05-20,123.98871612548828,162.38400268554688,141.1042938232422,236.10162353515625,48.64386749267578
2021-05-21,122.15777587890625,160.1540069580078,142.7098388671875,234.84669494628906,48.71001052856445
2021-05-24,123.78421020507812,162.24949645996094,143.48194885253906,240.22056579589844,49.280433654785156
2021-05-25,123.58941650390625,162.95249938964844,141.9992218017578,241.12095642089844,48.16436767578125
2021-05-26,123.5407485961914,163.25799560546875,141.9816131591797,240.900634765625,48.726531982421875
2021-05-27,122.0116958618164,161.5054931640625,144.1925811767578,238.81240844726562,48.412384033203125
2021-05-28,121.35916900634766,161.15350341796875,144.09603881835938,239.16680908203125,48.25531005859375
2021-06-01,121.03777313232422,160.9324951171875,145.6840362548828,236.9828338623047,49.98313522338867
2021-06-02,121.79740905761719,161.69949340820312,145.69284057617188,236.8870391845703,50.37996292114258
2021-06-03,120.31707000732422,159.35049438476562,145.7893524169922,235.36398315429688,50.578372955322266
2021-06-04,122.60577392578125,160.31100463867188,146.0261993408203,240.23011779785156,50.80158996582031
2021-06-07,122.61552429199219,159.90049743652344,145.3419189453125,243.12295532226562,50.47091293334961
2021-06-08,123.43360900878906,163.20550537109375,144.76283264160156,241.9351348876953,51.36376190185547
2021-06-09,123.81342315673828,164.0574951171875,142.95547485351562,242.9121856689453,51.79365539550781
2021-06-10,122.82005310058594,167.4824981689453,140.72706604003906,246.4084930419922,51.876319885253906
2021-06-11,124.02767181396484,167.3415069580078,140.63052368164062,247.03114318847656,51.39682388305664
2021-06-14,127.0760269165039,169.19349670410156,138.244140625,248.94692993164062,51.31415939331055
2021-06-15,126.25792694091797,169.156494140625,136.14724731445312,247.48135375976562,53.18253707885742
2021-06-16,126.754638671875,170.7624969482422,137.1035919189453,246.54261779785156,52.99238586425781
2021-06-17,128.35183715820312,174.46200561523438,133.146728515625,249.9143829345703,51.24802017211914
2021-06-18,127.05655670166016,174.34500122070312,129.7777099609375,248.50631713867188,49.93354797363281
2021-06-21,128.8485565185547,172.697998046875,131.97984313964844,251.5715789794922,51.744041442871094
2021-06-22,130.4846954345703,175.27200317382812,131.78684997558594,254.33035278320312,52.73611068725586
2021-06-23,130.21200561523438,175.1909942626953,132.585205078125,254.1003875732422,53.12465286254883
2021-06-24,129.9296112060547,172.45399475097656,133.80470275878906,255.46063232421875,53.339603424072266
2021-06-25,129.637451171875,170.072998046875,135.1558380126953,253.86085510253906,53.45535659790039
2021-06-28,131.2638702392578,172.1945037841797,135.4015350341797,257.40521240234375,52.091270446777344
2021-06-29,132.7734375,172.40699768066406,135.23484802246094,259.9723205566406,51.76885223388672
2021-06-30,133.38697814941406,172.00799560546875,136.46315002441406,259.4933166503906,52.14914321899414
2021-07-01,133.6888885498047,171.64849853515625,137.81423950195312,260.1638488769531,52.29794692993164
2021-07-02,136.30874633789062,175.5489959716797,137.68186950683594,265.95904541015625,52.223533630371094
2021-07-06,138.3149871826172,183.78700256347656,135.3699951171875,265.96875,50.73545837402344
2021-07-07,140.7984619140625,184.82899475097656,135.52877807617188,268.1430358886719,49.941802978515625
2021-07-08,139.5031280517578,186.57049560546875,133.19041442871094,265.7388916015625,49.71859359741211
2021-07-09,141.3243865966797,185.9669952392578,137.4524383544922,266.23687744140625,50.61971664428711
2021-07-12,140.73023986816406,185.92750549316406,139.42018127441406,265.64300537109375,50.57011413574219
2021-07-13,141.84054565429688,183.8679962158203,137.34654235839844,269.1489562988281,50.33037185668945
2021-07-14,145.25901794433594,184.08399963378906,136.8788604736328,270.614501953125,49.21430206298828
2021-07-15,144.60646057128906,181.55999755859375,137.17889404296875,269.1967468261719,48.73481369018555
2021-07-16,142.57093811035156,178.68150329589844,134.0463409423828,268.92864990234375,47.38726043701172
2021-07-19,138.73374938964844,177.47950744628906,129.68727111816406,265.3460998535156,45.758628845214844
2021-07-20,142.3372039794922,178.6595001220703,132.1050567626953,267.558837890625,46.2629280090332
2021-07-21,141.6068115234375,179.25999450683594,134.88462829589844,269.55120849609375,47.75101852416992
2021-07-22,142.9702606201172,181.90150451660156,133.1815948486328,274.0916748046875,47.21364974975586
2021-07-23,144.68435668945312,182.83200073242188,132.9256591796875,277.4730224609375,47.15578079223633
2021-07-26,145.10316467285156,184.99099731445312,133.81690979003906,276.8791198730469,48.34624481201172
2021-07-27,142.9410858154297,181.3195037841797,133.6404571533203,274.4748229980469,47.80888748168945
2021-07-28,141.19775390625,181.51600646972656,133.8610382080078,274.1683349609375,48.13132095336914
2021-07-29,141.84054565429688,179.99600219726562,135.00819396972656,274.4364013671875,48.71826934814453
2021-07-30,142.0548095703125,166.37950134277344,133.93165588378906,272.9134521484375,47.593936920166016
2021-08-02,141.7236785888672,166.57400512695312,133.39337158203125,272.8272399902344,47.602210998535156
2021-08-03,143.51568603515625,168.31199645996094,134.9110870361328,275.03033447265625,48.11477279663086
2021-08-04,143.11634826660156,167.73599243164062,133.4551544189453,274.4461364746094,46.990440368652344
2021-08-05,143.2235107421875,168.79949951171875,135.1405029296875,277.329345703125,47.288055419921875
2021-08-06,142.54071044921875,167.2469940185547,138.97900390625,277.2718200683594,47.83369445800781
2021-08-09,142.49195861816406,167.093505859375,138.82904052734375,276.18939208984375,47.288055419921875
2021-08-10,142.0140380859375,166.03399658203125,140.5320281982422,274.3790283203125,48.09823989868164
2021-08-11,142.26766967773438,164.60549926757812,142.20863342285156,274.8675537109375,48.23878479003906
2021-08-12,145.22303771972656,165.1750030517578,142.76455688476562,277.60711669921875,48.129676818847656
2021-08-13,145.4278106689453,164.69850158691406,141.16737365722656,280.51910400390625,47.6429328918457
2021-08-16,147.39808654785156,164.94949340820312,140.24081420898438,282.1954345703125,46.94636535644531
2021-08-17,146.4910125732422,162.09800720214844,138.54661560058594,280.7393798828125,46.62746810913086
2021-08-18,142.75531005859375,160.06100463867188,137.2847900390625,279.0215148925781,45.64557647705078
2021-08-19,143.08697509765625,159.3874969482422,136.13763427734375,284.8182373046875,44.25244140625
2021-08-20,144.54022216796875,159.99749755859375,136.5259246826172,292.1025695800781,44.260841369628906
2021-08-23,146.02281188964844,163.2935028076172,138.2730712890625,292.380859375,46.08196258544922
2021-08-24,145.9350128173828,165.28900146484375,139.1289825439453,290.4326477050781,46.45962142944336
2021-08-25,144.70608520507812,164.95899963378906,141.99685668945312,289.84722900390625,46.54353332519531
2021-08-26,143.90628051757812,165.8000030517578,142.729248046875,287.0448303222656,45.91410827636719
2021-08-27,144.94015502929688,167.48150634765625,143.87637329101562,287.6495056152344,46.80370330810547
2021-08-30,149.34884643554688,171.07850646972656,141.5732879638672,291.36358642578125,46.29177474975586
2021-08-31,148.09063720703125,173.5395050048828,141.14088439941406,289.7223815917969,45.75467300415039
2021-09-01,148.7538604736328,173.9499969482422,140.9379119873047,289.67449951171875,45.125240325927734
2021-09-02,149.86573791503906,173.156005859375,141.59092712402344,289.0218200683594,46.22463607788086
2021-09-03,150.49974060058594,173.90249633789062,140.73500061035156,289.01226806640625,46.04838562011719
2021-09-07,152.83090209960938,175.46449279785156,140.48789978027344,288.0909423828125,45.77985382080078
2021-09-08,151.28981018066406,176.27499389648438,139.8614044189453,288.11968994140625,45.36023712158203
2021-09-09,150.2754364013672,174.20799255371094,140.4702911376953,285.2789306640625,45.393802642822266
2021-09-10,145.30105590820312,173.45750427246094,138.85545349121094,283.8009338378906,45.301475524902344
2021-09-13,145.8667449951172,172.85850524902344,141.0614776611328,285.0293273925781,46.46799850463867
2021-09-14,144.47195434570312,172.5,138.5995635986328,287.7165832519531,45.805015563964844
2021-09-15,145.3595428466797,173.7895050048828,139.56143188476562,292.5440368652344,47.34919357299805
2021-09-16,145.12547302246094,174.41200256347656,139.4996337890625,292.9279479980469,46.84565734863281
2021-09-17,142.4627227783203,173.12600708007812,139.13780212402344,287.79345703125,46.29177474975586
2021-09-20,139.41954040527344,167.7864990234375,134.972900390625,282.4477844238281,45.058109283447266
2021-09-21,139.89747619628906,167.18150329589844,134.9905242919922,282.9276428222656,45.016143798828125
2021-09-22,142.2578887939453,169.00250244140625,137.5759735107422,286.5554504394531,46.33373260498047
2021-09-23,143.21372985839844,170.8000030517578,142.22628784179688,287.495849609375,47.90309143066406
2021-09-24,143.30152893066406,171.2760009765625,143.86753845214844,287.29437255859375,48.33109664916992
2021-09-27,141.7897186279297,170.2899932861328,147.34423828125,282.3230285644531,49.766170501708984
2021-09-28,138.41493225097656,165.79800415039062,146.550048828125,272.10186767578125,50.286495208740234
2021-09-29,139.31222534179688,165.05599975585938,146.4353790283203,272.5625305175781,50.252925872802734
2021-09-30,138.01499938964844,164.2519989013672,144.4410858154297,270.5663146972656,49.36334228515625
2021-10-01,139.13665771484375,164.16299438476562,147.47659301757812,277.4571533203125,51.134117126464844
2021-10-04,135.71315002441406,159.48899841308594,147.31773376464844,271.7083435058594,51.79710006713867
2021-10-05,137.6346435546875,161.0500030517578,149.72348022460938,277.130859375,51.713165283203125
2021-10-06,138.50270080566406,163.10049438476562,150.04306030273438,281.3056945800781,50.764854431152344
2021-10-07,139.76092529296875,165.1215057373047,150.99290466308594,282.9756774902344,50.90752029418945
2021-10-08,139.3804931640625,164.43099975585938,151.1083221435547,282.9756774902344,52.18313980102539
2021-10-11,139.29273986816406,162.31500244140625,147.93026733398438,282.38055419921875,51.6628303527832
2021-10-12,138.02476501464844,162.3665008544922,146.79396057128906,281.0849304199219,51.3942756652832
2021-10-13,137.43951416015625,164.21400451660156,142.92347717285156,284.3767395019531,51.2515983581543
2021-10-14,140.21937561035156,164.9929962158203,145.11619567871094,290.5574035644531,52.03208541870117
2021-10-15,141.27276611328125,170.4510040283203,147.9036407470703,291.9586486816406,52.527217864990234
2021-10-18,142.94064331054688,172.33700561523438,147.8503875732422,294.9145812988281,52.502044677734375
2021-10-19,145.09620666503906,172.20750427246094,149.64361572265625,295.8167419433594,53.29092025756836
2021-10-20,145.58387756347656,170.7530059814453,151.6587371826172,295.0297546386719,53.58465576171875
2021-10-21,145.79847717285156,171.75050354003906,150.4691619873047,298.244873046875,52.61114501953125
2021-10-22,145.0279083251953,166.77749633789062,152.4931640625,296.7093200683594,52.972023010253906
2021-10-25,144.97918701171875,166.01849365234375,151.7474822998047,295.7207946777344,54.00426483154297
2021-10-26,145.6424102783203,168.80349731445312,152.1558074951172,297.6209411621094,55.25471496582031
2021-10-27,145.18399047851562,169.62449645996094,148.98666381835938,310.1550598144531,53.81964111328125
2021-10-28,148.81239318847656,172.32850646972656,151.23260498046875,311.2876281738281,53.970699310302734
2021-10-29,146.11061096191406,168.6215057373047,150.81539916992188,318.2647399902344,54.10497283935547
2021-11-01,145.29127502441406,165.90550231933594,150.7354736328125,316.10540771484375,55.07847595214844
2021-11-02,146.32518005371094,165.6374969482422,151.3302764892578,319.7138671875,54.39870834350586
2021-11-03,147.7589569091797,169.1999969482422,151.38351440429688,320.5489196777344,53.651790618896484
2021-11-04,147.2420196533203,173.85000610351562,149.39501953125,322.890625,54.054622650146484
2021-11-05,147.7694854736328,175.94949340820312,149.1819610595703,322.5258483886719,54.56654357910156
2021-11-08,146.948974609375,174.44900512695312,150.07855224609375,323.4184265136719,55.15401077270508
2021-11-09,147.31036376953125,178.81149291992188,148.94227600097656,322.4204406738281,55.69111251831055
2021-11-10,144.4875030517578,174.1024932861328,148.80023193359375,317.4777526855469,54.59396743774414
2021-11-11,144.4385986328125,173.625,148.79136657714844,319.0421142578125,54.69601821899414
2021-11-12,146.50941467285156,176.25750732421875,148.1255645751953,323.1593017578125,54.27927017211914
2021-11-15,146.5191650390625,177.28399658203125,147.8592529296875,322.5356140136719,54.7470588684082
2021-11-16,147.49598693847656,177.03500366210938,146.79396057128906,325.8370056152344,55.29988479614258
2021-11-17,149.92823791503906,177.4499969482422,146.00392150878906,326.05816650390625,54.69601821899414
2021-11-18,154.20657348632812,184.80299377441406,144.7433624267578,328.1253662109375,54.100669860839844
2021-11-19,156.8243865966797,183.82850646972656,142.85250854492188,329.8944091796875,51.60018539428711
2021-11-22,157.28346252441406,178.6284942626953,145.89739990234375,326.7408142089844,52.31460189819336
2021-11-23,157.6644287109375,179.0019989013672,149.38616943359375,324.6735534667969,53.69242858886719
2021-11-24,158.18209838867188,179.02049255371094,148.21434020996094,324.89471435546875,53.9901008605957
2021-11-26,153.17123413085938,175.22799682617188,143.74911499023438,316.981689453125,52.093482971191406
2021-11-29,156.52157592773438,178.07850646972656,143.12767028808594,323.6640319824219,52.382652282714844
2021-11-30,161.4641876220703,175.35350036621094,140.9971466064453,317.856689453125,50.89426803588867
2021-12-01,160.9464569091797,172.18600463867188,140.1626739501953,317.36627197265625,50.85173034667969
2021-12-02,159.9598846435547,171.8679962158203,143.1099090576172,316.799072265625,52.118995666503906
2021-12-03,158.08444213867188,169.489501953125,140.5177459716797,310.56866455078125,51.78730010986328
2021-12-06,161.48367309570312,171.36849975585938,142.1778106689453,313.6260986328125,52.374149322509766
2021-12-07,167.2077178955078,176.1645050048828,144.31723022460938,322.0199279785156,52.96098709106445
2021-12-08,171.0172119140625,176.1580047607422,142.66607666015625,322.0679931640625,53.11408615112305
2021-12-09,170.50927734375,174.17100524902344,142.4441375732422,320.27001953125,53.25016784667969
2021-12-10,175.28579711914062,172.21200561523438,141.87600708007812,329.34637451171875,53.590370178222656
2021-12-13,171.66188049316406,169.5675048828125,140.18931579589844,326.327392578125,52.41666793823242
2021-12-14,170.2846221923828,169.0915069580078,141.26348876953125,315.69329833984375,52.340126037597656
2021-12-15,175.1392822265625,173.31500244140625,140.20709228515625,321.7602844238281,52.11048126220703
2021-12-16,168.26263427734375,168.87100219726562,142.39979553222656,312.38580322265625,52.195533752441406
2021-12-17,167.16867065429688,170.0175018310547,139.1595916748047,311.32818603515625,51.05585861206055
2021-12-20,165.81089782714844,167.07899475097656,136.65618896484375,307.58807373046875,50.31592559814453
2021-12-21,168.9757080078125,170.41700744628906,138.5647735595703,314.6838073730469,51.45560073852539
2021-12-22,171.564208984375,171.03700256347656,139.10630798339844,320.3661804199219,51.872352600097656
2021-12-23,172.18936157226562,171.06849670410156,139.60340881347656,321.7987976074219,51.897857666015625
2021-12-27,176.14537048339844,169.66949462890625,140.40240478515625,329.2599182128906,52.63779830932617
2021-12-28,175.12948608398438,170.66099548339844,140.82846069335938,328.1061096191406,52.46769714355469
2021-12-29,175.21739196777344,169.2010040283203,140.75746154785156,328.7791748046875,52.008426666259766
2021-12-30,174.0648193359375,168.64450073242188,140.6864471435547,326.25042724609375,51.702247619628906
2021-12-31,173.44944763183594,166.7169952392578,140.5710906982422,323.36602783203125,52.04243850708008
2022-01-03,177.78636169433594,170.4044952392578,143.54493713378906,321.8564453125,54.041141510009766
2022-01-04,175.5299835205078,167.52200317382812,148.98666381835938,316.33758544921875,56.0738410949707
2022-01-05,170.8609161376953,164.35699462890625,146.2628936767578,304.1940002441406,56.7712516784668
2022-01-06,168.0087127685547,163.25399780273438,147.8167724609375,301.7903747558594,58.10655212402344
2022-01-07,168.17474365234375,162.5540008544922,149.28138732910156,301.9442443847656,58.582828521728516
2022-01-10,168.1942901611328,161.48599243164062,149.42425537109375,302.1653137207031,58.234134674072266
2022-01-11,171.0172119140625,165.36199951171875,149.57608032226562,302.84796142578125,60.6835823059082
2022-01-12,171.45675659179688,165.20700073242188,150.42445373535156,306.0111999511719,60.50496292114258
2022-01-13,168.1942901611328,161.21400451660156,150.23692321777344,293.05999755859375,60.07120132446289
2022-01-14,169.0538787841797,162.13800048828125,141.0028533935547,298.2520751953125,61.12586212158203
2022-01-18,165.85972595214844,158.91749572753906,135.0908966064453,290.992919921875,62.15495300292969
2022-01-19,162.37254333496094,156.2989959716797,133.00115966796875,291.6466369628906,62.180477142333984
2022-01-20,160.6924591064453,151.66749572753906,131.86697387695312,289.9833068847656,62.316566467285156
2022-01-21,158.64125061035156,142.64300537109375,129.56297302246094,284.6278381347656,61.38099670410156
2022-01-24,157.86953735351562,144.54400634765625,129.44686889648438,284.9548034667969,61.90831756591797
2022-01-25,156.072265625,139.98599243164062,130.8578643798828,277.3782958984375,63.728416442871094
2022-01-26,155.9843292236328,138.87249755859375,132.0991973876953,285.2816467285156,63.08201599121094
2022-01-27,155.5252685546875,139.6374969482422,129.76832580566406,288.2911376953125,63.88998031616211
2022-01-28,166.3774871826172,143.97799682617188,130.92930603027344,296.38677978515625,64.02608489990234
2022-01-31,170.7241668701172,149.57350158691406,132.7064666748047,299.0019836425781,64.60442352294922
2022-02-01,170.55812072753906,151.19349670410156,134.9837188720703,296.8675842285156,68.74636840820312
2022-02-02,171.75958251953125,150.6125030517578,133.90313720703125,301.3864440917969,68.5677719116211
2022-02-03,168.88780212402344,138.8455047607422,132.79576110839844,289.6468200683594,67.76829528808594
2022-02-04,168.60415649414062,157.63949584960938,136.242919921875,294.15606689453125,69.23968505859375
2022-02-07,167.89019775390625,157.9355010986328,136.6983642578125,289.3584289550781,70.07315826416016
2022-02-08,170.9906005859375,161.4134979248047,139.27032470703125,292.8292541503906,68.26158142089844
2022-02-09,172.40872192382812,161.1894989013672,139.850830078125,299.2231750488281,67.93480682373047
2022-02-10,168.340087890625,159.0034942626953,139.27032470703125,290.73321533203125,67.28126525878906
2022-02-11,164.93649291992188,153.2935028076172,137.4574432373047,283.676025390625,68.975341796875
2022-02-14,165.1712646484375,155.16700744628906,136.18040466308594,283.6375732421875,67.91761779785156
2022-02-15,168.99539184570312,156.510498046875,138.17189025878906,288.8968505859375,67.06629180908203
2022-02-16,168.7606658935547,158.10049438476562,138.42193603515625,288.5596618652344,67.3758544921875
2022-02-17,165.1712646484375,154.65249633789062,135.2337646484375,280.1099548339844,67.27265930175781
2022-02-18,163.62591552734375,152.60150146484375,135.8678436279297,277.4122314453125,66.52452850341797
2022-02-22,160.7113800048828,150.19749450683594,135.62672424316406,277.2099609375,65.7505874633789
2022-02-23,156.55471801757812,144.82699584960938,132.786865234375,270.03204345703125,66.01716613769531
2022-02-24,159.16610717773438,151.35800170898438,129.08963012695312,283.8289489746094,65.18304443359375
2022-02-25,161.22975158691406,153.7884979248047,132.1438446044922,286.4495849609375,66.93728637695312
2022-02-28,161.49378967285156,153.56300354003906,126.63374328613281,287.87554931640625,67.4360580444336
2022-03-01,159.61599731445312,151.14199829101562,121.85594177246094,284.1758728027344,68.08100128173828
2022-03-02,162.90220642089844,152.05250549316406,124.38327026367188,289.22442626953125,69.25050354003906
2022-03-03,162.57943725585938,147.89849853515625,123.49915313720703,285.1103515625,69.68907928466797
2022-03-04,159.58663940429688,145.64100646972656,120.0252456665039,279.2717590332031,72.3118896484375
2022-03-07,155.80165100097656,137.4530029296875,115.39032745361328,268.7217102050781,74.91748809814453
2022-03-08,153.98245239257812,136.01449584960938,114.5776596069336,265.7735595703125,75.48504638671875
2022-03-09,159.37147521972656,139.2790069580078,119.16788482666016,277.9614562988281,71.1939697265625
2022-03-10,155.03875732421875,146.8175048828125,117.75687408447266,275.15771484375,73.40399932861328
2022-03-11,151.3319854736328,145.52450561523438,115.10456085205078,269.8393249511719,73.025634765625
2022-03-14,147.312255859375,141.85299682617188,116.24764251708984,266.3420104980469,70.41144561767578
2022-03-15,151.68406677246094,147.3665008544922,118.31058502197266,276.66070556640625,66.40412902832031
2022-03-16,156.0852813720703,153.10400390625,123.597412109375,283.6363220214844,66.15475463867188
2022-03-17,157.09262084960938,157.23899841308594,125.16024780273438,284.43597412109375,67.91761779785156
2022-03-18,160.3788604736328,161.25050354003906,125.11558532714844,289.45574951171875,67.65105438232422
2022-03-21,161.74810791015625,161.4915008544922,124.71371459960938,288.2320251464844,70.68661499023438
2022-03-22,165.11257934570312,164.88900756835938,127.36603546142578,292.953125,70.37700653076172
2022-03-23,166.4720458984375,163.4080047607422,124.829833984375,288.5499267578125,71.48634338378906
2022-03-24,170.2472686767578,163.64950561523438,125.6424789428711,292.9915466308594,71.70133209228516
2022-03-25,170.8829803466797,164.77349853515625,126.74090576171875,292.5868835449219,73.26640319824219
2022-03-28,171.74371337890625,168.99049377441406,125.80321502685547,299.3504943847656,71.21116638183594
2022-03-29,175.0299072265625,169.31500244140625,126.08007049560547,303.888427734375,70.83277893066406
2022-03-30,173.8660430908203,166.30099487304688,125.50851440429688,302.39501953125,72.0453109741211
2022-03-31,170.7754364013672,162.99749755859375,121.7398910522461,297.0478210449219,71.02197265625
2022-04-01,170.48199462890625,163.55999755859375,120.83789825439453,298.1172180175781,71.47772979736328
2022-04-04,174.52130126953125,168.34649658203125,121.37371826171875,303.464599609375,71.51214599609375
2022-04-05,171.215576171875,164.05499267578125,119.96124267578125,299.5239562988281,71.14237976074219
2022-04-06,168.05648803710938,158.75599670410156,118.29686737060547,288.5596618652344,71.93351745605469
2022-04-07,168.35964965820312,157.7845001220703,117.93699645996094,290.3612060546875,73.13742065429688
2022-04-08,166.35467529296875,154.4604949951172,120.09619903564453,286.12200927734375,74.67670440673828
2022-04-11,162.1099853515625,151.1219940185547,119.65534973144531,274.83978271484375,72.10550689697266
2022-04-12,163.97804260253906,150.78750610351562,118.34187316894531,271.7566223144531,73.61036682128906
2022-04-13,166.65785217285156,155.54100036621094,114.52726745605469,277.11358642578125,74.65089416503906
2022-04-14,161.6601104736328,151.7064971923828,113.46568298339844,269.6081848144531,75.52803802490234
2022-04-18,161.44493103027344,152.78500366210938,115.57089233398438,270.27294921875,76.14720153808594
2022-04-19,163.72372436523438,158.11549377441406,117.9640121459961,274.8782653808594,75.46784973144531
2022-04-20,163.5574951171875,153.9980010986328,118.37784576416016,275.8995666503906,75.63983154296875
2022-04-21,162.7652587890625,148.29600524902344,117.4601821899414,270.5523681640625,74.84008026123047
2022-04-22,158.2369384765625,144.35000610351562,114.08644104003906,264.02001953125,73.20620727539062
2022-04-25,159.30300903320312,146.07400512695312,114.05046081542969,270.4656677246094,70.73821258544922
2022-04-26,153.35655212402344,139.39100646972656,110.67671966552734,260.34918212890625,70.76399993896484
2022-04-27,153.131591796875,138.16700744628906,109.23724365234375,272.8742980957031,72.78485870361328
2022-04-28,160.0463409423828,144.59649658203125,110.96460723876953,279.0501403808594,74.98627471923828
2022-04-29,154.18785095214844,124.28150177001953,107.38394927978516,267.38250732421875,73.30941009521484
2022-05-02,154.49105834960938,124.5,108.36456298828125,274.0786437988281,74.30694580078125
2022-05-03,155.9777069091797,124.25350189208984,110.68570709228516,271.48687744140625,75.83760833740234
2022-05-04,162.3740692138672,125.92849731445312,114.34734344482422,279.3873596191406,78.85597229003906
2022-05-05,153.32717895507812,116.40699768066406,111.48638916015625,267.21868896484375,77.66065979003906
2022-05-06,154.052001953125,114.77249908447266,111.30647277832031,264.6943664550781,78.84738159179688
2022-05-09,148.93911743164062,108.78900146484375,109.63311004638672,254.91514587402344,72.63007354736328
2022-05-10,151.33885192871094,108.85900115966797,106.96109771728516,259.65545654296875,73.11161804199219
2022-05-11,143.49327087402344,105.37200164794922,106.28636169433594,251.0324249267578,74.63371276855469
2022-05-12,139.63414001464844,106.93049621582031,106.19640350341797,246.02236938476562,74.9725112915039
2022-05-13,144.09071350097656,113.05500030517578,107.14102935791016,251.58154296875,77.19649505615234
2022-05-16,142.5529327392578,110.81050109863281,106.39432525634766,251.94772338867188,79.01216888427734
2022-05-17,146.17701721191406,115.36849975585938,109.92098236083984,257.07342529296875,80.01990509033203
2022-05-18,137.92982482910156,107.11250305175781,108.04071044921875,245.3689422607422,78.75154876708984
2022-05-19,134.53102111816406,107.31900024414062,106.43928527832031,244.46116638183594,79.17723083496094
2022-05-20,134.76609802246094,107.59100341796875,105.56661224365234,243.90101623535156,79.80271911621094
2022-05-23,140.17282104492188,107.55699920654297,112.09819793701172,251.713623046875,81.56626892089844
2022-05-24,137.479248046875,104.0999984741211,113.68160247802734,250.71896362304688,82.00932312011719
2022-05-25,137.635986328125,106.7750015258789,114.4732894897461,253.51953125,83.65995025634766
2022-05-26,140.82907104492188,111.07749938964844,116.45255279541016,256.7836608886719,83.95533752441406
2022-05-27,146.56881713867188,115.14649963378906,118.09895324707031,263.8720397949219,84.7806396484375
2022-05-31,145.78521728515625,120.20950317382812,118.96263885498047,262.54901123046875,83.39933013916016
2022-06-01,145.6579132080078,121.68399810791016,116.87541198730469,263.0801696777344,84.99781799316406
2022-06-02,148.1066131591797,125.51100158691406,118.75570678710938,265.16607666015625,84.85012817382812
2022-06-03,142.396240234375,122.3499984741211,117.10030364990234,260.762451171875,86.08372497558594
2022-06-06,143.14065551757812,124.79000091552734,116.71347045898438,259.535888671875,85.86654663085938
2022-06-07,145.6579132080078,123.0,117.01937103271484,263.1573791503906,89.80195617675781
2022-06-08,144.92330932617188,121.18000030517578,115.15703582763672,261.13909912109375,90.86181640625
2022-06-09,139.7124786376953,116.1500015258789,112.73694610595703,255.7117156982422,88.89846801757812
2022-06-10,134.31558227539062,109.6500015258789,107.55487060546875,244.31629943847656,87.27391052246094
2022-06-13,129.17332458496094,103.66999816894531,104.35208129882812,233.95416259765625,83.26901245117188
2022-06-14,130.03524780273438,102.30999755859375,102.61570739746094,236.10769653320312,83.4861831665039
2022-06-15,132.65045166015625,107.66999816894531,103.83026123046875,243.12844848632812,82.43502044677734
2022-06-16,127.3906478881836,103.66000366210938,102.04894256591797,236.5712432861328,79.39442443847656
2022-06-17,128.85987854003906,106.22000122070312,101.68905639648438,239.15936279296875,74.8161392211914
2022-06-21,133.08143615722656,108.68000030517578,104.20813751220703,245.0406036376953,79.47260284423828
2022-06-22,132.57211303710938,108.94999694824219,103.62334442138672,244.45150756835938,76.32776641845703
2022-06-23,135.43215942382812,112.44000244140625,102.48976135253906,249.9850311279297,74.02558135986328
2022-06-24,138.75259399414062,116.45999908447266,105.54864501953125,258.5220031738281,75.49375915527344
2022-06-27,138.75259399414062,113.22000122070312,104.70294189453125,255.8083038330078,77.34416198730469
2022-06-28,134.6191864013672,107.4000015258789,104.19913482666016,247.68663024902344,79.48997497558594
2022-06-29,136.37245178222656,108.91999816894531,103.7313003540039,251.33702087402344,76.55363464355469
2022-06-30,133.91397094726562,106.20999908447266,101.31121063232422,248.0246124267578,74.3991470336914
2022-07-01,136.07861328125,109.55999755859375,102.60673522949219,250.6803436279297,76.05845642089844
2022-07-05,138.6546630859375,113.5,102.21644592285156,253.8382110595703,73.67809295654297
2022-07-06,139.9866943359375,114.33000183105469,101.55387878417969,257.0830078125,72.34891510009766
2022-07-07,143.34632873535156,116.33000183105469,104.12245178222656,259.19793701171875,74.65978240966797
2022-07-08,144.0221405029297,115.54000091552734,103.79570770263672,258.4832763671875,74.78140258789062
2022-07-11,141.89671325683594,111.75,102.43428039550781,255.4413299560547,74.3991470336914
2022-07-12,142.8664093017578,109.22000122070312,102.53411102294922,244.9729766845703,73.4087905883789
2022-07-13,142.5039825439453,110.4000015258789,101.5720443725586,244.05557250976562,73.70413970947266
2022-07-14,145.42282104492188,110.62999725341797,98.02323150634766,245.3689422607422,72.227294921875
2022-07-15,147.08792114257812,113.55000305175781,102.51595306396484,247.91839599609375,73.44352722167969
2022-07-18,144.05157470703125,113.76000213623047,101.46312713623047,245.53309631347656,74.79875946044922
2022-07-19,147.90089416503906,118.20999908447266,103.97721862792969,250.63209533691406,76.6839370727539
2022-07-20,149.89903259277344,122.7699966430664,103.95907592773438,253.27809143066406,77.52660369873047
2022-07-21,152.16163635253906,124.62999725341797,104.66702270507812,255.75999450683594,76.23219299316406
2022-07-22,150.9274444580078,122.41999816894531,104.15876007080078,251.43357849121094,75.650146484375
2022-07-25,149.81089782714844,121.13999938964844,104.57626342773438,249.95606994628906,78.16949462890625
2022-07-26,148.48858642578125,114.80999755859375,102.94254302978516,243.263671875,77.86544036865234
2022-07-27,153.5720672607422,120.97000122070312,104.59441375732422,259.5262756347656,79.55078887939453
2022-07-28,154.12059020996094,122.27999877929688,104.20413208007812,266.9333801269531,80.48033905029297
2022-07-29,159.1746368408203,134.9499969482422,104.70333099365234,271.11492919921875,84.2072525024414
2022-08-01,158.1951904296875,135.38999938964844,103.65956115722656,268.47845458984375,82.0788345336914
2022-08-02,156.7259979248047,134.16000366210938,102.04401397705078,265.39788818359375,81.72264862060547
2022-08-03,162.7204132080078,139.52000427246094,103.11499786376953,272.7855529785156,79.07298278808594
2022-08-04,162.4069366455078,142.57000732421875,101.98046875,273.9251403808594,75.74569702148438
2022-08-05,162.1813201904297,140.8000030517578,105.06639099121094,273.21044921875,76.8403091430664
2022-08-08,161.71055603027344,139.41000366210938,103.78662872314453,270.70928955078125,77.2746810913086
2022-08-09,161.7595977783203,137.8300018310547,104.72146606445312,272.62139892578125,78.69941711425781
2022-08-10,165.996826171875,142.69000244140625,107.45343780517578,279.2462158203125,79.44651794433594
2022-08-11,165.26119995117188,140.63999938964844,109.04175567626953,277.1795959472656,81.74476623535156
2022-08-12,168.802001953125,143.5500030517578,110.84794616699219,281.90191650390625,82.45527648925781
2022-08-15,169.87106323242188,143.17999267578125,111.14742279052734,283.408447265625,80.98161315917969
2022-08-16,169.71417236328125,144.77999877929688,112.20936584472656,282.67449951171875,80.22723388671875
2022-08-17,171.20506286621094,142.10000610351562,111.26542663574219,281.9293518066406,80.87635040283203
2022-08-18,170.81268310546875,142.3000030517578,110.4031982421875,280.8163757324219,82.78858947753906
2022-08-19,168.23312377929688,138.22999572753906,107.67125701904297,276.926025390625,82.52545928955078
2022-08-22,164.35882568359375,133.22000122070312,105.89230346679688,268.7967529296875,82.46407318115234
2022-08-23,164.02532958984375,133.6199951171875,104.84855651855469,267.52899169921875,85.96404266357422
2022-08-24,164.31954956054688,133.8000030517578,105.10270690917969,266.89990234375,86.4727783203125
2022-08-25,166.77166748046875,137.27999877929688,107.59864807128906,269.8612976074219,86.92013549804688
2022-08-26,160.4844970703125,130.75,104.07707977294922,259.4481506347656,85.8499755859375
2022-08-29,158.28746032714844,129.7899932861328,103.82294464111328,256.6802978515625,87.82364654541016
2022-08-30,155.86474609375,128.72999572753906,103.8410873413086,254.4931640625,84.48158264160156
2022-08-31,154.20713806152344,126.7699966430664,103.2238998413086,253.04150390625,83.85000610351562
2022-09-01,154.93296813964844,127.81999969482422,103.93184661865234,252.0060272216797,82.34123992919922
2022-09-02,152.8241729736328,127.51000213623047,103.20574951171875,247.80592346191406,83.85000610351562
2022-09-06,151.5686492919922,126.11000061035156,103.23298645019531,245.08648681640625,83.28861236572266
2022-09-07,152.97128295898438,129.47999572753906,105.19344329833984,249.77049255371094,82.57807159423828
2022-09-08,151.50006103515625,129.82000732421875,107.64403533935547,250.1865997314453,83.2535400390625
2022-09-09,154.35426330566406,133.27000427246094,108.161376953125,255.93515014648438,84.64824676513672
2022-09-12,160.298095703125,136.4499969482422,109.44111633300781,258.0545349121094,85.62191772460938
2022-09-13,150.8918914794922,126.81999969482422,105.63818359375,243.86709594726562,83.62194061279297
2022-09-14,152.333740234375,128.5500030517578,105.39314270019531,244.0896759033203,85.67455291748047
2022-09-15,149.4500732421875,126.27999877929688,106.9814682006836,237.47019958496094,83.183349609375
2022-09-16,147.81210327148438,123.52999877929688,106.26444244384766,236.85079956054688,81.76229858398438
2022-09-19,151.5196533203125,124.66000366210938,107.24467468261719,236.63790893554688,81.75353240966797
2022-09-20,153.89328002929688,122.19000244140625,105.12992095947266,234.6345977783203,81.08688354492188
2022-09-21,150.7742156982422,118.54000091552734,102.09845733642578,231.24742126464844,79.7798843383789
2022-09-22,149.81301879882812,117.30999755859375,100.93669891357422,233.2119903564453,79.446533203125
2022-09-23,147.54725646972656,113.77999877929688,99.05791473388672,230.25067138671875,75.21852111816406
2022-09-26,147.88075256347656,115.1500015258789,96.92501068115234,229.79580688476562,73.66590881347656
2022-09-27,148.8517608642578,114.41000366210938,96.07183074951172,228.78933715820312,75.20975494384766
2022-09-28,146.96856689453125,118.01000213623047,98.01414489746094,233.2991180419922,77.9465560913086
2022-09-29,139.74960327148438,114.80000305175781,96.35321044921875,229.84417724609375,77.78866577148438
2022-09-30,135.55160522460938,113.0,94.8465576171875,225.39247131347656,76.5869140625
2022-10-03,139.72018432617188,115.87999725341797,97.7781753540039,232.97975158691406,80.63075256347656
2022-10-04,143.3002166748047,121.08999633789062,102.35258483886719,240.8573760986328,83.56929016113281
2022-10-05,143.594482421875,120.94999694824219,101.08887481689453,241.1670379638672,86.94647979736328
2022-10-06,142.64305114746094,120.30000305175781,99.02843475341797,238.83474731445312,89.52538299560547
2022-10-07,137.4053955078125,114.55999755859375,97.05046081542969,226.68930053710938,88.62188720703125
2022-10-10,137.72906494140625,113.66999816894531,96.14384460449219,221.86013793945312,86.7008285522461
2022-10-11,136.31666564941406,112.20999908447266,93.3691635131836,218.14389038085938,85.96404266357422
2022-10-12,135.68896484375,112.9000015258789,94.880126953125,218.47299194335938,86.34121704101562
2022-10-13,140.24981689453125,112.52999877929688,100.15481567382812,226.68930053710938,89.35872650146484
2022-10-14,135.7281951904297,106.9000015258789,101.82146453857422,221.19236755371094,87.00786590576172
2022-10-17,139.68092346191406,113.79000091552734,106.09796905517578,229.8732147216797,88.26223754882812
2022-10-18,140.99526977539062,116.36000061035156,108.82689666748047,230.81198120117188,88.42015075683594
2022-10-19,141.10316467285156,115.06999969482422,106.69322204589844,228.8570556640625,91.04290771484375
2022-10-20,140.6421661376953,115.25,106.3452377319336,228.53770446777344,91.16571044921875
2022-10-21,144.4477996826172,119.31999969482422,111.9312744140625,234.3152618408203,92.85868072509766
2022-10-24,146.58604431152344,119.81999969482422,112.06863403320312,239.27987670898438,93.5077896118164
2022-10-25,149.420654296875,120.5999984741211,112.36165618896484,242.5800018310547,92.87622833251953
2022-10-26,146.4879608154297,115.66000366210938,113.65287017822266,223.86337280273438,93.98147583007812
2022-10-27,142.02513122558594,110.95999908447266,114.1015853881836,219.44070434570312,94.34112548828125
2022-10-28,152.75552368164062,103.41000366210938,115.45687103271484,228.26673889160156,97.10425567626953
2022-10-31,150.4015350341797,102.44000244140625,115.27371978759766,224.64730834960938,97.20074462890625
2022-11-01,147.7630615234375,96.79000091552734,117.35244750976562,220.81491088867188,98.1656494140625
2022-11-02,142.25074768066406,92.12000274658203,116.2718734741211,213.00509643554688,96.14813232421875
2022-11-03,136.21859741210938,89.30000305175781,116.48248291015625,207.34368896484375,97.45511627197266
2022-11-04,135.95333862304688,90.9800033569336,119.6692886352539,214.25347900390625,98.5165023803711
2022-11-07,136.48385620117188,90.52999877929688,120.30116271972656,220.5246124267578,99.68316650390625
2022-11-08,137.05369567871094,89.9800033569336,120.3744125366211,221.492431640625,99.99897003173828
2022-11-09,132.50489807128906,86.13999938964844,118.80851745605469,217.27293395996094,95.52532958984375
2022-11-10,144.29444885253906,96.62999725341797,123.69856262207031,235.14756774902344,96.92882537841797
2022-11-11,147.0747833251953,100.79000091552734,123.90001678466797,239.14442443847656,99.95508575439453
2022-11-14,145.67971801757812,98.48999786376953,122.62715911865234,233.76364135742188,100.24689483642578
2022-11-15,147.40887451171875,98.94000244140625,121.7388687133789,234.1700897216797,100.9189224243164
2022-11-16,146.1807861328125,97.12000274658203,121.90369415283203,234.5971221923828,99.84014129638672
2022-11-17,148.0769500732422,94.8499984741211,121.37255859375,234.548583984375,99.97278594970703
2022-11-18,148.6369171142578,94.13999938964844,122.56304168701172,234.1021728515625,99.10621643066406
2022-11-21,145.41444396972656,92.45999908447266,121.839599609375,234.90768432617188,98.12471008300781
2022-11-22,147.54638671875,93.19999694824219,123.66191101074219,237.7997283935547,100.963134765625
2022-11-23,148.4208221435547,94.12999725341797,124.98059844970703,240.27452087402344,100.45911407470703
2022-11-25,145.51266479492188,93.41000366210938,125.21869659423828,240.18714904785156,100.10543060302734
2022-11-28,141.69093322753906,93.94999694824219,123.03009033203125,234.62620544433594,97.09898376464844
2022-11-29,138.6944122314453,92.41999816894531,125.05386352539062,233.23843383789062,97.7444839477539
2022-11-30,145.43408203125,96.54000091552734,126.537353515625,247.61143493652344,98.4518814086914
2022-12-01,145.7091827392578,95.5,124.76081848144531,247.17469787597656,97.97437286376953
2022-12-02,145.2179718017578,94.12999725341797,123.77182006835938,247.4949493408203,97.14320373535156
2022-12-05,144.05868530273438,91.01000213623047,120.30116271972656,242.8172149658203,94.48162078857422
2022-12-06,140.4038848876953,88.25,120.50262451171875,237.8870849609375,91.85540008544922
2022-12-07,138.46844482421875,88.45999908447266,120.42021942138672,237.1592254638672,91.65203094482422
2022-12-08,140.14845275878906,90.3499984741211,121.68392944335938,240.09979248046875,92.3329086303711
2022-12-09,139.66705322265625,89.08999633789062,121.02460479736328,238.17822265625,91.55477142333984
2022-12-12,141.9561767578125,90.55000305175781,122.90184783935547,245.0590362548828,93.80958557128906
2022-12-13,142.91900634765625,92.48999786376953,122.78282165527344,249.3389129638672,94.8353271484375
2022-12-14,140.6986541748047,91.58000183105469,122.16925048828125,249.6300506591797,94.13676452636719
2022-12-15,134.10630798339844,88.44999694824219,119.13817596435547,241.6622772216797,93.2348403930664
2022-12-16,132.15121459960938,87.86000061035156,118.39640808105469,237.4697723388672,92.58049011230469
2022-12-19,130.0487060546875,84.91999816894531,119.1015396118164,233.35488891601562,92.99608612060547
2022-12-20,129.97994995117188,85.19000244140625,119.67843627929688,234.6650390625,94.34014129638672
2022-12-21,133.07470703125,86.7699966430664,121.02460479736328,237.21742248535156,95.55154418945312
2022-12-22,129.9112091064453,83.79000091552734,119.65099334716797,231.16159057617188,93.6239013671875
2022-12-23,129.5476531982422,85.25,120.21874237060547,231.6856231689453,96.09980773925781
2022-12-27,127.74974060058594,83.04000091552734,120.63998413085938,229.96791076660156,97.43498992919922
2022-12-28,123.82972717285156,81.81999969482422,121.29933166503906,227.6095733642578,95.83451843261719
2022-12-29,127.33712005615234,84.18000030517578,121.99527740478516,233.8983612060547,96.5595932006836
2022-12-30,127.65150451660156,84.0,122.8011474609375,232.74346923828125,97.53227996826172
2023-01-03,122.87672424316406,85.81999969482422,123.73518371582031,232.51055908203125,94.18097686767578
2023-01-04,124.14411926269531,85.13999938964844,124.88900756835938,222.33982849121094,94.4551010131836
2023-01-05,122.82759857177734,83.12000274658203,124.86133575439453,215.75013732910156,96.56844329833984
2023-01-06,127.34693908691406,86.08000183105469,127.2506103515625,218.29283142089844,97.73562622070312
2023-01-09,127.86766052246094,87.36000061035156,126.72480773925781,220.41824340820312,95.91410827636719
2023-01-10,128.43748474121094,89.87000274658203,127.8594970703125,222.09716796875,97.34656524658203
2023-01-11,131.1490936279297,95.08999633789062,128.80967712402344,228.81298828125,98.47840881347656
2023-01-12,131.07049560546875,95.2699966430664,128.68052673339844,231.4720916748047,100.11426544189453
2023-01-13,132.39678955078125,98.12000274658203,131.92774963378906,232.17083740234375,100.05237579345703
2023-01-17,133.55613708496094,96.05000305175781,129.88902282714844,233.2578582763672,99.85783386230469
2023-01-18,132.8389129638672,95.45999908447266,125.98681640625,228.851806640625,97.80638885498047
2023-01-19,132.89788818359375,93.68000030517578,124.3078384399414,225.08628845214844,98.43419647216797
2023-01-20,135.4522705078125,97.25,124.61227416992188,233.13168334960938,100.22923278808594
2023-01-23,138.6354522705078,97.5199966430664,126.632568359375,235.4220428466797,99.70751953125
2023-01-24,140.0305633544922,96.31999969482422,127.72113037109375,234.89796447753906,100.63597869873047
2023-01-25,139.372314453125,97.18000030517578,128.33917236328125,233.51016235351562,100.10543060302734
2023-01-26,141.43551635742188,99.22000122070312,129.13253784179688,240.68211364746094,104.12874603271484
2023-01-27,143.3709259033203,102.23999786376953,129.4462432861328,240.83738708496094,102.22760772705078
2023-01-30,140.49234008789062,100.55000305175781,128.3484344482422,235.54820251464844,100.41490936279297
2023-01-31,141.75970458984375,103.12999725341797,129.1140899658203,240.49771118164062,102.58130645751953
2023-02-01,142.87966918945312,105.1500015258789,128.77276611328125,245.29193115234375,101.45832061767578
2023-02-02,148.1751708984375,112.91000366210938,128.1731414794922,256.7922668457031,98.28388214111328
2023-02-03,151.7906494140625,103.38999938964844,130.1565399169922,250.7266845703125,98.9647445678711
2023-02-06,149.06924438476562,102.18000030517578,130.9221954345703,249.19332885742188,98.79674530029297
2023-02-07,151.93800354003906,102.11000061035156,132.5181427001953,259.66485595703125,101.61748504638672
2023-02-08,149.25588989257812,100.05000305175781,131.58642578125,258.8594055175781,100.73323059082031
2023-02-09,148.2242889404297,98.23999786376953,129.53846740722656,255.84120178222656,101.11346435546875
2023-02-10,148.58836364746094,97.61000061035156,130.1103973388672,255.33657836914062,105.37552642822266
2023-02-13,151.38282775878906,99.54000091552734,131.52186584472656,263.3139953613281,104.96563720703125
2023-02-14,150.7432403564453,99.69999694824219,132.10302734375,264.1388854980469,103.7359848022461
2023-02-15,152.839111328125,101.16000366210938,132.656494140625,262.02764892578125,103.42411041259766
2023-02-16,151.2450714111328,98.1500015258789,130.8299560546875,255.05178833007812,103.12117004394531
2023-02-17,150.1036834716797,97.19999694824219,131.21743774414062,251.07254028320312,99.156005859375
2023-02-21,146.0989532470703,94.58000183105469,128.80967712402344,245.8284912109375,99.0579833984375
2023-02-22,146.5220489501953,95.79000091552734,127.82258605957031,244.69989013671875,97.77487182617188
2023-02-23,147.00416564941406,95.81999969482422,128.84657287597656,247.8716278076172,98.6748275756836
2023-02-24,144.35736083984375,93.5,130.0089111328125,242.47190856933594,98.68374633789062
2023-02-27,145.54791259765625,93.76000213623047,131.1436309814453,243.38648986816406,98.50553894042969
2023-02-28,145.0460968017578,94.2300033569336,132.24142456054688,242.66648864746094,97.93526458740234
2023-03-01,142.9797821044922,92.16999816894531,131.50341796875,239.601806640625,98.8084945678711
2023-03-02,143.57015991210938,92.12999725341797,130.1381072998047,244.31072998046875,99.26292419433594
2023-03-03,148.60801696777344,94.9000015258789,132.52737426757812,248.37754821777344,100.51929473876953
2023-03-06,151.3631591796875,93.75,131.7524871826172,249.9147491455078,101.41036224365234
2023-03-07,149.1689453125,93.55000305175781,127.87797546386719,247.2683868408203,99.45003509521484
2023-03-08,150.4185333251953,93.91999816894531,127.12149810791016,246.83059692382812,97.99763488769531
2023-03-09,148.1750946044922,92.25,120.23957824707031,245.4879608154297,97.24024200439453
2023-03-10,146.11863708496094,90.7300033569336,123.2930679321289,241.85897827148438,96.0373306274414
2023-03-13,148.0570068359375,92.43000030517578,121.07909393310547,247.04461669921875,94.93242645263672
2023-03-14,150.1430206298828,94.87999725341797,124.18791198730469,253.7286376953125,95.28883361816406
2023-03-15,150.53662109375,96.19999694824219,118.32077026367188,258.2527160644531,90.54846954345703
2023-03-16,153.3507843017578,100.04000091552734,120.61780548095703,268.721435546875,90.02274322509766
2023-03-17,152.514404296875,98.94999694824219,116.06063079833984,271.86395263671875,88.96238708496094
2023-03-20,154.87591552734375,97.70999908447266,117.28756713867188,264.85888671875,91.28801727294922
2023-03-21,156.7257843017578,100.61000061035156,120.43331909179688,266.366943359375,95.37793731689453
2023-03-22,155.29901123046875,98.69999694824219,117.324462890625,264.917236328125,93.19486236572266
2023-03-23,156.38136291503906,98.70999908447266,117.01081085205078,270.141845703125,92.14346313476562
2023-03-24,157.68023681640625,98.12999725341797,115.2303695678711,272.9730529785156,92.25037384033203
2023-03-27,155.74179077148438,98.04000091552734,118.53296661376953,268.896484375,94.27304077148438
2023-03-28,155.1218719482422,97.23999786376953,118.89273071289062,267.77764892578125,95.44923400878906
2023-03-29,158.19186401367188,100.25,119.1325912475586,272.9146728515625,97.0887680053711
2023-03-30,159.75636291503906,102.0,118.7728042602539,276.35882568359375,97.5610122680664
2023-03-31,162.25563049316406,103.29000091552734,120.21190643310547,280.4937438964844,97.7125015258789
2023-04-03,163.50526428222656,102.41000366210938,120.07353973388672,279.45269775390625,103.47758483886719
2023-04-04,162.9739227294922,103.94999694824219,118.4683837890625,279.40399169921875,102.488525390625
2023-04-05,161.13392639160156,101.0999984741211,118.64501953125,276.64093017578125,104.243896484375
2023-04-06,162.0194854736328,102.05999755859375,118.51485443115234,283.704345703125,102.51526641845703
2023-04-10,159.4316864013672,102.16999816894531,118.90534210205078,281.5542297363281,102.06082153320312
2023-04-11,158.2213897705078,99.91999816894531,119.49109649658203,275.1718444824219,102.78254699707031
2023-04-12,157.53262329101562,97.83000183105469,119.47250366210938,275.8139953613281,102.67565155029297
2023-04-13,162.90504455566406,102.4000015258789,119.92809295654297,281.9920349121094,103.15679931640625
2023-04-14,162.56068420410156,102.51000213623047,128.9838409423828,278.39227294921875,103.40631103515625
2023-04-17,162.58035278320312,102.73999786376953,130.0065155029297,280.9801330566406,102.2033920288086
2023-04-18,163.8004608154297,102.30000305175781,131.4662322998047,280.5618896484375,104.19934844970703
2023-04-19,164.9418487548828,104.30000305175781,131.29885864257812,280.6396789550781,103.86965942382812
2023-04-20,163.97756958007812,103.80999755859375,130.91769409179688,278.3630676269531,103.04096984863281
2023-04-21,162.3737030029297,106.95999908447266,130.66665649414062,278.0224914550781,103.37065124511719
2023-04-24,162.67874145507812,106.20999908447266,130.8433074951172,274.1405334472656,105.32205200195312
2023-04-25,161.1437530517578,102.56999969482422,127.99827575683594,267.9624938964844,103.8250961303711
2023-04-26,161.13392639160156,104.9800033569336,125.72969818115234,287.3723449707031,102.87167358398438
2023-04-27,165.7093505859375,109.81999969482422,127.42183685302734,296.5762023925781,104.10133361816406
2023-04-28,166.95896911621094,105.44999694824219,128.5282440185547,298.94036865234375,105.44680786132812
2023-05-01,166.87042236328125,102.05000305175781,131.28028869628906,297.286376953125,102.17665100097656
2023-05-02,165.83726501464844,103.62999725341797,129.1604766845703,297.1404724121094,98.10454559326172
2023-05-03,164.76470947265625,103.6500015258789,126.42700958251953,296.15777587890625,96.17098236083984
2023-05-04,163.13131713867188,104.0,124.69769287109375,297.1404724121094,94.48689270019531
2023-05-05,170.78662109375,105.66000366210938,127.13363647460938,302.23858642578125,96.83927917480469
2023-05-08,170.71775817871094,105.83000183105469,127.44044494628906,300.2926940917969,97.22241973876953
2023-05-09,169.01544189453125,106.62000274658203,126.8267822265625,298.6873779296875,97.2491455078125
2023-05-10,170.77679443359375,110.19000244140625,126.89187622070312,303.8536376953125,96.00167083740234
2023-05-11,170.96371459960938,112.18000030517578,126.49211120605469,301.7131652832031,94.2641372680664
2023-05-12,170.03750610351562,110.26000213623047,124.67909240722656,300.6040344238281,94.2552261352539
2023-05-15,169.5448760986328,111.19999694824219,125.72969818115234,301.0808410644531,94.43498229980469
2023-05-16,169.5448760986328,113.4000015258789,124.88363647460938,303.2990417480469,92.14308166503906
2023-05-17,170.15576171875,115.5,128.72348022460938,306.1656799316406,94.21026611328125
2023-05-18,172.48110961914062,118.1500015258789,129.69970703125,310.57293701171875,95.06412506103516
2023-05-19,172.58949279785156,116.25,129.4021759033203,310.39739990234375,95.50453186035156
2023-05-22,171.64358520507812,115.01000213623047,128.33297729492188,313.16650390625,94.3451156616211
2023-05-23,169.04232788085938,114.98999786376953,126.99417114257812,307.3943176269531,95.63036346435547
2023-05-24,169.31822204589844,116.75,125.83195495605469,306.0194396972656,96.69989776611328
2023-05-25,170.45135498046875,115.0,126.13878631591797,317.78826904296875,94.96526336669922
2023-05-26,172.8555145263672,120.11000061035156,127.31958770751953,324.58441162109375,94.3451156616211
2023-05-30,174.69810485839844,121.66000366210938,127.80303192138672,322.9462890625,93.50923919677734
2023-05-31,174.6488037109375,120.58000183105469,126.17596435546875,320.1966552734375,91.83749389648438
2023-06-01,177.44715881347656,122.7699966430664,127.91461181640625,324.2820739746094,92.89806365966797
2023-06-02,178.29449462890625,124.25,130.60157775878906,327.0317687988281,95.05513763427734
2023-06-05,176.94461059570312,125.30000305175781,129.31851196289062,327.55828857421875,94.6327133178711
2023-06-06,176.580078125,126.61000061035156,129.55099487304688,325.3546447753906,95.40565490722656
2023-06-07,175.2104949951172,121.2300033569336,130.80612182617188,315.3116760253906,97.54475402832031
2023-06-08,177.92010498046875,124.25,130.8433074951172,317.144775390625,97.23917388916016
2023-06-09,178.3043975830078,123.43000030517578,131.1036376953125,318.6365966796875,96.52014923095703
2023-06-12,181.0928497314453,126.56999969482422,131.09434509277344,323.57037353515625,95.64833068847656
2023-06-13,180.61988830566406,126.66000366210938,132.042724609375,325.9494934082031,95.66631317138672
2023-06-14,181.25050354003906,126.41999816894531,131.5499267578125,328.9233703613281,94.515869140625
2023-06-15,183.28025817871094,127.11000061035156,133.0375213623047,339.4149169921875,95.1719741821289
2023-06-16,182.20626831054688,125.48999786376953,133.195556640625,333.788818359375,94.48889923095703
2023-06-20,182.29493713378906,125.77999877929688,132.51686096191406,329.6156311035156,92.32284545898438
2023-06-21,181.26034545898438,124.83000183105469,132.3216094970703,325.2376708984375,93.35646057128906
2023-06-22,184.25575256347656,130.14999389648438,129.77410888671875,331.2342529296875,92.8441390991211
2023-06-23,183.9404296875,129.3300018310547,129.0953826904297,326.6612243652344,92.03523254394531
2023-06-26,182.55116271972656,127.33000183105469,129.4114990234375,320.40142822265625,93.73392486572266
2023-06-27,185.30018615722656,129.17999267578125,129.42079162597656,326.22247314453125,93.96762084960938
2023-06-28,186.47271728515625,129.0399932861328,128.8536376953125,327.4705505371094,94.73158264160156
2023-06-29,186.8077392578125,127.9000015258789,133.35362243652344,326.6904296875,95.89999389648438
2023-06-30,191.12347412109375,130.36000061035156,135.222412109375,332.0436096191406,96.39433288574219
2023-07-03,189.6356201171875,130.22000122070312,136.31021118164062,329.5571594238281,96.58308410644531
2023-07-05,188.52218627929688,130.3800048828125,135.40216064453125,329.7131652832031,96.08872985839844
2023-07-06,188.9951629638672,128.36000061035156,134.06350708007812,332.7552795410156,92.50260925292969
2023-07-07,187.88172912597656,129.77999877929688,135.12130737304688,328.8063659667969,92.71829986572266
2023-07-10,185.8421173095703,127.12999725341797,135.87957763671875,323.55084228515625,94.09345245361328
2023-07-11,185.3199005126953,128.77999877929688,138.00462341308594,324.1748962402344,95.24388122558594
2023-07-12,186.98509216308594,130.8000030517578,138.68797302246094,328.7868347167969,95.71125793457031
2023-07-13,187.7437744140625,134.3000030517578,139.36203002929688,334.1106262207031,93.95861053466797
2023-07-14,187.89158630371094,134.67999267578125,140.2045135498047,336.62628173828125,90.72300720214844
2023-07-17,191.14315795898438,133.55999755859375,143.58396911621094,337.10406494140625,91.11846160888672
2023-07-18,190.88697814941406,132.8300018310547,143.84613037109375,350.520751953125,90.70503234863281
2023-07-19,192.2368927001953,135.36000061035156,144.39840698242188,346.2207946777344,91.33418273925781
2023-07-20,190.29580688476562,129.9600067138672,146.1770477294922,338.21563720703125,92.9430160522461
2023-07-21,189.1232452392578,130.0,145.05369567871094,335.1929626464844,93.37442779541016
2023-07-24,189.9213409423828,128.8000030517578,147.9088592529297,336.4994812011719,94.83942413330078
2023-07-25,190.77857971191406,129.1300048828125,146.80426025390625,342.2229919433594,94.98324584960938
2023-07-26,191.6457061767578,128.14999389648438,147.68421936035156,329.3426208496094,94.45295715332031
2023-07-27,190.3844451904297,128.25,146.0553741455078,322.4685363769531,94.74954986572266
2023-07-28,192.9561767578125,132.2100067138672,146.88851928710938,329.9276428222656,93.61709594726562
2023-07-31,193.5670623779297,133.67999267578125,147.8714599609375,327.5387878417969,96.38533782958984
2023-08-01,192.7393798828125,131.69000244140625,147.1412811279297,327.9483337402344,95.82808685302734
2023-08-02,189.7538299560547,128.2100067138672,145.47494506835938,319.32891845703125,94.6327133178711
2023-08-03,188.36451721191406,128.91000366210938,146.3643035888672,318.5097961425781,96.27747344970703
2023-08-04,179.31927490234375,139.57000732421875,146.0553741455078,319.6018981933594,96.54710388183594
2023-08-07,176.22535705566406,142.22000122070312,146.74807739257812,321.87371826171875,96.34937286376953
2023-08-08,177.16140747070312,139.94000244140625,145.92430114746094,317.9150085449219,96.82574462890625
2023-08-09,175.5750274658203,137.85000610351562,143.96775817871094,314.1903076171875,98.47050476074219
2023-08-10,175.3582305908203,138.55999755859375,143.75245666503906,314.8729248046875,98.97382354736328
2023-08-11,175.41746520996094,138.41000366210938,144.58563232421875,313.0007629394531,100.51075744628906
2023-08-14,177.065185546875,140.57000732421875,144.8852081298828,315.95526123046875,100.59162902832031
2023-08-15,175.08200073242188,137.6699981689453,141.1968231201172,313.82958984375,98.00911712646484
2023-08-16,174.2137451171875,135.07000732421875,140.5977020263672,313.0674133300781,96.35989379882812
2023-08-17,171.67803955078125,133.97999572753906,139.13735961914062,309.6280517578125,98.22659301757812
2023-08-18,172.16148376464844,133.22000122070312,139.4556427001953,309.2371826171875,99.71266174316406
2023-08-21,173.4934844970703,134.67999267578125,139.9330291748047,314.5135498046875,98.50748443603516
2023-08-22,174.86492919921875,134.25,137.03102111816406,315.0802917480469,97.95474243164062
2023-08-23,178.70301818847656,135.52000427246094,137.9578094482422,319.51641845703125,97.0938949584961
2023-08-24,174.02627563476562,131.83999633789062,137.82672119140625,312.64727783203125,96.36897277832031
2023-08-25,176.22650146484375,133.25999450683594,137.65823364257812,315.5884094238281,98.09066772460938
2023-08-28,177.7854461669922,133.13999938964844,138.13568115234375,316.29193115234375,98.91525268554688
2023-08-29,181.66297912597656,134.91000366210938,139.25901794433594,320.8941650390625,99.50424194335938
2023-08-30,185.14588928222656,135.07000732421875,138.69735717773438,321.26544189453125,100.47383117675781
2023-08-31,185.36294555664062,138.00999450683594,136.98423767089844,320.2590026855469,100.7547378540039
2023-09-01,186.93174743652344,138.1199951171875,137.44296264648438,321.138427734375,102.8660659790039
2023-09-05,187.1685333251953,137.27000427246094,135.92640686035156,325.91650390625,102.8751220703125
2023-09-06,180.4691162109375,135.36000061035156,135.7017364501953,325.2618713378906,103.76314544677734
2023-09-07,175.19053649902344,137.85000610351562,134.5409393310547,322.35986328125,103.25569915771484
2023-09-08,175.80224609375,138.22999572753906,134.64389038085938,326.6199645996094,104.75991821289062
2023-09-11,176.96649169921875,143.10000610351562,135.2336883544922,330.2060546875,103.44601440429688
2023-09-12,173.9473419189453,141.22999572753906,136.99359130859375,324.1772766113281,106.46347045898438
2023-09-13,171.88522338867188,144.85000610351562,137.05914306640625,328.36907958984375,105.51202392578125
2023-09-14,173.3948211669922,144.72000122070312,139.71774291992188,330.94866943359375,107.39680480957031
2023-09-15,172.6745147705078,140.38999938964844,139.3058624267578,322.6627502441406,105.74761199951172
2023-09-18,175.59503173828125,139.97999572753906,139.59605407714844,321.5292663574219,106.59940338134766
2023-09-19,176.6803741455078,137.6300048828125,139.4181365966797,321.1286315917969,106.31848907470703
2023-09-20,173.14817810058594,135.2899932861328,138.8284149169922,313.42901611328125,105.47576141357422
2023-09-21,171.60894775390625,129.3300018310547,137.74249267578125,312.2173767089844,103.98970794677734
2023-09-22,172.45750427246094,129.1199951171875,136.4225311279297,309.7550048828125,104.15279388427734
2023-09-25,173.7303009033203,131.27000427246094,137.09657287597656,310.27288818359375,105.32174682617188
2023-09-26,169.66526794433594,125.9800033569336,135.67364501953125,304.9964599609375,105.48482513427734
2023-09-27,168.1556854248047,125.9800033569336,136.4693603515625,305.6316223144531,108.91913604736328
2023-09-28,168.41221618652344,125.9800033569336,138.16375732421875,306.4621887207031,108.25765228271484
2023-09-29,168.92527770996094,127.12000274658203,135.7579345703125,308.52386474609375,106.54503631591797
2023-10-02,171.43138122558594,129.4600067138672,134.58775329589844,314.4353942871094,104.77803039550781
2023-10-03,170.09938049316406,124.72000122070312,133.5954132080078,306.2179260253906,104.95928192138672
2023-10-04,171.34259033203125,127.0,134.19454956054688,311.6604309082031,101.03562927246094
2023-10-05,172.5758819580078,125.95999908447266,134.76039123535156,312.0512390136719,98.76121520996094
2023-10-06,175.1215057373047,127.95999908447266,136.83506774902344,319.7705078125,97.11200714111328
2023-10-09,176.60145568847656,128.25999450683594,136.5238494873047,322.2718811035156,100.51008605957031
2023-10-10,176.0094757080078,129.47999572753906,137.3537139892578,320.8746337890625,100.08417510986328
2023-10-11,177.400634765625,131.8300018310547,137.82525634765625,324.8124084472656,96.49584197998047
2023-10-12,178.2985076904297,132.3300018310547,137.50462341308594,323.5811767578125,96.47771453857422
2023-10-13,176.4633331298828,129.7899932861328,139.56988525390625,320.229736328125,99.55863189697266
2023-10-16,176.33505249023438,132.5500030517578,139.42843627929688,325.02734375,99.631103515625
2023-10-17,174.78599548339844,131.47000122070312,139.1266632080078,324.4605712890625,100.93596649169922
2023-10-18,173.4934844970703,128.1300048828125,137.59893798828125,322.5552062988281,102.34955596923828
2023-10-19,173.11854553222656,128.39999389648438,137.01425170898438,323.7375793457031,102.4129867553711
2023-10-20,170.572998046875,125.16999816894531,134.80752563476562,319.1939697265625,100.65505981445312
2023-10-23,170.69137573242188,126.55999755859375,132.96861267089844,321.7833251953125,99.17803955078125
2023-10-24,171.12547302246094,128.55999755859375,133.12893676757812,322.9656066894531,98.21751403808594
2023-10-25,168.81674194335938,121.38999938964844,132.40277099609375,332.8736267089844,98.39876556396484
2023-10-26,164.66294860839844,119.56999969482422,132.74227905273438,320.38604736328125,97.50165557861328
2023-10-27,165.97512817382812,127.73999786376953,127.9610595703125,322.2621154785156,95.64405822753906
2023-10-30,168.0175323486328,132.7100067138672,129.59251403808594,329.59051513671875,95.94308471679688
2023-10-31,168.4911651611328,133.08999633789062,131.13909912109375,330.3721923828125,95.91590118408203
2023-11-01,171.64840698242188,137.0,131.02590942382812,338.1499938964844,95.72560119628906
2023-11-02,175.20042419433594,138.07000732421875,133.36468505859375,340.3485107421875,98.86993408203125
2023-11-03,174.29266357421875,138.60000610351562,134.85472106933594,344.7259216308594,97.66476440429688
2023-11-06,176.83822631835938,139.74000549316406,135.87315368652344,348.3706359863281,95.93402862548828
2023-11-07,179.3936767578125,142.7100067138672,135.80715942382812,352.279052734375,94.42981719970703
2023-11-08,180.44940185546875,142.0800018310547,136.47674560546875,354.88800048828125,93.26993560791016
2023-11-09,179.97581481933594,140.60000610351562,136.07122802734375,352.4353332519531,93.29713439941406
2023-11-10,184.15484619140625,143.55999755859375,138.0893096923828,361.20989990234375,94.01300048828125
2023-11-13,182.57412719726562,142.58999633789062,137.47633361816406,358.28826904296875,95.00067901611328
2023-11-14,185.1823272705078,145.8000030517578,139.98483276367188,361.7961120605469,95.366455078125
2023-11-15,185.74546813964844,143.1999969482422,141.2107696533203,361.94305419921875,94.79037475585938
2023-11-16,187.42501831054688,142.8300018310547,142.82337951660156,368.3071594238281,93.69304656982422
2023-11-17,187.40524291992188,145.17999267578125,144.1153564453125,362.11920166015625,95.97914123535156
2023-11-20,189.14401245117188,146.1300048828125,144.5585479736328,369.5506286621094,95.55848693847656
2023-11-21,188.3437957763672,143.89999389648438,144.25680541992188,365.27197265625,95.52190399169922
2023-11-22,189.00572204589844,146.7100067138672,144.59629821777344,369.9520263671875,95.11042785644531
2023-11-24,187.68185424804688,146.74000549316406,144.79432678222656,369.5407409667969,95.62251281738281
2023-11-27,187.50401306152344,147.72999572753906,144.46424865722656,370.69610595703125,95.06470489501953
2023-11-28,188.10665893554688,147.02999877929688,144.79432678222656,374.7007141113281,95.00984191894531
2023-11-29,187.08908081054688,146.32000732421875,145.52989196777344,370.93115234375,93.58331298828125
2023-11-30,187.66207885742188,146.08999633789062,147.1896514892578,370.9898376464844,93.94908905029297
2023-12-01,188.93655395507812,147.02999877929688,147.90634155273438,366.6818542480469,94.17769622802734
2023-12-04,187.14833068847656,144.83999633789062,148.99087524414062,361.4241027832031,93.66561126708984
2023-12-05,191.09030151367188,146.8800048828125,148.9719696044922,364.7334289550781,91.84589385986328
2023-12-06,190.00355529785156,144.52000427246094,147.40655517578125,361.0912170410156,90.62969207763672
2023-12-07,191.93006896972656,146.8800048828125,147.8592071533203,363.19622802734375,89.99872589111328
2023-12-08,193.35272216796875,147.4199981689453,149.4906768798828,366.4077453613281,91.03204345703125
2023-12-11,190.85317993164062,145.88999938964844,150.03761291503906,363.5389099121094,91.09606170654297
2023-12-12,192.3647918701172,147.47999572753906,151.37672424316406,366.5545654296875,89.660400390625
2023-12-13,195.5756378173828,148.83999633789062,151.885986328125,366.5447692871094,90.45594024658203
2023-12-14,195.7238006591797,147.4199981689453,154.64910888671875,358.2812194824219,92.88833618164062
2023-12-15,195.1903076171875,149.97000122070312,155.81846618652344,362.9808654785156,92.26653289794922
2023-12-18,193.53054809570312,154.07000732421875,156.76148986816406,364.8607482910156,92.9523696899414
2023-12-19,194.56790161132812,153.7899932861328,158.85504150390625,365.4580078125,94.17769622802734
2023-12-20,192.48330688476562,152.1199951171875,157.0632781982422,362.87322998046875,92.6048812866211
2023-12-21,192.3351287841797,153.83999633789062,157.9591522216797,365.7321472167969,93.0255126953125
2023-12-22,191.26812744140625,153.4199981689453,157.86485290527344,366.75030517578125,93.19010162353516
2023-12-26,190.72474670410156,153.41000366210938,158.7984619140625,366.8287353515625,93.40043640136719
2023-12-27,190.8235321044922,153.33999633789062,159.7509307861328,366.2510070800781,92.96149444580078
2023-12-28,191.2483673095703,153.3800048828125,160.5996856689453,367.435791015625,91.61727905273438
2023-12-29,190.21099853515625,151.94000244140625,160.41107177734375,368.17987060546875,91.42524719238281
2024-01-02,183.40402221679688,149.92999267578125,162.27825927734375,363.1179504394531,93.60161590576172
2024-01-03,182.03076171875,148.47000122070312,161.57101440429688,362.8536071777344,94.38801574707031
2024-01-04,179.7189483642578,144.57000732421875,162.64321899414062,360.2491760253906,93.56501770019531
2024-01-05,178.99771118164062,145.24000549316406,163.45924377441406,360.0631408691406,93.8485107421875
2024-01-08,183.32498168945312,149.10000610351562,163.2220458984375,366.85809326171875,92.2848129272461
2024-01-09,182.91001892089844,151.3699951171875,161.9315948486328,367.9350891113281,91.14177703857422
2024-01-10,183.9473876953125,153.72999572753906,162.27317810058594,374.7691650390625,90.24563598632812
2024-01-11,183.35462951660156,155.17999267578125,161.5900115966797,376.5903015136719,90.22732543945312
2024-01-12,183.6806182861328,154.6199951171875,160.4039306640625,380.35003662109375,91.3978042602539
2024-01-16,181.41822814941406,153.16000366210938,159.3981170654297,382.1124572753906,89.33119201660156
2024-01-17,180.47964477539062,151.7100067138672,158.54417419433594,381.32916259765625,88.68195343017578
2024-01-18,186.3579864501953,153.5,158.8572998046875,385.6371765136719,88.51734924316406
2024-01-19,189.25270080566406,155.33999633789062,161.59950256347656,390.3368225097656,88.65451049804688
2024-01-22,191.5546417236328,154.77999877929688,161.40968322753906,388.2220458984375,88.53563690185547
2024-01-23,192.82908630371094,156.02000427246094,160.34701538085938,390.5620422363281,89.53236389160156
2024-01-24,192.1573028564453,156.8699951171875,161.77976989746094,394.1455078125,91.07777404785156
2024-01-25,191.83123779296875,157.75,164.094970703125,396.4072265625,93.39128875732422
2024-01-26,190.10232543945312,159.1199951171875,163.4687042236328,395.4868469238281,94.18684387207031
2024-01-29,189.42063903808594,161.25999450683594,163.89572143554688,401.1558837890625,94.30570983886719
2024-01-30,185.7751007080078,159.0,167.2546844482422,400.04949951171875,95.87854766845703
2024-01-31,182.17893981933594,155.1999969482422,165.44235229492188,389.26959228515625,94.01309204101562
2024-02-01,184.6093292236328,159.27999877929688,164.8445587158203,395.3400573730469,93.6290512084961
2024-02-02,183.6114959716797,171.80999755859375,165.7934112548828,402.6244812011719,93.24496459960938
2024-02-05,185.41943359375,170.30999755859375,165.57516479492188,397.1708984375,92.86090850830078
2024-02-06,187.01992797851562,169.14999389648438,166.14450073242188,397.0142822265625,93.50102233886719
2024-02-07,187.1286163330078,170.52999877929688,166.45761108398438,405.3953857421875,93.47359466552734
2024-02-08,186.05178833007812,169.83999633789062,165.8598175048828,405.4541320800781,95.07384490966797
2024-02-09,186.81344604492188,174.4499969482422,166.05908203125,411.7594909667969,93.06208038330078
2024-02-12,185.13174438476562,172.33999633789062,166.79917907714844,406.5801086425781,94.34229278564453
2024-02-13,183.0445098876953,168.63999938964844,165.34747314453125,397.826904296875,93.53011322021484
2024-02-14,182.16409301757812,170.97999572753906,167.02691650390625,401.67205810546875,93.06864166259766
2024-02-15,181.8772430419922,169.8000030517578,170.6705322265625,398.7980651855469,95.73592376708984
2024-02-16,180.34396362304688,169.50999450683594,169.87350463867188,396.3457946777344,95.73592376708984
2024-02-20,179.60203552246094,167.0800018310547,170.5376739501953,395.1000061035156,94.83143615722656
2024-02-21,180.35385131835938,168.58999633789062,171.6478729248047,394.5016174316406,96.76959991455078
2024-02-22,182.38172912597656,174.5800018310547,173.7068634033203,403.7908630371094,96.6865463256836
2024-02-23,180.5517120361328,174.99000549316406,174.57981872558594,402.505859375,95.83744049072266
2024-02-26,179.2063751220703,174.72999572753906,173.98202514648438,399.75933837890625,96.21585083007812
2024-02-27,180.6605224609375,173.5399932861328,174.06744384765625,399.70050048828125,96.01280212402344
2024-02-28,179.4635467529297,173.16000366210938,174.9498748779297,399.9359130859375,96.28046417236328
2024-02-29,178.80076599121094,176.75999450683594,176.54396057128906,405.74285888671875,96.46504211425781
2024-03-01,177.7225341796875,178.22000122070312,175.81329345703125,407.5673522949219,97.68331146240234
2024-03-04,173.21173095703125,177.5800018310547,177.1322021484375,406.99847412109375,96.31737518310547
2024-03-05,168.28538513183594,174.1199951171875,178.9066162109375,394.96270751953125,97.49871826171875
2024-03-06,167.2961883544922,173.50999450683594,179.8364715576172,394.41339111328125,98.54164123535156
2024-03-07,167.17747497558594,176.82000732421875,178.26136779785156,401.328857421875,99.09542083740234
2024-03-08,168.88882446289062,175.35000610351562,178.5934600830078,398.4645080566406,100.0275650024414
2024-03-11,170.88705444335938,171.9600067138672,178.65988159179688,396.7969970703125,100.61824035644531
2024-03-12,171.3618621826172,175.38999938964844,180.130615234375,407.3515319824219,99.97219848632812
2024-03-13,169.2845458984375,176.55999755859375,181.5918426513672,407.17498779296875,101.08894348144531
2024-03-14,171.1343536376953,178.75,178.35626220703125,417.1017761230469,102.87942504882812
2024-03-15,170.75845336914062,174.4199981689453,180.5670928955078,408.4698486328125,102.69483184814453
2024-03-18,171.84657287597656,174.47999572753906,182.806396484375,409.3525695800781,103.64546966552734
2024-03-19,174.18113708496094,175.89999389648438,183.87857055664062,413.364501953125,104.37458801269531
2024-03-20,176.7432098388672,178.14999389648438,186.28871154785156,417.1116027832031,104.28230285644531
2024-03-21,169.5219268798828,178.14999389648438,188.87904357910156,421.1725769042969,104.74375915527344
2024-03-22,170.422119140625,178.8699951171875,186.5638427734375,420.5545654296875,104.74375915527344
2024-03-25,169.0075225830078,179.7100067138672,184.8559112548828,414.78680419921875,105.81436157226562
2024-03-26,167.87985229492188,178.3000030517578,185.71932983398438,413.59991455078125,105.02064514160156
2024-03-27,171.4409942626953,179.8300018310547,189.3155517578125,413.3841552734375,106.10970306396484
2024-03-28,169.6307373046875,180.3800048828125,190.05563354492188,412.68768310546875,107.28182220458984
2024-04-01,168.1963653564453,180.97000122070312,188.76519775390625,416.46417236328125,107.9740219116211
2024-04-02,167.01922607421875,180.69000244140625,188.68930053710938,413.3939514160156,110.08753967285156
2024-04-03,167.8204803466797,182.41000366210938,188.15789794921875,412.42291259765625,110.10599517822266
2024-04-04,166.99942016601562,180.0,186.7263641357422,409.9019470214844,110.49365234375
2024-04-05,167.75123596191406,185.07000732421875,188.44424438476562,417.39605712890625,112.01648712158203
2024-04-08,166.6334228515625,185.19000244140625,189.42724609375,416.4838562011719,111.25968170166016
2024-04-09,167.84027099609375,185.6699981689453,188.15792846679688,418.1415710449219,111.84111022949219
2024-04-10,165.97064208984375,185.9499969482422,186.5545654296875,415.17919921875,112.78250885009766
2024-04-11,173.15232849121094,189.0500030517578,186.516357421875,419.760009765625,112.40411376953125
2024-04-12,174.64608764648438,186.1300048828125,174.452880859375,413.8451843261719,111.09354400634766
2024-04-15,170.8277130126953,183.6199951171875,174.54830932617188,405.74285888671875,110.45671844482422
2024-04-16,167.5533905029297,183.32000732421875,172.55364990234375,406.6649169921875,109.54301452636719
2024-04-17,166.18826293945312,181.27999877929688,171.8665313720703,403.97723388671875,109.48765563964844
2024-04-18,165.23861694335938,179.22000122070312,172.98313903808594,396.5517578125,109.38611602783203
2024-04-19,163.2206268310547,174.6300048828125,177.32562255859375,391.5000915527344,110.64130401611328
2024-04-22,164.05154418945312,177.22999572753906,180.77096557617188,393.3049621582031,111.2688980102539
2024-04-23,165.1001434326172,179.5399932861328,183.37643432617188,399.7887878417969,111.70268249511719
2024-04-24,167.19729614257812,176.58999633789062,184.27357482910156,401.25030517578125,111.72114562988281
2024-04-25,168.05789184570312,173.6699981689453,184.5503387451172,391.4216003417969,111.97956085205078
2024-04-26,167.47425842285156,179.6199951171875,184.66485595703125,398.5625915527344,108.86927795410156
2024-04-29,171.6289825439453,180.9600067138672,184.46441650390625,394.57037353515625,110.41980743408203
2024-04-30,168.4931640625,175.0,182.99468994140625,381.8970031738281,109.15538024902344
2024-05-01,167.47425842285156,179.0,183.1092071533203,387.39990234375,107.08800506591797
2024-05-02,171.16400146484375,184.72000122070312,182.9183349609375,390.2445068359375,107.28182220458984
2024-05-03,181.4023895263672,186.2100067138672,181.82077026367188,398.8961486816406,107.06031036376953
2024-05-06,179.7504425048828,188.6999969482422,183.24281311035156,405.6448059082031,107.75251770019531
2024-05-07,180.43295288085938,188.75999450683594,183.00421142578125,401.5250244140625,107.21722412109375
2024-05-08,180.7693328857422,188.0,186.7263641357422,402.7020568847656,107.19876861572266
2024-05-09,182.57957458496094,189.5,188.49197387695312,404.4480895996094,109.3122787475586
2024-05-10,181.3215789794922,187.47999572753906,189.7040557861328,406.8218994140625,108.86927795410156
2024-05-13,184.52105712890625,186.57000732421875,189.66586303710938,405.8213195800781,108.82313537597656
2024-05-14,185.66021728515625,187.07000732421875,192.3190460205078,408.60711669921875,109.48373413085938
2024-05-15,187.9285888671875,185.99000549316406,192.8916778564453,415.7511901855469,110.33042907714844
2024-05-16,188.04747009277344,183.6300048828125,193.2352752685547,413.6973571777344,109.6698226928711
2024-05-17,188.07717895507812,184.6999969482422,195.44944763183594,412.9309387207031,111.3166732788086
2024-05-20,189.2361297607422,183.5399932861328,186.65953063964844,417.9720458984375,110.4141616821289
2024-05-21,190.5337677001953,183.14999389648438,190.4198455810547,421.60797119140625,109.65120697021484
2024-05-22,189.0974578857422,183.1300048828125,189.26499938964844,423.0622863769531,107.44609832763672
2024-05-23,185.1154327392578,181.0500030517578,187.9384002685547,419.6033020019531,105.6131362915039
2024-05-24,188.18612670898438,180.75,191.55555725097656,422.7085876464844,105.52940368652344
2024-05-28,188.196044921875,182.14999389648438,190.40072631835938,422.8657531738281,106.86921691894531
2024-05-29,188.4932098388672,182.02000427246094,189.07412719726562,421.7357177734375,105.72479248046875
2024-05-30,189.48377990722656,179.32000732421875,190.2384796142578,407.48687744140625,106.05973815917969
2024-05-31,190.4346923828125,176.44000244140625,193.3879852294922,407.93890380859375,109.10224914550781
2024-06-03,192.19789123535156,178.33999633789062,192.6149139404297,406.3567810058594,106.48774719238281
2024-06-04,192.51490783691406,179.33999633789062,190.07623291015625,408.86260986328125,104.83158111572266
2024-06-05,194.02052307128906,181.27999877929688,188.2628936767578,416.6650695800781,105.25028228759766
2024-06-06,192.64366149902344,185.0,187.92886352539062,417.1662292480469,106.04114532470703
2024-06-07,195.03089904785156,184.3000030517578,190.83021545410156,416.50787353515625,104.9060287475586
2024-06-10,191.2965087890625,187.05999755859375,190.50572204589844,420.4582214355469,105.21305847167969
2024-06-11,205.19398498535156,187.22999572753906,185.49517822265625,425.1849060058594,104.3663558959961
2024-06-12,211.0581512451172,186.88999938964844,182.7942657470703,433.4197692871094,103.21263122558594
2024-06-13,212.21705627441406,183.8300018310547,184.8271026611328,433.93072509765625,102.38455200195312
2024-06-14,210.48361206054688,183.66000366210938,184.94161987304688,434.90362548828125,101.51925659179688
2024-06-17,214.62411499023438,184.05999755859375,186.08688354492188,440.60308837890625,100.82142639160156
2024-06-18,212.26658630371094,182.80999755859375,188.0147705078125,438.6082763671875,101.77046203613281
2024-06-20,207.7001190185547,186.10000610351562,189.6085968017578,437.9793701171875,103.96627807617188
2024-06-21,205.5308074951172,189.0800018310547,187.3467254638672,441.98870849609375,103.0544662475586
2024-06-24,206.1746826171875,185.57000732421875,189.80902099609375,439.9152526855469,106.11559295654297
2024-06-25,207.09588623046875,186.33999633789062,189.0359649658203,443.1384582519531,106.41331481933594
2024-06-26,211.2364044189453,193.61000061035156,188.42514038085938,444.32745361328125,106.45053100585938
2024-06-27,212.07839965820312,197.85000610351562,190.08578491210938,445.0054931640625,106.90644073486328
2024-06-28,208.6312255859375,193.25,193.03485107421875,439.20770263671875,107.11113739013672
2024-07-01,214.703369140625,197.1999969482422,196.07933044433594,448.81829833984375,106.96227264404297
2024-07-02,218.19015502929688,200.0,199.30520629882812,451.3241271972656,106.23653411865234
2024-07-03,219.45806884765625,197.58999633789062,199.17156982421875,452.7882995605469,106.77618408203125
2024-07-05,224.20281982421875,200.0,196.53245544433594,459.4607238769531,105.48287963867188
2024-07-08,225.66885375976562,199.2899932861328,196.8971405029297,458.16351318359375,104.37567901611328
2024-07-09,226.5207061767578,199.33999633789062,199.25796508789062,451.57965087890625,103.2219467163086
2024-07-10,230.7801055908203,199.7899932861328,199.42111206054688,458.1734313964844,104.13375854492188
2024-07-11,225.4211883544922,195.0500030517578,199.08522033691406,446.823486328125,105.3712387084961
2024-07-12,228.36314392089844,194.49000549316406,196.6764373779297,445.6933898925781,105.38982391357422
2024-07-15,232.1867218017578,192.72000122070312,201.58038330078125,446.0962829589844,107.19487762451172
2024-07-16,232.60276794433594,193.02000427246094,205.0064239501953,441.7331848144531,107.96713256835938
2024-07-17,226.71884155273438,187.92999267578125,208.12538146972656,435.8371276855469,109.45581817626953
2024-07-18,222.063232421875,183.75,201.51318359375,432.74169921875,110.5351333618164
2024-07-19,222.1919708251953,183.1300048828125,201.32125854492188,429.53814697265625,107.99504852294922
2024-07-22,221.8452911376953,182.5500030517578,201.80108642578125,435.2672119140625,107.25070190429688
2024-07-23,222.88536071777344,186.41000366210938,201.84909057617188,437.1441345214844,105.52011108398438
2024-07-24,216.4764862060547,180.8300018310547,200.17922973632812,421.4703674316406,107.00879669189453
2024-07-25,215.43638610839844,179.85000610351562,200.25599670410156,411.15228271484375,109.26043701171875
2024-07-26,215.9019317626953,182.5,203.68206787109375,417.90325927734375,109.1673812866211
2024-07-29,216.17929077148438,183.1999969482422,202.34812927246094,419.3379821777344,108.02294921875
2024-07-30,216.7340087890625,181.7100067138672,206.5131378173828,415.59393310546875,109.94893646240234
2024-07-31,219.98304748535156,186.97999572753906,204.219482421875,411.1031494140625,110.33971405029297
2024-08-01,216.29815673828125,184.07000732421875,199.5746612548828,409.8846435546875,108.8138198852539
2024-08-02,217.78399658203125,167.89999389648438,191.11029052734375,401.4139099121094,108.74869537353516
2024-08-05,207.29397583007812,161.02000427246094,187.04124450683594,388.3049621582031,106.78549194335938
2024-08-06,205.27325439453125,161.92999267578125,192.2618865966797,392.6877136230469,106.21793365478516
2024-08-07,207.8388214111328,162.77000427246094,192.31948852539062,391.52825927734375,107.6321792602539
2024-08-08,211.2958221435547,165.8000030517578,195.83187866210938,395.71441650390625,109.68842315673828
2024-08-09,214.19818115234375,166.94000244140625,197.5017547607422,398.9866943359375,110.58163452148438
2024-08-12,215.72540283203125,166.8000030517578,197.87600708007812,399.76300048828125,110.7212142944336
2024-08-13,219.43438720703125,170.22999572753906,199.5554656982422,406.83831787109375,109.66051483154297
2024-08-14,219.88063049316406,170.10000610351562,201.76271057128906,409.638916015625,110.6746826171875
2024-08-15,222.8557586669922,177.58999633789062,203.01988220214844,414.482421875,111.35936737060547
2024-08-16,224.1747283935547,177.05999755859375,205.34230041503906,411.96221923828125,110.83412170410156
2024-08-19,224.0160675048828,178.22000122070312,206.7626190185547,414.9746398925781,111.17178344726562
2024-08-20,224.6309051513672,178.8800048828125,205.87013244628906,418.19378662109375,107.46699523925781
2024-08-21,224.52182006835938,180.11000061035156,205.94691467285156,417.5440673828125,106.78231048583984
2024-08-22,222.66732788085938,176.1300048828125,207.8950653076172,409.087646484375,107.6076889038086
2024-08-23,224.9581756591797,177.0399932861328,209.50730895996094,410.3083801269531,109.0989761352539
2024-08-26,225.2953338623047,175.5,210.3326416015625,407.0596618652344,111.43440246582031
2024-08-27,226.1383056640625,173.1199951171875,211.30191040039062,407.40423583984375,110.37454986572266
2024-08-28,224.611083984375,170.8000030517578,212.36715698242188,404.2146301269531,109.28656005859375
2024-08-29,227.8837127685547,172.1199951171875,213.2500457763672,406.6954650878906,110.79661560058594
2024-08-30,227.1002655029297,178.5,215.73562622070312,410.6529541015625,110.61841583251953
2024-09-03,220.92193603515625,176.25,211.41708374023438,403.0726623535156,108.30174255371094
2024-09-04,219.0178985595703,173.3300018310547,210.48617553710938,402.5410461425781,106.9792709350586
2024-09-05,220.53518676757812,177.88999938964844,208.85475158691406,402.03900146484375,106.14453125
2024-09-06,218.98814392089844,171.38999938964844,203.89320373535156,395.45306396484375,105.6474380493164
2024-09-09,219.07736206054688,175.39999389648438,208.06781005859375,399.4105529785156,107.87030792236328
2024-09-10,218.2840118408203,179.5500030517578,197.2714080810547,407.7586669921875,103.94041442871094
2024-09-11,220.81285095214844,184.52000427246094,198.87408447265625,416.461181640625,102.90869903564453
2024-09-12,220.92193603515625,187.0,198.26947021484375,420.3595886230469,104.32495880126953
2024-09-13,220.6541748046875,186.49000549316406,196.0814208984375,423.8937683105469,104.24993133544922
2024-09-16,214.5254669189453,184.88999938964844,199.47866821289062,424.6321105957031,105.71307373046875
2024-09-17,214.99154663085938,186.8800048828125,200.81263732910156,428.3828125,107.09182739257812
2024-09-18,218.8591766357422,186.42999267578125,199.1619873046875,424.1103210449219,107.46699523925781
2024-09-19,226.97132873535156,189.8699951171875,201.9930419921875,431.8678283691406,108.798828125
2024-09-20,226.30690002441406,191.60000610351562,202.57843017578125,428.5009460449219,108.1141586303711
2024-09-23,224.59124755859375,193.8800048828125,202.91433715820312,426.7684020996094,110.07441711425781
2024-09-24,225.48379516601562,193.9600067138672,203.0582733154297,422.495849609375,109.78365325927734
2024-09-25,224.49208068847656,192.52999877929688,201.71473693847656,425.3900451660156,107.64520263671875
2024-09-26,225.63255310058594,191.16000366210938,201.32125854492188,424.6025695800781,105.79749298095703
2024-09-27,225.90028381347656,187.97000122070312,202.0122528076172,421.3637390136719,108.63002014160156
2024-09-30,231.0670928955078,186.3300018310547,202.3577423095703,423.6082458496094,109.94310760498047
2024-10-01,224.33343505859375,185.1300048828125,198.6917266845703,414.1477355957031,112.48487091064453
2024-10-02,224.89869689941406,184.75999450683594,198.93167114257812,410.6430969238281,113.97616577148438
2024-10-03,223.79788208007812,181.9600067138672,196.9547119140625,410.0622253417969,114.97036743164062
2024-10-04,224.9185028076172,186.50999450683594,203.94537353515625,409.5897216796875,117.08069610595703
2024-10-07,219.8509063720703,180.8000030517578,203.66534423828125,403.1711120605469,117.587158203125
2024-10-08,223.8970489501953,182.72000122070312,203.49154663085938,408.2607116699219,114.4638900756836
2024-10-09,227.63577270507812,185.1699981689453,206.069580078125,410.96795654296875,114.51078033447266
2024-10-10,227.13990783691406,186.64999389648438,205.5095977783203,409.3731384277344,115.49560546875
2024-10-11,225.66229248046875,188.82000732421875,214.63409423828125,409.8457336425781,115.93643188476562
2024-10-14,229.38119506835938,187.5399932861328,213.8520050048828,412.621826171875,116.37724304199219
2024-10-15,231.9100341796875,187.69000244140625,214.73065185546875,412.22802734375,112.87879180908203
2024-10-16,229.85719299316406,186.88999938964844,215.9376220703125,409.6487731933594,113.16956329345703
2024-10-17,230.22412109375,187.52999877929688,216.69073486328125,410.2394714355469,112.87879180908203
2024-10-18,233.05047607421875,188.99000549316406,217.60801696777344,411.6570739746094,112.55992126464844
2024-10-21,234.51820373535156,189.07000732421875,215.3196563720703,412.26739501953125,112.62555694580078
2024-10-22,233.9033660888672,189.6999969482422,216.40106201171875,420.8616638183594,113.20706176757812
2024-10-23,228.8456573486328,184.7100067138672,215.71554565429688,417.9969177246094,112.80376434326172
2024-10-24,228.65725708007812,186.3800048828125,217.23146057128906,418.1249084472656,112.16597747802734
2024-10-25,229.4902801513672,187.8300018310547,214.65341186523438,421.49169921875,112.07217407226562
2024-10-28,231.4637451171875,188.38999938964844,217.7335205078125,419.9559326171875,111.51880645751953
2024-10-29,231.73153686523438,190.8300018310547,215.2230987548828,425.232666015625,109.9993896484375
2024-10-30,228.19114685058594,192.72999572753906,216.6810760498047,425.8036193847656,109.44601440429688
2024-10-31,224.03590393066406,186.39999389648438,214.27684020996094,400.0306701660156,109.53043365478516
2024-11-01,221.060791015625,197.92999267578125,215.26171875,403.9881896972656,107.81402587890625
2024-11-04,220.1682586669922,195.77999877929688,212.21055603027344,402.10791015625,111.24681854248047
2024-11-05,221.59628295898438,199.5,213.86166381835938,405.0612487792969,111.5750961303711
2024-11-06,220.8723602294922,207.08999633789062,238.55101013183594,413.6456604003906,113.48844909667969
2024-11-07,225.5928497314453,210.0500030517578,228.23883056640625,418.8139953613281,113.62913513183594
2024-11-08,225.3248291015625,208.17999267578125,228.81817626953125,415.9689636230469,113.59161376953125
2024-11-11,222.61447143554688,206.83999633789062,231.04859924316406,411.5094299316406,112.9913558959961
2024-11-12,222.61447143554688,208.91000366210938,231.30931091308594,416.4512939453125,112.87879180908203
2024-11-13,223.49806213378906,214.10000610351562,232.8542022705078,418.5876159667969,113.92926788330078
2024-11-14,226.57574462890625,211.47999572753906,233.5397491455078,420.2513427734375,114.00491333007812
2024-11-15,223.3789520263672,202.61000061035156,236.86126708984375,408.5461730957031,112.82288360595703
2024-11-18,226.377197265625,201.6999969482422,236.59092712402344,409.2944030761719,113.76850891113281
2024-11-19,226.6352996826172,204.61000061035156,234.7177276611328,411.2928161621094,112.17986297607422
2024-11-20,227.35011291503906,202.8800048828125,232.4873046875,409.0285949707031,113.77796173095703
2024-11-21,226.8735809326172,198.3800048828125,236.33021545410156,407.26287841796875,115.30043029785156
2024-11-22,228.21383666992188,197.1199951171875,239.98971557617188,411.3368225097656,115.16803741455078
2024-11-25,231.19223022460938,201.4499969482422,241.66973876953125,413.1025390625,113.4469985961914
2024-11-26,233.366455078125,207.86000061035156,241.3607940673828,422.1775817871094,111.55574035644531
2024-11-27,233.2373809814453,205.74000549316406,241.18698120117188,417.2454833984375,111.2625961303711
2024-11-29,235.6201171875,207.88999938964844,241.11941528320312,417.70904541015625,111.54629516601562
2024-12-02,237.86383056640625,210.7100067138672,237.76889038085938,425.1269226074219,111.44226837158203
2024-12-03,240.90176391601562,213.44000244140625,236.38816833496094,425.343994140625,111.27205657958984
2024-12-04,241.2591552734375,218.16000366210938,235.01702880859375,431.4795227050781,108.06637573242188
2024-12-05,241.2889404296875,220.5500030517578,237.02540588378906,436.6088562011719,108.53919219970703
2024-12-06,241.09039306640625,227.02999877929688,238.84066772460938,437.54595947265625,107.39498901367188
2024-12-09,244.97222900390625,226.08999633789062,235.41294860839844,439.96270751953125,106.76141357421875
2024-12-10,245.98487854003906,225.0399932861328,234.4956512451172,437.3092041015625,106.54391479492188
2024-12-11,244.714111328125,230.25999450683594,235.14256286621094,442.89239501953125,105.8346939086914
2024-12-12,246.1735076904297,228.97000122070312,233.2114715576172,443.45458984375,105.74011993408203
2024-12-13,246.34228515625,227.4600067138672,231.6762237548828,441.1956481933594,104.81340789794922
2024-12-16,249.2313232421875,232.92999267578125,231.32861328125,445.4570617675781,102.57228088378906
2024-12-17,251.6537322998047,231.14999389648438,230.15061950683594,448.2880554199219,102.13729858398438
2024-12-18,246.2628936767578,220.52000427246094,222.43582153320312,431.44989013671875,100.63374328613281
2024-12-19,247.99032592773438,223.2899932861328,224.93663024902344,431.09478759765625,99.7732162475586
2024-12-20,252.656494140625,224.9199981689453,229.41680908203125,430.6706237792969,100.1136474609375
2024-12-23,253.43084716796875,225.05999755859375,230.17958068847656,429.3389892578125,100.520263671875
2024-12-24,256.3397521972656,229.0500030517578,233.96458435058594,433.363525390625,100.61483764648438
2024-12-26,257.15380859375,227.0500030517578,234.76600646972656,432.1601257324219,100.6999282836914
2024-12-27,253.74855041503906,223.75,232.86386108398438,424.6830139160156,100.69047546386719
2024-12-30,250.38294982910156,221.3000030517578,231.0775909423828,419.0604248046875,100.00962829589844
2024-12-31,248.61578369140625,219.38999938964844,231.45416259765625,415.77569580078125,101.7212142944336
2025-01-02,242.0931396484375,220.22000122070312,231.73416137695312,412.89532470703125,101.47534942626953
2025-01-03,241.6066436767578,224.19000244140625,234.9011993408203,417.6005859375,101.99545288085938
2025-01-06,243.2348175048828,227.61000061035156,233.7559356689453,422.0394592285156,101.88197326660156
2025-01-07,240.46493530273438,222.11000061035156,236.00759887695312,416.63385009765625,102.83704376220703
2025-01-08,240.95138549804688,222.1300048828125,235.96881103515625,418.7941589355469,101.11600494384766
2025-01-10,235.14356994628906,218.94000244140625,232.80477905273438,413.26031494140625,100.74722290039062
2025-01-13,232.71121215820312,218.4600067138672,237.01698303222656,411.52423095703125,103.34769439697266
2025-01-14,231.5992889404297,217.75999450683594,240.1809539794922,410.02490234375,103.75431823730469
2025-01-15,236.15623474121094,223.35000610351562,244.91722106933594,420.5203552246094,105.44698333740234
2025-01-16,226.61546325683594,220.66000366210938,246.78065490722656,418.8138427734375,105.2673110961914
2025-01-17,228.32305908203125,225.94000244140625,251.52664184570312,423.20343017578125,106.21294403076172
2025-01-21,221.03591918945312,230.7100067138672,255.28265380859375,422.6806335449219,105.40916442871094
2025-01-22,222.21737670898438,235.00999450683594,255.09825134277344,440.1402587890625,103.57464599609375
2025-01-23,222.04859924316406,235.4199981689453,258.11663818359375,440.6433410644531,104.16093444824219
2025-01-24,221.17491149902344,234.85000610351562,257.0393371582031,438.0293273925781,102.751953125
2025-01-27,228.2039337158203,235.4199981689453,258.01959228515625,428.6583557128906,104.17984008789062
2025-01-28,236.5434112548828,238.14999389648438,259.2715759277344,441.1266784667969,102.16565704345703
2025-01-29,237.63548278808594,237.07000732421875,258.7280578613281,436.32281494140625,102.76139831542969
2025-01-30,235.87820434570312,234.63999938964844,260.3294677734375,409.3540954589844,103.61247253417969
2025-01-31,234.2996826171875,237.67999267578125,259.4268798828125,409.42315673828125,101.02144622802734
2025-02-03,226.3672332763672,237.4199981689453,258.9513244628906,405.3393859863281,101.2673110961914
2025-02-04,231.12271118164062,242.05999755859375,260.04803466796875,406.7696838378906,103.98126220703125
2025-02-05,230.79510498046875,236.1699981689453,262.46466064453125,407.6772155761719,103.90560913085938
2025-02-06,231.53970336914062,238.8300018310547,268.74407958984375,410.1728515625,102.5344467163086
2025-02-07,225.99000549316406,229.14999389648438,267.6764831542969,404.185302734375,102.96944427490234
2025-02-10,226.25831604003906,233.13999938964844,263.0567321777344,406.6217346191406,104.93634796142578
2025-02-11,231.1979522705078,232.75999450683594,266.8904113769531,405.8523254394531,105.59828186035156
2025-02-12,235.42196655273438,228.92999267578125,267.33685302734375,403.48492431640625,102.42117309570312
2025-02-13,240.05348205566406,230.3699951171875,268.18121337890625,404.9645690917969,103.16536712646484
2025-02-14,243.10472106933594,228.67999267578125,268.4432373046875,402.8831787109375,103.27030944824219
2025-02-18,242.97552490234375,226.64999389648438,271.7043151855469,404.0767517089844,105.08308410644531
2025-02-19,243.37303161621094,226.6300048828125,271.0249328613281,409.1370849609375,105.23574829101562
2025-02-20,244.32717895507812,222.8800048828125,258.94158935546875,411.3016662597656,106.85767364501953
2025-02-21,244.0489044189453,216.5800018310547,256.45697021484375,403.47357177734375,105.60783386230469
2025-02-24,245.58944702148438,212.7100067138672,253.64242553710938,399.31243896484375,106.16119384765625
2025-02-25,245.52981567382812,212.8000030517578,249.81845092773438,393.2831726074219,104.69190216064453
2025-02-26,238.89064025878906,214.35000610351562,251.1675567626953,395.09197998046875,104.43429565429688
2025-02-27,235.84934997558594,208.74000549316406,251.41986083984375,387.9754943847656,105.09262084960938
2025-02-28,240.36158752441406,212.27999877929688,256.85491943359375,392.3837585449219,106.21844482421875
2025-03-03,236.5749053955078,205.02000427246094,252.94361877441406,383.98236083984375,102.8123550415039
2025-03-04,234.4877166748047,203.8000030517578,242.8790740966797,384.1009826660156,102.60245513916016
2025-03-05,234.2988739013672,208.36000061035156,244.12136840820312,396.3669738769531,100.598876953125
2025-03-06,233.89138793945312,200.6999969482422,239.27833557128906,392.2849426269531,102.67878723144531
2025-03-07,237.60853576660156,199.25,235.14382934570312,388.7464599609375,104.01451110839844
2025-03-10,226.08937072753906,194.5399932861328,225.380126953125,375.7490539550781,106.6668701171875
2025-03-11,219.48995971679688,196.58999633789062,222.39085388183594,376.0356750488281,104.14807891845703
2025-03-12,215.65357971191406,198.88999938964844,221.18736267089844,378.82293701171875,104.11945343017578
2025-03-13,208.398193359375,193.88999938964844,218.55718994140625,374.3751525878906,103.6805648803711
2025-03-14,212.1848907470703,197.9499969482422,225.59364318847656,384.0515441894531,106.76228332519531
2025-03-17,212.69180297851562,195.74000549316406,227.0397491455078,384.1899719238281,108.53687286376953
2025-03-18,211.38980102539062,192.82000732421875,228.0491180419922,379.070068359375,108.42237854003906
2025-03-19,213.92420959472656,195.5399932861328,232.06719970703125,383.3201599121094,110.11112213134766
2025-03-20,212.7911834716797,194.9499969482422,231.97012329101562,382.3515319824219,110.57862091064453
2025-03-21,216.93568420410156,196.2100067138672,234.5129852294922,386.72027587890625,110.19699096679688
2025-03-24,219.38064575195312,203.25999450683594,240.75355529785156,388.51910400390625,110.48321533203125
2025-03-25,222.38217163085938,205.7100067138672,243.73316955566406,390.57501220703125,111.23693084716797
2025-03-26,220.17575073242188,201.1300048828125,243.63609313964844,385.4452209472656,112.83979797363281
2025-03-27,222.48158264160156,201.36000061035156,240.81179809570312,386.0481262207031,112.47724151611328
2025-03-28,216.5679168701172,192.72000122070312,235.69703674316406,374.4048156738281,112.32460021972656
2025-03-31,220.7720947265625,190.25999450683594,238.0748748779297,371.0343933105469,113.46949768066406
2025-04-01,221.82559204101562,192.1699981689453,236.4832000732422,377.7554931640625,113.57444763183594
2025-04-02,222.5213165283203,196.00999450683594,238.57955932617188,377.7060546875,113.22144317626953
2025-04-03,201.94786071777344,178.41000366210938,221.9541015625,368.78082275390625,107.2679443359375
2025-04-04,187.22840881347656,171.0,205.3434295654297,355.664794921875,99.54937744140625
2025-04-07,180.35072326660156,175.25999450683594,209.40576171875,353.707763671875,98.21366119384766
2025-04-08,171.365966796875,170.66000366210938,211.77870178222656,350.446044921875,96.14329528808594
2025-04-09,197.6343994140625,191.10000610351562,228.83860778808594,385.9591369628906,100.94235229492188
2025-04-10,189.25592041015625,181.22000122070312,221.7783203125,376.92523193359375,95.34186553955078
2025-04-11,196.9386749267578,184.8699951171875,230.65492248535156,383.9428405761719,98.40447998046875
2025-04-14,201.28196716308594,182.1199951171875,229.2096710205078,383.31024169921875,98.64299774169922
2025-04-15,200.90428161621094,179.58999633789062,227.65701293945312,381.2544250488281,98.3663101196289
2025-04-16,193.08238220214844,174.3300018310547,224.21963500976562,367.2982177734375,99.4062728881836
2025-04-17,195.7758331298828,172.61000061035156,226.5144805908203,363.5126953125,102.01092529296875
2025-04-21,191.9791717529297,167.32000732421875,223.61419677734375,354.95318603515625,100.51301574707031
2025-04-22,198.5189666748047,173.17999267578125,230.0592498779297,362.5638122558594,103.32756805419922
2025-04-23,203.3492431640625,180.60000610351562,235.22506713867188,370.0460510253906,102.44026947021484
2025-04-24,207.09617614746094,186.5399932861328,238.8968048095703,382.80621337890625,103.64240264892578
2025-04-25,208.00064086914062,188.99000549316406,237.83238220214844,387.30340576171875,103.58516693115234
2025-04-28,208.8553924560547,187.6999969482422,237.51014709472656,386.62139892578125,103.64240264892578
2025-04-29,209.91885375976562,187.38999938964844,238.87725830078125,389.46795654296875,103.38480377197266
2025-04-30,211.20095825195312,184.4199981689453,238.87725830078125,390.673828125,100.78014373779297
2025-05-01,212.0159454345703,190.1999969482422,241.09397888183594,420.4640808105469,100.92326354980469
2025-05-02,204.09466552734375,189.97999572753906,246.58204650878906,430.2294616699219,101.3335189819336
2025-05-05,197.67417907714844,186.35000610351562,246.630859375,431.1091613769531,98.52851104736328
2025-05-06,197.2964630126953,185.00999450683594,243.3985595703125,428.2823486328125,99.90239715576172
2025-05-07,195.05027770996094,188.7100067138672,243.53529357910156,428.3218994140625,99.8069839477539
2025-05-08,196.28271484375,192.0800018310547,247.5194854736328,433.0859680175781,101.19994354248047
2025-05-09,197.3163604736328,193.05999755859375,247.13865661621094,433.6394348144531,102.38301849365234
2025-05-12,209.776123046875,208.63999938964844,253.9450225830078,444.04730224609375,104.14807891845703
2025-05-13,211.9058380126953,211.3699951171875,256.8355407714844,443.9286804199219,104.43429565429688
2025-05-14,211.30873107910156,210.25,259.4038391113281,447.6846008300781,103.49930572509766
2025-05-15,210.43296813964844,205.1699981689453,261.2103576660156,448.6946105957031,104.548828125
2025-05-16,210.243896484375,205.58999633789062,261.2787170410156,449.8234558105469,104.1733169555664
2025-05-19,207.7758026123047,206.16000366210938,258.6616516113281,454.3784484863281,102.51716613769531
2025-05-20,205.8650360107422,204.07000732421875,259.4428405761719,453.6852722167969,101.05359649658203
2025-05-21,201.1179962158203,201.1199951171875,254.91177368164062,448.1401062011719,99.81149291992188
2025-05-22,200.39151000976562,203.10000610351562,254.55047607421875,450.40765380859375,99.1471176147461
2025-05-23,194.3307647705078,200.99000549316406,254.58950805664062,445.7734680175781,99.20488739013672
2025-05-27,199.2470245361328,206.02000427246094,259.06201171875,456.18060302734375,99.67668914794922
2025-05-28,199.4560089111328,204.72000122070312,257.3042297363281,452.8831787109375,98.31904602050781
2025-05-29,198.98826599121094,205.6999969482422,258.1636047363281,454.1902770996094,98.87750244140625
2025-05-30,199.8839569091797,205.00999450683594,257.8022766113281,455.8537902832031,98.50199890136719
2025-06-02,200.7298583984375,206.64999389648438,258.4468078613281,457.4480895996094,99.2241439819336
2025-06-03,202.2923126220703,205.7100067138672,260.0190124511719,458.43829345703125,99.94629669189453
2025-06-04,201.84446716308594,207.22999572753906,258.01715087890625,459.3294982910156,98.50199890136719
2025-06-05,199.66500854492188,207.91000366210938,255.80043029785156,463.1021728515625,98.04944610595703
2025-06-06,202.93917846679688,213.57000732421875,259.49169921875,465.7757263183594,100.39884185791016
2025-06-09,200.48106384277344,216.97999572753906,260.47796630859375,468.12255859375,101.07286071777344
2025-06-10,201.6951904296875,217.61000061035156,262.2943115234375,466.3104553222656,103.23931884765625
2025-06-11,197.8238983154297,213.1999969482422,261.8548889160156,467.99383544921875,105.25172424316406
2025-06-12,198.24188232421875,213.24000549316406,261.9427185058594,474.1826477050781,105.65613555908203
2025-06-13,195.50511169433594,212.10000610351562,258.7300109863281,470.3109130859375,107.95740509033203
2025-06-16,197.46563720703125,216.10000610351562,264.0129699707031,474.4499816894531,108.30403900146484
2025-06-17,194.69900512695312,214.82000732421875,263.19268798828125,473.36077880859375,109.76760864257812
2025-06-18,195.63446044921875,212.52000427246094,267.5284423828125,475.53924560546875,108.98768615722656
2025-06-20,200.0332489013672,209.69000244140625,268.5440368652344,472.72705078125,110.44161987304688
2025-06-23,200.53082275390625,208.47000122070312,271.7372741699219,481.24285888671875,107.59150695800781
2025-06-24,199.33657836914062,212.77000427246094,274.6571044921875,485.3125915527344,104.31773376464844
2025-06-25,200.59051513671875,211.99000549316406,277.3913269042969,487.45147705078125,104.34663391113281
2025-06-26,200.0332489013672,217.1199951171875,281.9712829589844,492.580810546875,105.90648651123047
2025-06-27,200.11285400390625,223.3000030517578,280.3697509765625,491.0855407714844,105.31912994384766
2025-06-30,204.1831512451172,219.38999938964844,283.10400390625,492.5411682128906,103.79779052734375
2025-07-01,206.82041931152344,220.4600067138672,283.59228515625,487.2336120605469,105.18431854248047
2025-07-02,211.41819763183594,219.9199981689453,285.1449890136719,486.2830505371094,106.92713165283203
2025-07-03,212.52285766601562,223.41000366210938,290.4435729980469,493.9571838378906,108.03443145751953
2025-07-07,208.94017028808594,223.47000122070312,286.4892578125,492.8481750488281,106.98490905761719
2025-07-08,208.9998779296875,219.36000061035156,277.4717712402344,491.7589111328125,109.95055389404297
2025-07-09,210.12445068359375,222.5399932861328,277.84466552734375,498.58148193359375,109.57504272460938
2025-07-10,211.38833618164062,222.25999450683594,282.78021240234375,496.57135009765625,110.66307830810547
2025-07-11,210.1443634033203,225.02000427246094,281.4751281738281,498.3933410644531,111.14451599121094
2025-07-14,207.61654663085938,225.69000244140625,283.2806396484375,498.09625244140625,109.69058227539062
2025-07-15,208.10421752929688,226.35000610351562,281.1709899902344,500.86883544921875,108.71807861328125
2025-07-16,209.149169921875,223.19000244140625,280.4547119140625,500.6708068847656,108.06332397460938
2025-07-17,209.00982666015625,223.8800048828125,284.4580993652344,506.6913146972656,107.51448822021484
2025-07-18,210.16424560546875,226.1300048828125,285.8023681640625,505.05743408203125,103.76890563964844
2025-07-21,211.45799255371094,229.3000030517578,285.50799560546875,505.0673828125,104.03852081298828
2025-07-22,213.36875915527344,227.47000122070312,285.9593811035156,500.3241882324219,104.51032257080078
2025-07-23,213.11996459960938,228.2899932861328,291.1893615722656,500.9183349609375,105.84870910644531
2025-07-24,212.73184204101562,232.22999572753906,290.9832458496094,505.8793640136719,106.6767807006836
2025-07-25,212.85125732421875,231.44000244140625,293.014404296875,508.6816711425781,106.30126190185547
2025-07-28,213.02047729492188,232.7899932861328,292.6807861328125,507.48345947265625,107.30265045166016
2025-07-29,210.2538299560547,231.00999450683594,291.464111328125,507.5527648925781,108.68919372558594
2025-07-30,208.0445098876953,230.19000244140625,294.0054626464844,508.2162170410156,107.74557495117188
2025-07-31,206.5716094970703,234.11000061035156,290.6790771484375,528.2779541015625,107.49522399902344
2025-08-01,201.40658569335938,214.75,283.93804931640625,518.9797973632812,105.5694808959961
2025-08-04,202.37193298339844,211.64999389648438,288.73626708984375,530.3970336914062,103.38375854492188
2025-08-05,201.94398498535156,213.75,285.9005126953125,522.5841674804688,103.25858306884766
2025-08-06,212.22430419921875,222.30999755859375,285.8808898925781,519.8016967773438,102.5556869506836
2025-08-07,218.9716796875,223.1300048828125,281.5536804199219,515.7418212890625,102.01647186279297
2025-08-08,228.24685668945312,222.69000244140625,283.3394775390625,516.9299926757812,102.83492279052734
2025-08-11,226.34388732910156,221.3000030517578,284.1244812011719,516.6627807617188,101.90091705322266
2025-08-12,228.80479431152344,221.47000122070312,287.35272216796875,524.0596313476562,102.18978881835938
2025-08-13,232.47125244140625,224.55999755859375,285.0763244628906,515.4844360351562,103.60520935058594
2025-08-14,231.9232635498047,230.97999572753906,288.63812255859375,517.3657836914062,103.39337921142578
2025-08-15,230.73764038085938,231.02999877929688,285.0370178222656,515.078369140625,103.49056243896484
2025-08-18,230.0402374267578,231.49000549316406,286.0574951171875,512.0384521484375,103.7140884399414
2025-08-19,229.71144104003906,228.00999450683594,285.203857421875,504.7801513671875,104.39436340332031
2025-08-20,225.17819213867188,223.80999755859375,286.7541809082031,500.76983642578125,105.47310638427734
2025-08-21,224.07228088378906,221.9499969482422,285.9986572265625,500.1251220703125,106.15339660644531
2025-08-22,226.9217529296875,228.83999633789062,290.6790771484375,503.09075927734375,108.1456527709961
2025-08-25,226.32395935058594,227.94000244140625,289.3642578125,500.14495849609375,108.59268951416016
2025-08-26,228.46604919433594,228.7100067138672,292.9653625488281,497.94305419921875,108.3497314453125
2025-08-27,229.64170837402344,229.1199951171875,293.6620178222656,502.604736328125,109.57424926757812
2025-08-28,231.7041015625,231.60000610351562,295.4184265136719,505.4810485839844,110.15734100341797
2025-08-29,231.28562927246094,229.0,295.7618408203125,502.5551452636719,111.07087707519531
2025-09-02,228.8745574951172,225.33999633789062,294.07415771484375,500.9979248046875,111.45960235595703
2025-09-03,237.59234619140625,225.99000549316406,293.88775634765625,501.2260437011719,108.75790405273438
2025-09-04,238.8975067138672,235.67999267578125,298.1168212890625,503.82470703125,109.2341079711914
2025-09-05,238.80783081054688,232.3300018310547,288.8540344238281,490.9605712890625,106.15339660644531
2025-09-08,237.00450134277344,235.83999633789062,287.41162109375,494.13446044921875,106.75592041015625
2025-09-09,233.4875030517578,238.24000549316406,292.2588806152344,494.34271240234375,107.53339385986328
2025-09-10,225.955322265625,230.3300018310547,294.8984069824219,496.2867126464844,109.33129119873047
2025-09-11,229.1833953857422,229.9499969482422,299.8241271972656,496.9214782714844,108.9814224243164
2025-09-12,233.2085418701172,228.14999389648438,301.1488037109375,505.7389221191406,109.00086975097656
2025-09-15,235.82884216308594,231.42999267578125,303.1014404296875,511.1543884277344,109.18551635742188
2025-09-16,237.2735137939453,234.0500030517578,303.3860168457031,504.885986328125,111.44988250732422
2025-09-17,238.11044311523438,231.6199951171875,305.8979187011719,505.8579406738281,112.0427017211914
2025-09-18,237.00450134277344,231.22999572753906,307.3501892089844,504.30078125,110.72100830078125
2025-09-19,244.59646606445312,231.47999572753906,308.8710632324219,513.703369140625,109.64228057861328
2025-09-22,255.13751220703125,227.6300048828125,306.5749816894531,510.2518615722656,108.86480712890625
2025-09-23,253.49359130859375,220.7100067138672,306.8693542480469,505.0744323730469,110.74043273925781
2025-09-24,251.38140869140625,220.2100067138672,307.53662109375,505.98687744140625,111.33325958251953
2025-09-25,255.9246063232422,218.14999389648438,307.5660400390625,502.8923645019531,112.3342514038086
2025-09-26,254.51980590820312,219.77999877929688,310.1270446777344,507.28619384765625,113.91835021972656
2025-09-29,253.49359130859375,222.1699981689453,309.7640075683594,510.4005432128906,111.00284576416016
2025-09-30,253.69287109375,219.57000732421875,309.50885009765625,513.7233276367188,109.57424926757812
2025-10-01,254.5098419189453,220.6300048828125,304.8774719238281,515.4688720703125,108.83564758300781
2025-10-02,256.18365478515625,222.41000366210938,301.7767639160156,511.53125,108.1553726196289
2025-10-03,257.07037353515625,219.50999450683594,304.210205078125,513.1281127929688,110.06987762451172
2025-10-06,255.74526977539062,220.89999389648438,304.8511047363281,524.256591796875,110.9833984375
2025-10-07,255.53607177734375,221.77999877929688,303.38201904296875,519.7040405273438,111.04171752929688
2025-10-08,257.1102600097656,225.22000122070312,299.7732238769531,520.5669555664062,110.8084716796875
2025-10-09,253.10501098632812,227.74000549316406,301.252197265625,518.1369018554688,109.72974395751953
2025-10-10,244.3673095703125,216.3699951171875,296.6772155761719,506.7903137207031,107.61114501953125
2025-10-13,246.74851989746094,220.07000732421875,303.6580810546875,509.8551025390625,109.07860565185547
2025-10-14,246.8581085205078,216.38999938964844,297.85052490234375,509.3789978027344,109.12720489501953
2025-10-15,248.42233276367188,215.57000732421875,301.4100036621094,509.24017333984375,108.46635437011719
2025-10-16,246.53929138183594,214.47000122070312,294.3600769042969,507.4349670410156,107.523681640625
2025-10-17,251.36146545410156,213.0399932861328,293.3938293457031,509.388916015625,109.07860565185547
2025-10-20,261.27484130859375,216.47999572753906,298.1265869140625,512.5726928710938,109.52565002441406
2025-10-21,261.8028564453125,222.02999877929688,292.93035888671875,513.4356079101562,109.53536987304688
2025-10-22,257.4988098144531,217.9499969482422,289.99212646484375,516.2920532226562,111.47904205322266
2025-10-23,258.6246032714844,221.08999633789062,290.4161071777344,516.3119506835938,112.71327209472656
2025-10-24,261.8527526855469,224.2100067138672,296.2334899902344,519.3370971679688,112.13988494873047
2025-10-27,267.8206787109375,226.97000122070312,299.89154052734375,527.1825561523438,112.67440032958984
2025-10-28,268.0099792480469,229.25,301.0845947265625,537.6463623046875,111.79002380371094
2025-10-29,268.7073974609375,230.3000030517578,301.2325134277344,537.130615234375,113.17002868652344
2025-10-30,270.401123046875,222.86000061035156,305.1075134277344,521.4695434570312,111.45960235595703
2025-10-31,269.37493896484375,244.22000122070312,306.76397705078125,513.5844116210938,111.1388931274414
2025-11-03,268.05975341796875,254.0,305.0187683105469,512.810791015625,110.55580139160156
2025-11-04,269.0461730957031,249.32000732421875,304.920166015625,510.1327819824219,110.92508697509766
2025-11-05,269.14581298828125,250.1999969482422,307.31610107421875,503.02130126953125,110.47805786132812
2025-11-06,268.7771301269531,243.0399932861328,309.03179931640625,493.04339599609375,111.27494812011719
2025-11-07,267.48193359375,244.41000366210938,309.8106689453125,492.76568603515625,113.91835021972656
2025-11-10,268.6986083984375,248.39999389648438,312.4532165527344,501.8708190917969,114.89017486572266
2025-11-11,274.5028076171875,249.10000610351562,311.2009582519531,504.5289001464844,116.40623474121094
2025-11-12,272.7276611328125,244.1999969482422,315.9239196777344,506.96881103515625,114.7929916381836
2025-11-13,272.2090759277344,237.5800018310547,305.1469421386719,499.1828918457031,115.44412231445312
2025-11-14,271.6705017089844,234.69000244140625,299.3591003417969,506.0166320800781,116.94403839111328
2025-11-17,266.73394775390625,232.8699951171875,296.1644592285156,503.3486022949219,115.36568450927734
2025-11-18,266.7140197753906,222.5500030517578,295.2178955078125,489.7604064941406,116.68914031982422
2025-11-19,267.8309631347656,222.69000244140625,299.02386474609375,483.1448669433594,115.04218292236328
2025-11-20,265.5272521972656,217.13999938964844,294.20233154296875,475.4139099121094,114.71866607666016
2025-11-21,270.75299072265625,220.69000244140625,293.84735107421875,469.1436462402344,114.7774887084961
2025-11-24,275.1709899902344,226.27999877929688,293.8276672363281,471.0118408203125,113.68932342529297
2025-11-25,276.2181701660156,229.6699981689453,298.75762939453125,473.9829406738281,112.25802612304688
2025-11-26,276.79656982421875,229.16000366210938,303.33270263671875,482.4393005371094,112.51292419433594
2025-11-28,278.0930480957031,233.22000122070312,308.696533203125,488.9082946777344,113.64029693603516
2025-12-01,282.3315124511719,233.8800048828125,304.59478759765625,483.6714782714844,114.33634185791016
2025-12-02,285.4131164550781,234.4199981689453,303.5693359375,486.91094970703125,113.11092376708984
2025-12-03,283.378662109375,232.3800048828125,307.75982666015625,474.7182922363281,115.48333740234375
2025-12-04,279.9380187988281,229.11000061035156,311.67425537109375,477.8086853027344,114.83631134033203
2025-12-05,278.0232238769531,229.52999877929688,310.62908935546875,480.11407470703125,114.24811553955078
2025-12-08,277.1356506347656,226.88999938964844,310.79669189453125,487.9245300292969,113.6991195678711
2025-12-09,276.42755126953125,227.9199981689453,296.3025207519531,488.9181823730469,115.92448425292969
2025-12-10,278.0232238769531,231.77999877929688,305.7680969238281,475.5430603027344,117.1891098022461
2025-12-11,277.2752685546875,230.27999877929688,312.9363098144531,480.422119140625,117.1891098022461
2025-12-12,277.52459716796875,226.19000244140625,314.0603332519531,475.51324462890625,116.4832763671875
2025-12-15,273.3658752441406,222.5399932861328,315.53936767578125,471.82666015625,115.44412231445312
2025-12-16,273.8645324707031,222.55999755859375,311.13189697265625,473.38677978515625,112.42469024658203
2025-12-17,271.10205078125,221.27000427246094,310.5699462890625,473.1184387207031,115.10100555419922
2025-12-18,271.4511413574219,226.75999450683594,308.6176452636719,480.92889404296875,114.24811553955078
2025-12-19,272.9271240234375,227.35000610351562,312.7686767578125,482.8566589355469,114.3951644897461
2025-12-22,270.23443603515625,228.42999267578125,318.56634521484375,481.8630065917969,115.82645416259766
2025-12-23,271.62066650390625,232.13999938964844,321.3666076660156,483.78082275390625,117.07147216796875
2025-12-24,273.06671142578125,232.3800048828125,324.5612487792969,484.94342041015625,116.87540435791016
2025-12-26,272.6578369140625,232.52000427246094,323.3188781738281,484.6354064941406,116.767578125
2025-12-29,273.0168762207031,232.07000732421875,319.2171325683594,484.02923583984375,118.1596450805664
2025-12-30,272.3387145996094,232.52999877929688,318.8917541503906,484.4068603515625,118.610595703125
2025-12-31,271.12200927734375,230.82000732421875,317.70855712890625,480.5711669921875,117.97337341308594
2026-01-02,270.2743225097656,226.5,320.9229431152344,469.95849609375,120.23796081542969
2026-01-05,266.5345153808594,233.05999755859375,329.3630676269531,469.86907958984375,122.89466094970703
2026-01-06,261.6477966308594,240.92999267578125,331.41326904296875,475.493408203125,118.66941833496094
2026-01-07,259.623291015625,241.55999755859375,323.8660888671875,480.422119140625,116.15975952148438
2026-01-08,258.3368225097656,246.2899932861328,326.63934326171875,475.09588623046875,120.49284362792969
2026-01-09,258.6659240722656,247.3800048828125,326.0450744628906,476.2585144042969,122.15940856933594
2026-01-12,259.5435485839844,246.47000122070312,321.38995361328125,474.1717529296875,121.59081268310547
2026-01-13,260.34136962890625,242.60000610351562,307.9297790527344,467.70281982421875,124.05145263671875
2026-01-14,259.2543029785156,236.64999389648438,304.9287414550781,456.4840087890625,127.63947296142578
2026-01-15,257.5090637207031,238.17999267578125,306.30548095703125,453.7811584472656,126.59051513671875
2026-01-16,254.8363494873047,239.1199951171875,309.48480224609375,456.9609680175781,127.33555603027344
2026-01-20,246.0303192138672,231.0,299.8477478027344,451.65460205078125,127.89437866210938
2026-01-21,246.9777374267578,231.30999755859375,299.15447998046875,441.3102111816406,130.98240661621094
2026-01-22,247.67584228515625,234.33999633789062,300.729248046875,448.2959289550781,131.01182556152344
2026-01-23,247.36666870117188,239.16000366210938,294.8757019042969,463.0125732421875,132.315673828125
2026-01-26,254.7166748046875,238.4199981689453,298.16400146484375,467.31524658203125,132.18820190429688
2026-01-27,257.5688781738281,244.67999267578125,297.44097900390625,477.55035400390625,134.1390838623047
2026-01-28,255.743896484375,243.00999450683594,297.89654541015625,478.59368896484375,134.8743438720703
2026-01-29,257.5788879394531,241.72999572753906,303.49261474609375,430.76715087890625,137.7467041015625
2026-01-30,258.775634765625,239.3000030517578,302.9676818847656,427.5773620605469,138.61920166015625
2026-02-02,269.2770690917969,242.9600067138672,305.1961975097656,420.7010192871094,135.67820739746094
2026-02-03,268.7485046386719,238.6199951171875,311.8420715332031,408.6176452636719,140.90338134765625
2026-02-04,275.7394104003906,232.99000549316406,314.2389221191406,411.5788879394531,144.68746948242188
2026-02-05,275.1610412597656,222.69000244140625,307.1968688964844,391.188232421875,143.20716857910156
2026-02-06,277.364990234375,210.32000732421875,319.3199462890625,398.61114501953125,146.11875915527344
2026-02-09,274.13079833984375,208.72000122070312,319.0228271484375,410.9925842285156,148.23629760742188
2026-02-10,273.19244384765625,206.9600067138672,315.2392883300781,410.6646728515625,148.6088104248047
2026-02-11,275.00921630859375,204.0800018310547,307.8505859375,401.82073974609375,152.500732421875
2026-02-12,261.2637939453125,199.60000610351562,299.74871826171875,399.30670166015625,147.9611358642578
2026-02-13,255.32435607910156,198.7899932861328,299.6595458984375,398.7900085449219,146.50057983398438
2026-02-17,263.4099426269531,201.14999389648438,304.19580078125,394.3581237792969,144.270263671875
2026-02-18,263.8791198730469,204.7899932861328,305.8300476074219,397.0808410644531,148.7012939453125
2026-02-19,260.11578369140625,204.86000061035156,305.1070251464844,396.8517761230469,148.98748779296875
2026-02-20,264.1086730957031,210.11000061035156,307.82086181640625,395.6267395019531,145.345947265625
2026-02-23,265.705810546875,205.27000427246094,294.82623291015625,382.918212890625,148.78024291992188
2026-02-24,271.6552429199219,208.55999755859375,294.459716796875,387.4299621582031,147.29994201660156
2026-02-25,273.74151611328125,210.63999938964844,300.4023742675781,398.9831237792969,147.10256958007812
2026-02-26,272.4637756347656,207.9199981689453,303.20538330078125,400.0986022949219,146.58938598632812
2026-02-27,263.7093811035156,210.0,297.4310607910156,391.15484619140625,150.49740600585938
2026-03-02,264.2484130859375,208.38999938964844,294.7172546386719,396.9413757324219,152.19480895996094
2026-03-03,263.2801818847656,208.72999572753906,297.3914489746094,402.2996826171875,149.83619689941406
2026-03-04,262.0523376464844,216.82000732421875,296.52978515625,403.5645751953125,147.85260009765625
2026-03-05,259.8263244628906,218.94000244140625,290.74554443359375,409.0224304199219,148.78024291992188
2026-03-06,257.0013427734375,213.2100067138672,286.7144470214844,407.30938720703125,149.22434997558594
2026-03-09,259.41705322265625,213.49000549316406,287.1502685546875,407.757568359375,148.46444702148438
2026-03-10,260.3653564453125,214.3300018310547,285.97161865234375,404.122314453125,146.18479919433594
2026-03-11,260.3453674316406,212.64999389648438,284.7731628417969,403.245849609375,149.5894775390625
2026-03-12,255.30438232421875,209.52999877929688,280.18743896484375,400.238037109375,151.5138702392578
2026-03-13,249.6744384765625,207.6699981689453,280.7321472167969,393.9534912109375,154.06985473632812
2026-03-16,252.36964416503906,211.74000549316406,283.4261474609375,398.33575439453125,155.165283203125
2026-03-17,253.77711486816406,215.1999969482422,284.1492004394531,397.79791259765625,156.7245330810547
2026-03-18,249.49476623535156,209.8699951171875,284.99102783203125,390.2087097167969,155.5205535888672
2026-03-19,248.5165252685547,208.75999450683594,285.2188720703125,387.4498596191406,156.08306884765625
2026-03-20,247.54823303222656,205.3699951171875,283.82232666015625,380.3287353515625,157.5732421875
2026-03-23,251.04200744628906,210.13999938964844,287.14031982421875,381.4541931152344,159.0140838623047
2026-03-24,251.1917266845703,207.24000549316406,289.6065368652344,371.2355651855469,163.20826721191406
2026-03-25,252.16998291015625,211.7100067138672,292.59771728515625,369.5424499511719,161.11610412597656
2026-03-26,252.43951416015625,207.5399932861328,288.87359619140625,364.492919921875,163.25759887695312
2026-03-27,248.35679626464844,199.33999633789062,280.13787841796875,355.33001708984375,168.7445831298828
2026-03-30,246.19065856933594,200.9499969482422,281.0589904785156,357.51116943359375,169.21827697753906
2026-03-31,253.337890625,208.27000427246094,291.3497314453125,368.67596435546875,167.4320526123047
2026-04-01,255.17462158203125,210.57000732421875,292.5580749511719,367.8791809082031,158.66867065429688
2026-04-02,255.464111328125,209.77000427246094,291.7855224609375,371.9526672363281,158.57984924316406
2026-04-06,258.3988342285156,212.7899932861328,294.125,371.375,161.2246551513672
2026-04-07,253.0484161376953,213.77000427246094,296.0662536621094,370.78741455078125,161.757568359375
2026-04-08,258.43878173828125,221.25,306.5888366699219,372.81915283203125,154.16854858398438
2026-04-09,260.02593994140625,233.64999389648438,308.938232421875,371.56427001953125,153.00404357910156
2026-04-10,260.0159912109375,238.3800048828125,308.4803161621094,369.3731384277344,150.5072479248047
2026-04-13,258.73828125,239.88999938964844,312.2732238769531,382.8186340332031,150.63555908203125
2026-04-14,258.368896484375,249.02000427246094,309.7247009277344,391.5233459472656,147.28021240234375
2026-04-15,265.95538330078125,248.5,304.5579833984375,409.5602722167969,147.05322265625
2026-04-16,262.9307556152344,249.6999969482422,308.5599670410156,418.56378173828125,149.98422241210938
2026-04-17,269.7486267089844,250.55999755859375,308.8984375,421.0835876464844,144.5169677734375
2026-04-20,272.5635681152344,248.27999877929688,315.5683898925781,416.38262939453125,145.7406768798828
2026-04-21,265.69586181640625,249.91000366210938,311.5962829589844,422.44805908203125,146.41175842285156
2026-04-22,272.68341064453125,255.36000061035156,311.6161804199219,431.1726989746094,147.5367889404297
2026-04-23,272.9429016113281,255.0800018310547,310.29217529296875,414.07196044921875,148.5532684326172
2026-04-24,270.5771179199219,263.989990234375,306.8974609375,422.90618896484375,146.9545440673828
2026-04-27,267.1332702636719,261.1199951171875,310.232421875,423.1053771972656,146.24400329589844
2026-04-28,270.2277526855469,259.70001220703125,310.0532531738281,427.5174865722656,148.58287048339844
2026-04-29,269.688720703125,263.0400085449219,307.86309814453125,422.7467956542969,152.63890075683594
2026-04-30,270.86663818359375,265.05999755859375,311.82525634765625,406.1341552734375,152.30335998535156
2026-05-01,279.6409606933594,268.260009765625,311.06866455078125,412.76727294921875,150.74411010742188
2026-05-04,276.33685302734375,272.04998779296875,306.270263671875,411.9505615234375,151.67176818847656
2026-05-05,283.67376708984375,273.54998779296875,308.0124206542969,409.7196350097656,152.8461456298828
2026-05-06,286.9978332519531,274.989990234375,313.4877624511719,412.2891845703125,146.7374267578125
2026-05-07,286.9279479980469,271.1700134277344,304.8964538574219,419.07171630859375,144.65513610839844
2026-05-08,292.7974853515625,272.67999267578125,300.74517822265625,413.44451904296875,142.67153930664062
2026-05-11,292.42779541015625,268.989990234375,298.6545715332031,410.99444580078125,147.7144317626953
2026-05-12,294.54595947265625,265.82000732421875,303.5126953125,406.1241760253906,148.65196228027344
2026-05-13,298.6124572753906,270.1300048828125,298.9034729003906,403.57452392578125,149.57962036132812
2026-05-14,297.9530334472656,267.2200012207031,298.56500244140625,407.7774963378906,150.77371215820312
2026-05-15,299.9713134765625,264.1400146484375,296.4743957519531,420.2170715332031,156.90402221679688
2026-05-18,297.5833435058594,264.8599853515625,299.3813171386719,421.83056640625,159.45748901367188
2026-05-19,298.7123718261719,259.3399963378906,294.3738708496094,415.7352600097656,161.50424194335938
2026-05-20,301.98956298828125,265.010009765625,300.625732421875,419.36053466796875,155.27456665039062
2026-05-21,304.7271728515625,268.4599914550781,301.6411437988281,418.3025207519531,154.2909393310547
2026-05-22,308.55389404296875,266.32000732421875,305.0059814453125,417.7835388183594,153.92332458496094
2026-05-26,308.0643005371094,265.2900085449219,305.3643493652344,415.248291015625,148.84619140625
2026-05-27,310.5821533203125,271.8500061035156,297.93780517578125,411.8946228027344,146.948486328125
2026-05-28,312.24072265625,274.0,295.3992614746094,426.18768310546875,146.01454162597656
2026-05-29,311.7911071777344,270.6400146484375,297.9676818847656,449.3940124511719,144.32546997070312
2026-06-01,306.0460510253906,261.260009765625,295.2499084472656,459.6546936035156,148.41897583007812
2026-06-02,314.92840576171875,256.5199890136719,299.6102600097656,440.48077392578125,148.59780883789062
2026-06-03,309.9926452636719,250.02000427246094,299.50079345703125,426.53704833984375,151.5487060546875
2026-06-04,310.9618225097656,253.7899932861328,309.4957580566406,427.2456970214844,151.0618438720703
2026-06-05,307.0751647949219,246.02999877929688,310.9691162109375,415.8870849609375,148.9554901123047
2026-06-08,301.2801818847656,245.22000122070312,309.7147521972656,410.9663391113281,150.77371215820312
2026-06-09,290.29962158203125,244.19000244140625,311.2976379394531,402.6520080566406,147.95199584960938
2026-06-10,291.3287353515625,238.0,307.75360107421875,396.61334228515625,149.65098571777344
2026-06-11,295.375244140625,241.50999450683594,312.0840759277344,389.6065673828125,145.6568603515625
2026-06-12,290.879150390625,238.5500030517578,319.28167724609375,390.00579833984375,146.064208984375
2026-06-15,296.1645812988281,246.02000427246094,317.96759033203125,399.0088806152344,140.01339721679688
2026-06-16,298.9821472167969,246.0,329.6549377441406,393.0899963378906,140.9473419189453
2026-06-17,295.6949768066406,237.5,331.9645080566406,378.1980285644531,139.8345489501953
2026-06-18,297.7532043457031,244.38999938964844,323.761474609375,378.6871032714844,136.92340087890625
2026-06-22,296.75408935546875,232.7899932861328,329.993408203125,366.6497802734375,137.57916259765625
2026-06-23,294.04638671875,234.11000061035156,332.6414794921875,373.23736572265625,138.83103942871094
2026-06-24,292.8274230957031,234.27000427246094,331.95458984375,364.7733154296875,136.01925659179688
2026-06-25,274.91290283203125,227.00999450683594,333.6170654296875,352.1670227050781,136.66506958007812
2026-06-26,283.53546142578125,232.69000244140625,327.57427978515625,372.2691955566406,135.66156005859375
2026-06-29,281.4972229003906,240.13999938964844,327.91278076171875,367.8774719238281,135.18466186523438
2026-06-30,289.11065673828125,238.33999633789062,325.86199951171875,372.319091796875,135.8404083251953
2026-07-01,294.1263427734375,241.6999969482422,332.5718078613281,383.5579528808594,135.4032440185547
2026-07-02,308.3640441894531,242.6699981689453,332.9700012207031,389.7562561035156,136.20802307128906
2026-07-06,312.3905944824219,244.16000366210938,337.7200012207031,386.0133056640625,135.5622100830078
2026-07-07,310.3923034667969,245.97999572753906,339.2200012207031,388.109375,140.7784423828125
2026-07-08,313.1199645996094,243.6199951171875,330.6199951171875,382.6197204589844,140.2220458984375
2026-07-09,315.947509765625,247.0399932861328,335.4700012207031,383.6377868652344,136.57565307617188
2026-07-10,315.0483093261719,245.33999633789062,336.4700012207031,384.37640380859375,137.9865264892578
2026-07-13,317.03656005859375,247.30999755859375,334.5299987792969,390.2553405761719,143.58029174804688
2026-07-14,314.58868408203125,247.49000549316406,342.8900146484375,384.20672607421875,144.15655517578125
2026-07-15,327.2178039550781,254.9600067138672,346.9100036621094,394.8866271972656,143.58029174804688
2026-07-16,332.97283935546875,249.88999938964844,343.1499938964844,400.3463439941406,145.0110321044922
2026-07-17,333.452392578125,247.22999572753906,341.1000061035156,393.08001708984375,146.41195678710938
2026-07-20,326.3085632324219,249.99000549316406,338.8699951171875,401.53411865234375,147.40553283691406
2026-07-21,327.45758056640625,247.5500030517578,345.2300109863281,397.00262451171875,150.73397827148438
2026-07-22,325.60919189453125,244.85000610351562,348.2099914550781,389.6065673828125,153.4563446044922
2026-07-23,321.3828430175781,233.66000366210938,349.8999938964844,380.8630065917969,155.88064575195312
2026-07-24,332.7330322265625,232.11000061035156,353.2099914550781,380.9828186035156,155.93032836914062
2026-07-27,336.61968994140625,231.38999938964844,356.20001220703125,388.368896484375,153.7742919921875
2026-07-28,339.78692626953125,230.86000061035156,357.30999755859375,392.61090087890625,152.055419921875
2026-07-29,337.8985900878906,226.64999389648438,344.7099914550781,389.8061828613281,155.74154663085938
2026-07-30,333.1426696777344,235.5,350.8500061035156,450.2524108886719,155.96014404296875
2026-07-31,308.6438293457031,271.5799865722656,351.7900085449219,463.8468017578125,154.4399871826172
2026-08-03,303.1585693359375,284.0199890136719,352.6400146484375,486.73370361328125,154.0624237060547
2026-08-04,309.1134033203125,277.4200134277344,357.5199890136719,491.884033203125,152.96951293945312
2026-08-05,310.7320251464844,272.6499938964844,359.239990234375,486.5440673828125,150.6544952392578
2026-08-06,312.14080810546875,272.260009765625,356.29998779296875,498.9207458496094,153.84384155273438
2026-08-07,313.05999755859375,274.4800109863281,357.5199890136719,499.0505065917969,152.055419921875
2026-08-10,308.260009765625,278.0899963378906,359.7900085449219,505.109130859375,158.76199340820312
2026-08-11,304.9100036621094,272.2699890136719,362.0400085449219,502.86334228515625,158.7719268798828
2026-08-12,302.25,267.2799987792969,365.17999267578125,491.5047302246094,158.7222442626953
2026-08-13,305.260009765625,265.1300048828125,363.1099853515625,495.9463806152344,157.58958435058594
2026-08-14,305.92999267578125,262.6499938964844,362.8399963378906,494.4691467285156,159.07000732421875
2026-08-17,305.5899963378906,261.30999755859375,360.9599914550781,479.44744873046875,161.4600067138672
2026-08-18,310.0299987792969,259.45001220703125,363.25,480.72503662109375,165.55999755859375
2026-08-19,316.8299865722656,265.8399963378906,357.260009765625,483.3999938964844,164.77000427246094
2026-08-20,311.29998779296875,260.1099853515625,351.54998779296875,481.1499938964844,166.14999389648438
2026-08-21,309.3500061035156,258.6300048828125,351.5799865722656,483.239990234375,165.11000061035156
2026-08-24,310.3399963378906,262.07000732421875,356.3900146484375,487.30999755859375,164.0500030517578
2026-08-25,309.8999938964844,261.05999755859375,356.69000244140625,491.7099914550781,160.63999938964844
2026-08-26,313.45001220703125,260.2799987792969,356.5,496.3699951171875,158.19000244140625
2026-08-27,314.5799865722656,256.260009765625,354.2200012207031,505.05999755859375,156.44000244140625
2026-08-28,319.70001220703125,266.42999267578125,357.6199951171875,513.530029296875,156.7100067138672
2026-08-31,316.8500061035156,259.7699890136719,356.0199890136719,507.2900085449219,160.9499969482422
