Date,AAPL,AMZN,JPM,MSFT,XOM
2018-01-03,-0.00017417810123299127,0.012775310383486449,0.0010193818153203527,0.0046535674339440725,0.019639919846111242
2018-01-04,0.004645021133087068,0.004476012896857506,0.014325616879586667,0.008801625308092698,0.0013843078214976767
2018-01-05,0.011385317099969594,0.016162516530176196,-0.006419869894479513,0.01239826475084449,-0.0008059388340828644
2018-01-08,-0.003714521924349845,0.014424678832250848,0.0014770267598125386,0.0010205121909130366,0.004495450867087802
2018-01-09,-0.00011428962208070992,0.0046757095740346255,0.005069162105633573,-0.0006797109129346168,-0.004246047592562863
2018-01-10,-0.00022963596936875774,0.0013012055442500614,0.011003904424194078,-0.004534298974933182,-0.00795216595649173
2018-01-11,0.005680274059588264,0.01781828254348916,0.005351690062731063,0.002960747636544525,0.009874599701511944
2018-01-12,0.01032634715975611,0.022339231610462695,0.016510025379492976,0.01725721190868268,0.00678665903765352
2018-01-16,-0.005082271483166645,-0.0002605871874575838,-0.003550233465053343,-0.013951280921789655,-0.006284140008669947
2018-01-17,0.016516471418406065,-0.00755630863716783,0.006413273892220905,0.02026047043567769,0.011843275845273116
2018-01-18,0.000892985793573553,-0.0012972916415299185,0.002389684013427651,-0.00044351249299401374,-0.006477160309478536
2018-01-19,-0.004462858802695369,0.0009741736041779525,-0.0022076115862345036,-0.001110060748980124,-0.003202546635513115
2018-01-22,-0.008180833149754374,0.025282411609683475,0.011680438846873864,0.01788876890549984,0.01262150579793131
2018-01-23,0.0002258951719058544,0.02654236704761037,-0.0010494383246529848,0.0031660336998882155,0.0005667967957512232
2018-01-24,-0.015928470875468115,-0.0036915667119321594,0.012783159670709088,-0.0008708545502127407,0.0026049622637576153
2018-01-25,-0.017851010609769014,0.015056912893923968,0.00025967229604728637,0.005554252423371375,-0.001807315352414185
2018-01-26,0.0023377599733034327,0.017489776074125496,0.005358625722132082,0.018737400806782434,0.0071290182592085305
2018-01-29,-0.020698503793868617,0.011147987016343786,-0.0010315668177144355,-0.0014883551518920513,-0.011123587841399663
2018-01-30,-0.005894543336747549,0.014206254114237371,-0.009380428192701795,-0.012564104888743821,-0.013975354155633668
2018-01-31,0.0027550200811070624,0.009090198056924459,0.004864636896380725,0.024477046220628518,0.005991884269963776
2018-02-01,0.0020903414188548908,-0.04196737400527717,0.01037471582035443,-0.007893845950948664,0.020274972815519154
2018-02-02,-0.043389923566922395,0.02874097206609716,-0.022161617463352212,-0.026310133110698408,-0.05097135754464155
2018-02-05,-0.02498436143200944,-0.027938006598856924,-0.047952054317335624,-0.04118551801607184,-0.05690278155105788
2018-02-06,0.04179172988973989,0.03801436389950541,0.030422511993139834,0.03784104830204149,-0.0171849862008161
2018-02-07,-0.021407059633021586,-0.018061620618718965,0.006779052076167913,-0.01883305477976449,-0.017996348826366027
2018-02-08,-0.027516482319469016,-0.046782076355553315,-0.04421006793759097,-0.051333362460865284,-0.011307396478852039
2018-02-09,0.012230931456442384,-0.008071057484337008,0.02002230759741641,0.037289423835135116,0.006374506164776195
2018-02-12,0.04027905121173592,0.0348088545167482,0.015448805859391124,0.010773823825614759,0.008445554485677409
2018-02-13,0.01001770441278671,0.020400675986486094,0.006175058774867681,0.007853772632842038,-0.001570470360560683
2018-02-14,0.01843777077905373,0.025832207585371192,0.023125435831945484,0.01565781453560766,0.0020971813652430615
2018-02-15,0.033578166028076284,0.007380856462852581,0.004173041197683247,0.02037221031889569,-0.003269756589306949
2018-02-16,-0.0032372769711567217,-0.008941218962002284,-0.007185672052602898,-0.007122819565161254,0.004330129662667215
2018-02-20,-0.0033636386277600128,0.013570904563712238,0.00026174681789226106,0.007826256668452825,-0.010321469639349434
2018-02-21,-0.0045388918122086785,0.009922706887337096,0.004184263970202329,-0.013265822675913586,-0.011353012533603213
2018-02-22,0.008359227508866418,0.001631842065593636,-0.0018230344115836017,0.0026230822519692776,0.012952151320237304
2018-02-23,0.017391124767455635,0.009869817359685173,0.020264240314096682,0.025400782157568358,0.022014182860205178
2018-02-26,0.019772070344814097,0.014633382161458375,0.01244601167764059,0.01445867764908293,0.01689675492387721
2018-02-27,-0.0032405416639058604,-0.006550867172796515,-0.011871763847668637,-0.012785354887467237,-0.01699647664948134
2018-02-28,-0.0015137892421661636,0.0003108313001467522,-0.015848899182443366,-0.004564775811133681,-0.022709719955353425
2018-03-01,-0.017516202631270628,-0.012562358807392093,-0.01792194168691319,-0.009811176237962793,-0.007129504420027244
2018-03-02,0.00691440640454033,0.004553166629101657,-0.0009698360054783972,0.0021540482298834096,0.004654167860975722
2018-03-05,0.003461618846390513,0.01557072907976953,0.015354805141485128,0.006340386561327183,0.009530303925832317
2018-03-06,-0.0008483899082999402,0.00920849302913429,0.0008692470566840083,-0.003417259627879643,-0.001179896194184904
2018-03-07,-0.009282758696889215,0.004786506564700588,-0.003733958707563212,0.005786666360380721,-0.025203988142336042
2018-03-08,0.010912585007270437,0.0044401594736043215,8.693254385327975e-05,0.006072857828414824,-0.0018851733056588493
2018-03-09,0.01718069818460899,0.01741782666536884,0.028760981586014367,0.022344616288881625,0.0059364811132605055
2018-03-12,0.009668064621029426,0.012350428812454961,-0.0032193261841451104,0.002382588675753805,0.009120296635903191
2018-03-13,-0.009630540302090207,-0.006387748444923624,-0.011983844134215715,-0.024387806251426336,-0.009436403779108593
2018-03-14,-0.008501175064605682,0.001775698923243585,-0.011182559153836591,-0.005931428615684298,-0.012478394881869193
2018-03-15,0.0011767984463963987,-0.005455760159082668,0.0025225531588590755,0.003516029211886762,0.01114148596762865
2018-03-16,-0.0035264277666419153,-0.006724274466889391,0.001735446286715181,0.004459524005716142,0.009406194335476625
2018-03-19,-0.01527919118936405,-0.01702002356856136,-0.007882459682640008,-0.01807623629932742,-0.01291293649198777
2018-03-20,-0.00034194582112045957,0.02691387223103381,0.0009602700501232242,0.002583816841143838,-0.0021577649126812704
2018-03-21,-0.022655231527774045,-0.0029309385697435797,0.0008720972991476117,-0.006979364089892415,0.014190990511666168
2018-03-22,-0.014129511643001802,-0.023352257063312565,-0.04174620525669881,-0.02908750509759761,-0.020522389854798595
2018-03-23,-0.023156542547447034,-0.03194990354365934,-0.026739609112908513,-0.029067619723403326,-0.008299495149434177
2018-03-26,0.04747180902436665,0.0403193371656132,0.030838382112834184,0.07570546719984117,0.015228913356562623
2018-03-27,-0.025641204289979402,-0.037799009933227934,-0.019400057549977756,-0.04595850533145063,-0.004054384593278448
2018-03-28,-0.011048930425423764,-0.043839574227757305,-0.0015716411595317892,-0.000894689376831348,-0.012076118249318535
2018-03-29,0.007808799228324448,0.011121789958675743,0.018240803948417206,0.021031758683418778,0.024722075361840457
2018-04-02,-0.0065563534792089095,-0.05206094449224363,-0.019278388831765025,-0.03013050251369731,-0.018630345009835403
2018-04-03,0.010259357061813246,0.014621073252283123,0.01372302107943657,0.01344328757371649,0.024583565348577308
2018-04-04,0.019122140464867377,0.013304155601610468,0.015183616840360292,0.029205332214983892,-0.0019994823614976065
2018-04-05,0.006934308575831105,0.02919384373872269,0.013130107927493029,0.0005414774225422914,0.015360126428657583
2018-04-06,-0.025578767627175814,-0.032044139547784845,-0.02493714293699112,-0.02327335693605992,-0.015127762090366814
2018-04-09,0.009918218772343446,0.0006049309856379637,0.012008521940080952,0.005984465694345964,0.0
2018-04-10,0.018818100716886388,0.02143542524562969,0.019112194428655194,0.023245866125641168,0.029384544535776547
2018-04-11,-0.004675350233448228,-0.006384761566404218,-0.016798358943561853,-0.010982087305098198,0.0046707386518001215
2018-04-12,0.009858175992175644,0.015031037769792865,0.024859759800957892,0.01872404657792681,-0.0027120623293753754
2018-04-13,0.00338796448246681,-0.012226519005276604,-0.02707952957985371,-0.005342624710447219,0.008028993908776316
2018-04-16,0.006238504300649428,0.007485369514734552,-0.0008159328586040404,0.011710198932252114,0.008992638157799826
2018-04-17,0.013764131433993576,0.04323969457439136,0.0,0.020175954062419565,-0.0026733089715524905
2018-04-18,-0.0022443489261677607,0.015965907361371823,-0.008075431238044217,0.0038515669926426632,0.011362024897131784
2018-04-19,-0.028340010240831548,0.019026846696625466,0.02195386972847313,-0.0034217754358636387,0.002524657669852548
2018-04-20,-0.04097215508459906,-0.018896413095091713,-0.0022377576074884553,-0.01154928398796451,-0.005288562501927441
2018-04-23,-0.0028963553941048215,-0.006304443768269441,-0.004844126783826508,0.0036839884648067756,0.007215429135702278
2018-04-24,-0.013919105535628473,-0.03806011733462866,-0.004687675760986831,-0.023387252995537566,-0.015332663024757553
2018-04-25,0.004357509015914474,5.476104433066453e-05,-0.003803978589140833,-0.008698640141501013,0.014677677884589402
2018-04-26,0.003482671628705969,0.03957763154732241,0.000999628367744032,0.021124628829317205,0.017107225610056398
2018-04-27,-0.011569903452229857,0.03600877473825914,-0.0063575005744677116,0.016549735990333936,-0.037967094173075866
2018-04-30,0.01811273589698925,-0.004126787422321976,-0.005667372521368619,-0.02400327291738047,-0.0005139138351130113
2018-05-01,0.023235926221293113,0.010299216955919732,0.0,0.01582563688495342,-0.010289704844781866
2018-05-02,0.04417485553247702,-0.007950625194139027,-0.007905898625693242,-0.01568421726549596,-0.001948972193782872
2018-05-03,0.0018123138582679665,0.001528911821702117,-0.006300692792666762,0.0059886943601352716,-0.0033855240876622394
2018-05-04,0.03923359140962024,0.005642261901468659,0.011096370114859866,0.011586785759332363,0.0047032267272961725
2018-05-07,0.007234972093476788,0.012138311349751518,0.008669111814293418,0.011139561250822494,0.010923304670167111
2018-05-08,0.0048068543291646115,-0.004843383195326512,0.014812200035822398,-0.00426143772337384,0.004501959922518894
2018-05-09,0.007040749315907702,0.009802904151798408,0.02180390612915417,0.01179445174600846,0.023562948942878137
2018-05-10,0.014304024840537943,0.0006716524063099527,0.007759314573285936,0.010005985248842997,0.02239459494051821
2018-05-11,-0.003803230417626091,-0.003834516470754168,-0.0037623331136108495,-0.0021448168016363622,0.004697208330167291
2018-05-14,-0.0023332509613973595,-0.0008546543966294617,0.0003510472518977181,0.0033780718141958044,0.006766574488465071
2018-05-15,-0.009088189909098321,-0.015872268790349864,-0.007638059283652909,-0.007242882052217459,-0.0004886786862048353
2018-05-16,0.00933285553655705,0.007080662119067549,0.002742639466632557,0.0025797526131989823,0.0028117636279314517
2018-05-17,-0.006323964181769504,-0.003477659670395261,-0.0033526466707223257,-0.009984529463465286,-0.0017065811905766504
2018-05-18,-0.0036365435712324423,-0.004672001043388829,-0.016200459600793193,0.0018717982087816942,-0.007083493877217739
2018-05-21,0.0070850654029788185,0.007044143460552821,0.009178430101675517,0.012868019520102303,0.012054023515077672
2018-05-22,-0.0025050466248197623,-0.0025608078786804045,0.007668163466562294,-0.0010242121966270723,-0.007778501548563632
2018-05-23,0.006411590629280317,0.012937936366005598,-0.004601229581347788,0.011897386883651606,0.006247124275479132
2018-05-24,-0.001115013548606103,0.0007553855752788774,-0.011201009038227405,-0.0035476107440775007,-0.022884854166923208
2018-05-25,0.0022856551305632244,0.004416479152626884,-0.005124624990337168,0.0005082812821883831,-0.0194343345367044
2018-05-29,-0.0036059679392371757,0.0016893033249025802,-0.04274342145501131,-0.0035580118601516997,-0.0036846676666989486
2018-05-30,-0.0021285500376131417,0.00745252767120097,0.022845331063192642,0.009590592391846675,0.03927562559639464
2018-05-31,-0.003360209420011473,0.0029110106331380337,-0.012367495829317843,-0.001111320967839169,-0.0031899814949365446
2018-06-01,0.01803379845724873,0.007314596664868223,0.012989331420099948,0.01972872583470897,0.0072622690589303485
2018-06-04,0.008358196852290334,0.014455850842866047,0.00046141718656333985,0.008730888151665672,-0.010509447362391566
2018-06-05,0.007714843568516816,0.018663651200122366,-0.005624548695210008,0.005114440415381782,-0.0035817553813248804
2018-06-06,0.0034660994699882153,-0.0003536862117876627,0.02336762444768059,0.00293583947246856,0.017104531188889993
2018-06-07,-0.0026806679566284686,-0.003803651977406841,0.003987268657482224,-0.015708679334715203,0.009992683328844176
2018-06-08,-0.009097558910199366,-0.003143258294014406,0.002797666299959367,0.007434332373941199,0.008687432412413987
2018-06-11,-0.0024516928844694474,0.0030463392416790747,-0.002519952123311908,-0.005706954748204707,-0.005980895780199447
2018-06-12,0.005490972138485262,0.005701178257960349,-0.00577461390687839,0.002573278803063017,-0.00818275855178785
2018-06-13,-0.008217267014152818,0.0035967177727189714,-0.001996925929645843,-0.004540655500996249,-0.011040939807742345
2018-06-14,0.000524281676746341,0.011144664310384744,-0.0176411888021204,0.005651668696301737,0.004661852614063378
2018-06-15,-0.010272659415101248,-0.004576946257703773,-0.001202805481355096,-0.012719204509303306,-0.015020239152877535
2018-06-18,-0.000529617384905201,0.004557175708828076,0.0025948311345458386,0.007290401674800329,0.001983613849960042
2018-06-19,-0.016159571768214476,0.006375480989251114,-0.005823722297005118,0.0,-0.0014845610952471944
2018-06-20,0.0043619573787414545,0.008819555259391043,-9.297731442159396e-05,0.010014099270379884,-0.00309808119545385
2018-06-21,-0.005576538604900927,-0.011348009699612582,-0.0002789578800194148,-0.007165957810360446,-0.00944676052487703
2018-06-22,-0.002911549633258126,-0.008409345657574563,-0.016370538864346806,-0.007217842992119805,0.021207173424452996
2018-06-25,-0.014871205512546948,-0.030611940875939325,-0.009078021114532264,-0.020117707651277517,-0.020152221986579844
2018-06-26,0.012406247314775687,0.016799393006361685,0.0006682561933777365,0.0070132054133364985,0.011286317033365245
2018-06-27,-0.0014643875394827477,-0.018083004300295413,-0.0154492635363781,-0.015542836129852633,0.01326910102611012
2018-06-28,0.00727644974435715,0.024655133217022396,0.01636933121776596,0.01117444855485683,0.003181715137176022
2018-06-29,-0.002102627987978889,-0.0009698112831901806,-0.006956817980508734,-0.00020273682126781267,0.00927205650003482
2018-07-02,0.011182816068162627,0.008224557530564391,0.008445326266881326,0.014197727192453602,-0.01172484327608947
2018-07-03,-0.017416547603135157,-0.011565135656379955,-0.01398947838529474,-0.009599317443636513,0.005870844382510176
2018-07-05,0.00804708480729599,0.0034062854005068033,0.0065018837052595035,0.007168183362233904,0.0008508069896944193
2018-07-06,0.013862105083570109,0.006412761389779309,0.003277703090394102,0.014033726222381304,0.00024294786540535185
2018-07-09,0.013884815616538315,0.01659616164256117,0.030943835969652556,0.006820756454456234,0.006923434313523824
2018-07-10,-0.0012068625705441427,0.0023289787055904565,-0.0061518379553793245,0.002650945757958878,0.009167773275292168
2018-07-11,-0.012975615652837225,0.006844206585369106,-0.0021576542392872655,-0.0013707381749124004,-0.01278997275599758
2018-07-12,0.0167655975609724,0.023715114321803732,0.004323659275294878,0.02167092270707216,0.0012109538934796937
2018-07-13,0.0015706373270663043,0.009133768896724348,-0.004585529875022587,0.01190137119263901,0.007497769526269904
2018-07-16,-0.0021949866697562603,0.0052177800587500656,0.039676519802202215,-0.004932354620422852,-0.009842551904123531
2018-07-17,0.0028284308782522416,0.011764193682617163,-0.0007235568025528716,0.009913133513997918,-0.002182358872526602
2018-07-18,-0.005484830974660793,-0.0005477318654328878,0.009321584675400896,-0.00783373467389592,-0.0010929647989451619
2018-07-19,0.007773469963527457,-0.016251439318926697,-0.014704738477818391,-0.006849101066798258,-0.0025545127674815316
2018-07-20,-0.0022934131488738796,0.000402643441726136,0.012648612766330558,0.017911515302894587,-0.007437987606102814
2018-07-23,0.0008881725348577341,-0.006450891550111915,0.018602043240188992,0.015997315135921175,0.0
2018-07-24,0.007254090378573164,0.01511653201758878,0.00705774481222976,-0.0028713873764695252,0.019778740454521992
2018-07-25,0.009430485047709602,0.01878920500125658,0.009023356372285019,0.029444663023231454,0.006986803536057629
2018-07-26,-0.0031313169372332306,-0.029839878546057075,-0.0028649877506442545,-0.010917525383804527,0.007776314405579132
2018-07-27,-0.016631414532556676,0.005127223105519718,0.010273998894960057,-0.017698045105019267,-0.027540198415109685
2018-07-30,-0.005602692944477683,-0.020938043492589764,0.006032990239289937,-0.021451895327307846,-0.0021976781420357527
2018-07-31,0.002000984835058839,-0.0010004034202905077,-0.01524885403329268,0.006737926096214375,-0.0028132829412367277
2018-08-01,0.058910278135905214,0.011100188511422582,0.006176523618099283,0.0018855316853083615,-0.01374076521675549
2018-08-02,0.029230459187128188,0.020676972776122904,0.004236816091523377,0.012137728752961374,-0.005970827480771046
2018-08-03,0.002893083805278307,-0.006018567620502124,0.008092922659791668,0.004369473122941114,0.0036291293344081765
2018-08-06,0.0051926375022486315,0.013415305387102894,0.000256035539870636,0.0008325869302152622,-0.0002497509003852594
2018-08-07,-0.00937488543559195,0.00797189690599387,0.0036714938302486733,0.006936329060754476,0.013594698060898969
2018-08-08,0.0006756812264911982,0.012907476510019888,0.0020418016441523523,0.00560238264626034,-0.0066442773260873
2018-08-09,0.00786516704586182,0.006360983466085601,-0.007725569857366721,0.0016439532826211245,-0.005079163009074961
2018-08-10,-0.0029783393151727733,-0.006436593187619355,-0.009839386896127178,-0.0061090870028917,-0.0010059997176957713
2018-08-13,0.006456576102124911,0.005248317917343259,-0.01589903396594672,-0.007247785900531989,-0.010828881970510795
2018-08-14,0.004213222225941671,0.012366845697121098,0.006673558473075936,0.01247576232189962,-0.003182127549032354
2018-08-15,0.002336273222715235,-0.019289990364543264,-0.008286625996268615,-0.013560574500248168,-0.017494401720565378
2018-08-16,0.014650028671631787,0.002071577924933621,0.00941087903887583,-0.0001857856736051655,0.013776820543289547
2018-08-17,0.019969677332083657,-0.002279290398177758,0.0,-0.0005573074615269347,0.0033334900841612836
2018-08-20,-0.009743743501561153,-0.002927367006458015,-0.0013070471086311652,-0.006599644209082212,0.007027709181820052
2018-08-21,-0.0019490224872048545,0.0035753524597155195,0.0061072051405342,-0.008327842719198841,0.00025404711065091234
2018-08-22,4.6331432843382814e-05,0.011404839643848641,-0.003034984579252775,0.010190447721825091,0.014334310534616534
2018-08-23,0.0020461475734192547,-0.0010499879325082118,-0.002087373468651954,0.00467020978263033,-0.011005533904480669
2018-08-24,0.003109338656691385,0.0013085721135976947,-0.0004358341985559733,0.007809486652140318,0.006828765018225047
2018-08-27,0.008234592969878385,0.0116984128662041,0.017701227994376234,0.011070132583403502,0.009796309166497652
2018-08-28,0.008075389766050822,0.0026663776936470818,-0.004883845883016824,0.006022105089181551,-0.0014925138753024703
2018-08-29,0.014929650321700239,0.03377448472317157,-0.0032720126547319817,0.01596204478311969,0.007224667668405571
2018-08-30,0.009193699237551645,0.0021420801683240676,-0.0049239260429077,-0.0006249779289725366,-0.004328367430421531
2018-08-31,0.011553801985238144,0.005158808357790701,-0.005295631974031378,0.0033945856094510507,-0.004223011223645101
2018-09-04,0.0032070467206317677,0.013315420436047276,0.004974800390695755,-0.005519476493821007,0.0014967955338607286
2018-09-05,-0.006524829375011754,-0.021912171605654396,-0.004863391213125734,-0.028824630210287583,0.013326920400899445
2018-09-06,-0.016617146053956255,-0.018302408612638987,-0.004276047267941618,0.0023043641550173355,-0.011062371322275277
2018-09-07,-0.0080684765224458,-0.0031863848938521455,0.0019282094508272785,-0.004874005332681786,0.017027200178345803
2018-09-10,-0.013420516648117164,-0.0066903325749549936,-0.005335849681273874,0.010812192402280596,-0.001466498285272344
2018-09-11,0.025282974324520424,0.0248270784425193,0.0063320100442345595,0.017004940347613795,0.014074177085964035
2018-09-12,-0.01241895058569098,0.00143423328566894,-0.011797794236446335,0.004225196114784335,0.0032588184080615257
2018-09-13,0.024154953882338237,-6.53290868404266e-05,0.0038909527111783415,0.010742046435575192,-0.009744109836336667
2018-09-14,-0.011351152849121027,-0.009890105002663963,-0.00017597478925202026,0.004074019926173289,0.007288779976540649
2018-09-17,-0.026625908901576123,-0.03155027437226787,0.0029955228377709364,-0.01084936497045097,0.005909315156977568
2018-09-18,0.0016521193403500334,0.017305818361681213,0.004040706387800741,0.009541677022823825,0.0026375969460090687
2018-09-19,0.000595474864568013,-0.007537144683164243,0.029046476087082107,-0.013338112682971026,0.011957177000240016
2018-09-20,0.007601909946320928,0.009281436034859869,0.008586906650046355,0.016741318133297156,0.0022453211223325553
2018-09-21,-0.010771228629730456,-0.015064474134848682,-0.006574983366334219,0.006075661087163509,0.004126287812809437
2018-09-24,0.014380001402145348,0.010104372755515678,-0.009588409724950231,0.003588140577616583,0.01678997259721493
2018-09-25,0.006341320210999868,0.020776882772626015,-0.002827268331288657,-0.0019183513390188534,-0.0011548418805478189
2018-09-26,-0.007966418902950023,0.00015192716831013975,-0.011770837397830247,-0.004106834289852035,-0.008323443196894709
2018-09-27,0.020551612653437523,0.019307813394711104,-0.004347106437957771,0.003772729251254381,-0.0001168609252213404
2018-09-28,0.0035119298946320043,-0.004957829079553111,-0.01466994061735205,-0.00034972127466526004,-0.008744147705108563
2018-10-01,0.006733393773239893,0.0006789894400496266,0.005849052386799558,0.010842197899943784,0.009292136453994626
2018-10-02,0.008888750255171773,-0.016489093067526883,0.00414085506389128,-0.003979229393474948,0.007574404610904306
2018-10-03,0.012168429847940976,-0.009409964736917797,0.009388583260473427,0.00017384431107547726,-0.00358513406203409
2018-10-04,-0.017581036666762917,-0.02219422567092222,0.009016017303316026,-0.0206651290786114,-0.00661654595101524
2018-10-05,-0.016228624204223108,-0.010353955604213816,-0.005638884180992898,-0.005851491665297859,-0.0028045402736384117
2018-10-08,-0.0023185138703343267,-0.013351652655319235,0.006107283825152354,-0.011415401443013895,0.009257040906052838
2018-10-09,0.013853425323400836,0.003164503350325587,-0.0069373493775236605,0.012720109634480004,0.004412119747769561
2018-10-10,-0.046325883710725546,-0.06152425214335033,-0.02663283941033756,-0.054338310353295394,-0.023003168881226554
2018-10-11,-0.008828077654483568,-0.020447169250033426,-0.02996337152269768,-0.0023549404064611146,-0.03454781735871437
2018-10-12,0.03571936833358014,0.04027654247009993,-0.010912892339207225,0.03455775558425178,-0.002695902252585314
2018-10-15,-0.021385791433135237,-0.015464474245241777,-0.005703587408495969,-0.0179794963595884,-0.006881722155851144
2018-10-16,0.022037005766461837,0.03351032644684038,0.021440689153435333,0.03159857351614659,0.004701867704107299
2018-10-17,-0.004321092020135753,0.0064671857563620705,0.011139651873202094,-0.0026125729143425813,0.00369472440162788
2018-10-18,-0.023373634969599433,-0.033307298491406456,-0.01584246381404708,-0.019961995088854878,0.00429417685606337
2018-10-19,0.015230175640449817,-0.0037781598679350603,-0.0016652693606725721,0.0014746265713672102,0.0014664061997700095
2018-10-22,0.006109915451351977,0.014325112382443717,-0.014363632350132494,0.008926731509609542,-0.010003368691984815
2018-10-23,0.009426754501002277,-0.011512868959461908,-0.010436428186296531,-0.013955971210777407,-0.01614338895485934
2018-10-24,-0.03430166651635236,-0.059082926650834144,-0.018622150673990978,-0.05346902059941472,-0.027805516115993467
2018-10-25,0.02189781076696362,0.07088689580645524,0.015199609210462484,0.058443951243145165,0.00888942641398316
2018-10-26,-0.0159236719296455,-0.07819674751655215,-0.013732338723000836,-0.012372713232801424,-0.009960117970582938
2018-10-29,-0.018770191118826718,-0.06326358495753426,0.013826859101683908,-0.029076540716865384,-0.00619126309123319
2018-10-30,0.004994258462975409,-0.005497459446531794,0.01764410399218841,-0.001155292849040368,0.02245277159190784
2018-10-31,0.026066715238373783,0.04416426273766638,0.02174354624828423,0.029692268969734092,0.011424384809864963
2018-11-01,0.01535216317953969,0.04225254609166407,-0.0003670373513617875,-0.008332523166902028,0.012424740119358457
2018-11-02,-0.06633064806203981,0.0,-0.005505767496420955,0.0022658965222432936,0.015866859776424436
2018-11-05,-0.02838816015020107,-0.022653420449634698,0.006551345017697496,0.012716600563757341,-0.003782568958005217
2018-11-06,0.010813706589376082,0.00922107808904249,0.00467486772263026,0.001953509778817475,0.004287012529139433
2018-11-07,0.030328652724477045,0.06858973168176319,0.01715328253959081,0.03936148286223218,0.012684405665482679
2018-11-08,-0.0034891113422230724,-0.0003303844428476088,0.008072982164070597,-0.0018757170024301661,-0.015897945356633914
2018-11-09,-0.019281576763748087,-0.024206376188181555,-0.009698921001636163,-0.01950799437422135,-0.00024709533111044735
2018-11-12,-0.05037401161325161,-0.04413610380713673,-0.02102619535218342,-0.02464167519104643,-0.01286012719694396
2018-11-13,-0.00999146072913304,-0.003470038015299326,0.005874124496284772,0.0006548636970464816,-0.02292360122334791
2018-11-14,-0.028247433605828043,-0.019715929862163195,-0.02062236608185697,-0.014180943453167227,-0.007820819182287497
2018-11-15,0.024678867280763406,0.012776650897123432,0.025528912948777016,0.02200630187640562,0.010337427069084804
2018-11-16,0.011075584760526613,-0.016073437868940443,-0.0007268155505167906,0.009414491176816364,0.009847665119027571
2018-11-19,-0.039631896290526436,-0.05090968010562913,0.007637499254208979,-0.03389057071302182,0.0032930068551146885
2018-11-20,-0.04777803501278166,-0.011128808718927297,-0.02147492449953059,-0.02781493854459749,-0.02840203793770779
2018-11-21,-0.0011298980927753055,0.014223040580892299,-0.007468664538120229,0.013764580326692366,0.007665518103518565
2018-11-23,-0.025399079366206334,-0.009672192531983259,-0.009197621194773187,-0.00038781118903319367,-0.026689400203607105
2018-11-26,0.01352392359378718,0.052774205345442304,0.024472704733807804,0.03298748777916827,0.019738052523379457
2018-11-27,-0.0021760691918861763,5.693110101656629e-05,0.004210021619705406,0.006292553445663485,0.0009093903193670982
2018-11-28,0.03845258380931105,0.06091358215761211,0.011119447152013073,0.037147766573060625,0.018169883163442035
2018-11-29,-0.007681936745570939,-0.0024914277024860043,-0.00793218914366367,-0.008369219862607746,0.00777554694047633
2018-11-30,-0.0054025564141981786,0.009918938050902604,0.010266935006332911,0.006352455613350294,0.005565606061886275
2018-12-03,0.034942338410540064,0.04862821032044029,0.009443355742353443,0.010821404825324565,0.021635155239954074
2018-12-04,-0.0439888343188759,-0.05865623540184539,-0.04463652239094684,-0.031849385017126974,-0.022038904451825214
2018-12-06,-0.011149406915921811,0.0184548674019982,-0.019024274214925696,0.006174291150875755,-0.013093337978107189
2018-12-07,-0.03565664823859438,-0.041231479123390424,-0.018062438084095023,-0.04002223302910968,-0.009567427339337686
2018-12-10,0.006587789682386269,0.007304527462037358,-0.018685285623562753,0.026426241879850654,-0.01416821540411517
2018-12-11,-0.005719510036040876,0.0013467657815862122,-0.00976729444894131,0.009294776286456807,0.0018292365323622217
2018-12-12,0.002786792261259885,0.01235363498916997,0.006475980282672378,0.004512359435087987,-0.008606894621291605
2018-12-13,0.01094052548779878,-0.0031018578309504052,0.0009900733565788578,0.003392105709180804,0.01262803757710751
2018-12-14,-0.03199779811111214,-0.04008130390245668,-0.008208186659920624,-0.031247305633357425,-0.01818661663550214
2018-12-17,-0.009306207100691855,-0.04460045543160707,-0.012762892586857588,-0.02961434729507706,-0.020375824614324634
2018-12-18,0.01299277226125084,0.020099752835132323,-0.004746851091248949,0.010497039418249976,-0.027552535541413015
2018-12-19,-0.031192183359814996,-0.03635238334743507,-0.012685233648503047,-0.002693169587443811,-0.016944435964157734
2018-12-20,-0.02523416681102264,-0.022908494210543306,-0.008634090368255576,-0.021024482438300907,-0.03037576010187948
2018-12-21,-0.038895659670314164,-0.0570771264386426,-0.023639312378357036,-0.032311780101728194,-0.007431309878070169
2018-12-24,-0.025874438083134832,-0.024313035987901577,-0.02155667920221216,-0.041738992561922594,-0.03831459289672412
2018-12-26,0.07042210918808411,0.09445222040160872,0.0414584642342104,0.06830957847298458,0.04777895936925325
2018-12-27,-0.00649015445074852,-0.006295430662189294,0.01125472376775849,0.006165665100375417,0.004370652697740951
2018-12-28,0.0005125792660964912,0.011206593086295902,-0.002164302447368427,-0.007807985549622587,-0.011169361251201049
2018-12-31,0.009665213317472832,0.016204139597652434,0.008158800086888185,0.01175444704041384,0.00029367559026338697
2019-01-02,0.0011412188731709794,0.024740760502233394,0.017312046705046713,-0.004430539179813842,0.02199731787622694
2019-01-03,-0.099607555189271,-0.025241497784936007,-0.014211759039845395,-0.03678781090728256,-0.015353803473634686
2019-01-04,0.04268922082914739,0.05006399867375011,0.0368658107761497,0.04650907692066619,0.036869667432862796
2019-01-07,-0.0022256362778930727,0.03435341415874271,0.000694998966266791,0.001275278957711956,0.0052004482017034
2019-01-08,0.019063010610528286,0.01661235994563981,-0.001885936569058111,0.007250850798279362,0.007270681631675879
2019-01-09,0.016981654915317446,0.0017143547179709895,-0.001690028571409985,0.014299445090084628,0.005274625901732888
2019-01-10,0.0031961584381847707,-0.0019284287379283116,-9.981155801097596e-05,-0.006425636375984811,-0.0051091016147923884
2019-01-11,-0.009818027656079975,-0.009455231305329326,-0.004781478781879733,-0.007721834934006133,-0.004580065796759292
2019-01-14,-0.015036580248895093,-0.014232985793521946,0.010309420975626038,-0.0072961190789726516,-0.0012549995849719942
2019-01-15,0.0204664802410639,0.035462313843586335,0.007331092046354959,0.02900568790378033,0.000558679050468136
2019-01-16,0.01221649955432147,0.005505997778829874,0.008064617608516844,0.0035233431249994673,-0.0004187753268491967
2019-01-17,0.00593799435685427,0.005606434395265758,0.004097634347819401,0.0070221791345213,0.006839628937909792
2019-01-18,0.006159192892474907,0.0017598946424279838,0.016226009146027565,0.014982983565678287,0.011922958997135913
2019-01-22,-0.02244594019970647,-0.03774908655967102,-0.01577583935275051,-0.01884676382319106,-0.015070395557748584
2019-01-23,0.004044083416843813,0.004809570602366753,-0.002526077992419884,0.009746490006471875,-0.008206889884599056
2019-01-24,-0.00792626753162795,0.009091336230296898,0.0005846622393146372,-0.004779567315123412,0.0014027083060370593
2019-01-25,0.03313705606437112,0.009450615167288179,0.006326625039428935,0.009133784455389815,0.004481488741912898
2019-01-28,-0.00925446148071385,-0.019562216712664893,0.0047393917188960355,-0.019501673830820354,-0.0066928052925271375
2019-01-29,-0.010364977932069697,-0.02686994204251958,0.0027917242619377447,-0.020365131577406048,0.0037899888212118427
2019-01-30,0.06833499210872329,0.04802744720961405,0.0023040315756055474,0.03341719091940232,0.010907550710166136
2019-01-31,0.007201210900283694,0.02891472167185971,-0.008715765625791017,-0.018330533376211378,0.013694804814432748
2019-02-01,0.00048059929601040885,-0.05381880772938674,0.003671477480031715,-0.01580009325603593,0.036026182493594794
2019-02-04,0.028404742920750126,0.004353581897566405,0.00356184889248512,0.028799271355664624,-0.01448878074825477
2019-02-05,0.017109449056252002,0.015612487224473615,-0.004412634346108835,0.013996855786645446,0.010291290253153118
2019-02-06,0.00034477881358219165,-0.011182689786027766,-0.00048140789222794744,-0.011098741674738344,-0.0043657879593342885
2019-02-07,-0.018939583192303155,-0.015784110453143985,-0.013109964118288242,-0.007167734791955316,-0.007706469934244287
2019-02-08,0.001175281822885177,-0.016198209157239574,-0.009962906381647652,0.003799317167449301,0.001624972153640325
2019-02-11,-0.00575075720685192,0.0017503863887402549,-0.004735812901206504,-0.0039741061852657245,0.0016217597126424455
2019-02-12,0.008616924021593197,0.029547382710171766,0.017050267047188816,0.015581718180425419,0.017543768819006544
2019-02-13,-0.004154827397876759,0.001214920135908626,0.0047758838211440224,-0.0007485007529917098,0.011273500091443678
2019-02-14,0.003643215512650677,-0.010579272014338836,-0.006499287434726053,0.0008427901378034175,0.0002621184354651973
2019-02-15,-0.002224618138020662,-0.009059262479477748,0.0305606706067707,0.012348107917406148,0.018880506153523324
2019-02-19,0.002992264170687431,0.012208075244112715,-0.0035056700806985752,-0.0004623099833555022,0.006691427026522145
2019-02-20,0.006435650664389225,-0.0033668938325457365,0.004848841745004107,-0.00519912571847847,0.0038349881006731756
2019-02-21,-0.005638483933515515,-0.0016398893947140447,-0.002081529395682291,0.021092022115548392,-0.009041317585804731
2019-02-22,0.011165567444695768,0.0074841032295558385,-0.004456163277421155,0.014258242987214675,0.007710044008976347
2019-02-25,0.00728441424183246,0.0008825736547322105,0.010476038929451592,0.005586997362049484,0.001020004647503292
2019-02-26,0.0005740362889887773,0.00208203509820426,-0.007634205967847252,0.006900407304013534,0.00203847361007492
2019-02-27,0.0030974845036162435,0.0028660116253622636,-0.0012345383342868832,-0.0016910631161274337,0.010297424089376062
2019-02-28,-0.009835877813634486,-0.0007677325817357916,-0.0076075947883166295,-0.0012479731908667802,-0.005536774234123354
2019-03-01,0.01051129262988959,0.019453250691601864,0.0006706477764857333,0.004463001852491155,0.012273816007511318
2019-03-04,0.005029275014255763,0.014619586796095208,-0.0022981166211237802,-0.002399302696980965,0.0038751552872804407
2019-03-05,-0.0018197750283530656,-0.0022050158240090045,-0.0007678332545122402,-0.004988618063706096,-0.0014943316509966609
2019-03-06,-0.005753896550172333,-0.013873495481994347,-0.0037460410413023837,0.00044768464742306335,-0.011348016218457047
2019-03-07,-0.011574666380584575,-0.02576471998369667,-0.0072312136162344665,-0.012169818542916433,0.011100087358127064
2019-03-08,0.0023768552316916214,-0.0031673752931026256,0.0003883746990480663,0.0010869712451138103,-0.014346316904788159
2019-03-11,0.0346421881305603,0.030737873720530162,0.013008765320089433,0.020993660340907994,0.00974534390698012
2019-03-12,0.011235398558538723,0.0014844854239022265,-0.0029706798410482627,0.007001633398232343,0.0027575969495123864
2019-03-13,0.004422013955985182,0.010585118161452245,0.0033640011748645726,0.00774509435886328,0.008875385737201258
2019-03-14,0.011116763314046096,-0.002714673150861824,0.009100528267410368,0.0007861976322585118,-0.003345532595638412
2019-03-15,0.013007920355691649,0.015502120161135613,0.011486448866427024,0.011519368215976211,-0.0036048304104847606
2019-03-18,0.010208642570701532,0.017397066258948213,0.006006611409721696,0.014321020760446723,0.011602772374669224
2019-03-19,-0.007924564479601881,0.011307873960989534,-0.00363848957375823,0.0006806019682206177,-0.0025899008063391404
2019-03-20,0.008738539096308173,0.02010391063581385,-0.021348376507254185,-0.0011049742174997768,0.0055641322759798495
2019-03-21,0.0368303905966858,0.012235166707998735,-0.01578622871133195,0.022974888573817243,0.005780103287690519
2019-03-22,-0.02070850039664829,-0.029951683771010984,-0.03023224355022769,-0.0263682151667346,-0.01601688280815705
2019-03-25,-0.01209111553351494,0.005377413721055602,-0.008320000599153832,0.005211552479431614,-0.006958067868968576
2019-03-26,-0.010331542334577115,0.0053544138654035844,0.010007119891534355,0.002124689074549435,0.013012716698878712
2019-03-27,0.008993836809658484,-0.01012467867973188,-0.0034029787467115824,-0.009668442530392007,-0.007658147054851461
2019-03-28,0.001326746472657625,0.00437213503435796,0.011347762907113035,0.0013701793387788097,0.004979202696181684
2019-03-29,0.006517371265509997,0.004133266392968293,0.0051635613058493846,0.008637487770267294,0.0007432195569032629
2019-04-01,0.006791324285882361,0.018778657625842854,0.03368545261473943,0.009157256777513778,0.011509369336599073
2019-04-02,0.014536647807224412,-0.00011581671050930886,0.004778186422278452,0.0014285132704201509,-0.004281825450972776
2019-04-03,0.006854906407974148,0.003704629310371743,0.0019974618457427873,0.006544182728170034,-0.005898472393338183
2019-04-04,0.0017406500346086595,-0.0010106317894359451,0.009660226338473743,-0.005084774275920134,0.014215025351677513
2019-04-05,0.006693976420139469,0.010127196283313822,-0.0023681115269810205,0.0044405031721399535,0.0053626745796406805
2019-04-08,0.015736267518743796,0.0068470544892456076,0.0032285793520363537,0.0003336134459508422,0.006182634996455327
2019-04-09,-0.0029986905501731,-0.007578913297284662,-0.0073830439048063745,-0.005420108853205541,-0.012891711001396189
2019-04-10,0.005614327264584773,0.006258726672734749,0.004481741521147775,0.007629258533919492,-0.004515838472456846
2019-04-11,-0.008324317745057708,-0.001764730856449126,0.008448896432961872,0.0011648347180843732,0.004781507514786787
2019-04-12,-0.0004022815120114931,-0.0005476903050044557,0.04687958871822917,0.005152474274806362,-0.012568661875446918
2019-04-15,0.0018104716338629423,0.0009820611162909554,-0.011419848208736094,0.0008266229890501187,-0.0033363905994236998
2019-04-16,0.00010044913389362087,0.009848939749589336,0.0105511624227006,-0.002313118700020267,0.006819523282810769
2019-04-17,0.019473192786755744,0.0009553942674214166,0.028803091888805588,0.008280513814173496,0.0028322780480471987
2019-04-18,0.0035935148403951622,-0.001678383384266291,-0.007349598073796648,0.013139519465934946,-0.003684152151956943
2019-04-22,0.003286616007696752,0.01376167016316665,0.0012343155740563994,0.0031610946919664595,0.021816762731458272
2019-04-23,0.014423107430332704,0.019318479950358514,0.0012322228016778958,0.013574672882048056,0.00579019598970798
2019-04-24,-0.0015421216842047558,-0.01144625325368731,-0.0016701685936432176,-0.0034279142368101034,-0.019429139773168624
2019-04-25,-0.009075282576308297,0.00026293177839042947,0.0005279431545288649,0.03311718802902841,0.005626671536189898
2019-04-26,-0.004773981112165981,0.02543302552920257,0.0075698819044580645,0.0057299326297794995,-0.021041354033464077
2019-04-29,0.0015175784999830189,-0.006254395751948416,0.014414549214988082,-0.0009238504648063639,-0.0064604484872043955
2019-04-30,-0.019256415424803608,-0.006144196629405907,-0.0006027805968821243,0.006395989982512118,0.003876075392045042
2019-05-01,0.04908574505172969,-0.007786060129541195,-0.007669323019397822,-0.02082691261174241,-0.02005441951477749
2019-05-02,-0.0065076848113834185,-0.005597598276473326,0.002170860823217602,-0.013059245759294513,-0.017541737441719163
2019-05-03,0.012431136992405944,0.03242811755501673,0.00615218537619433,0.021313872847301463,0.0023289087605768977
2019-05-06,-0.015442504119015044,-0.006068961956673058,-0.008870181476708705,-0.005818696683446811,-0.004388729351808673
2019-05-07,-0.026957088664244178,-0.015149504925400126,-0.016335286870743593,-0.02052269758617331,-0.005315886265318093
2019-05-08,0.00019698743498186566,-0.0016814851400369646,-0.005299955438686554,-7.967871770386825e-05,0.00156411811234336
2019-05-09,-0.010744124707814717,-0.009333722778829934,-0.0007991016217919755,-7.981527126543764e-05,-0.0009106826479348129
2019-05-10,-0.013853356051997445,-0.005205610992477072,-8.89607530693004e-05,0.012988074998227406,0.008695497065953406
2019-05-13,-0.058119486122347186,-0.035608819608768605,-0.027197392229493023,-0.02973327514520785,-0.011102440542864578
2019-05-14,0.015830273547161378,0.009568262041155462,0.00794854548070445,0.011187710641901383,0.0013207766545246802
2019-05-15,0.011979293748496156,0.01686309695084587,-0.0038065778882427903,0.014082205912882229,0.00738727421470986
2019-05-16,-0.004399733977739184,0.01946395630546416,0.012829592862176442,0.023091511652409746,-0.0001309913722280509
2019-05-17,-0.005681691270086664,-0.020219492921261684,-0.004851604565834,-0.006669958446540836,-0.005893452325967163
2019-05-20,-0.03127011001327917,-0.005366456690264809,0.0052362202187883344,-0.014445459021046214,-0.0001315076143949545
2019-05-21,0.019170866517831398,-0.0007800247985996211,0.0034127829242491803,0.005387389063153281,0.004611214792533902
2019-05-22,-0.020471656691970708,0.0011628591845380676,-0.008144786996213127,0.0060676526300142974,-0.009049315150830517
2019-05-23,-0.017069586129929704,-0.02376751975512159,-0.019671625226388545,-0.011670664926995089,-0.02342468702617484
2019-05-24,-0.0038404580546695932,0.004296377605180091,0.009849204320655058,0.0004754953135324147,0.0042005705134213756
2019-05-28,-0.004134768001451183,0.007212290050219838,-0.010846748045366894,-0.0006338429033035942,-0.02010788682277298
2019-05-29,-0.004769146326031648,-0.009387773958249856,-0.0027642903159050825,-0.00966996034372214,-0.006197246248743071
2019-05-30,0.0051864892844979416,-0.001577639243082074,-0.01071911389320801,0.006322996908057599,-0.002633019615109089
2019-05-31,-0.0181154467522886,-0.022710755340790256,-0.010274791478480871,-0.016304924933075893,-0.01667374962797985
2019-06-03,-0.01011015300345175,-0.04640947352034053,0.004719043707441584,-0.031047686386463713,0.01568463951322685
2019-06-04,0.0365839685938405,0.02178187690076805,0.030809523407390182,0.02770365006344755,0.02378956156803369
2019-06-05,0.016143480704679858,0.005169016882808464,0.0035538130983832072,0.02167898401583601,-0.008288967352383936
2019-06-06,0.014681558548031104,0.009122798271355315,0.002179541062610868,0.01581514993399269,0.018223973228657986
2019-06-07,0.026616962068862104,0.02831229113708922,-0.010963271072677916,0.028007938814925026,0.0036333957366492253
2019-06-10,0.012779393684112295,0.03137422141504986,0.010810124215644423,0.009132486855237154,0.004425054111502957
2019-06-11,0.011579552316764108,0.001649933470424525,0.003081147294565101,-0.003771063119445972,-0.0009347405919049034
2019-06-12,-0.003182681232578033,-0.004496418192190821,-0.012739432752325475,-0.004617355426549619,-0.010822854237185098
2019-06-13,-0.00020589707299845106,0.008074084887562893,0.0024709208134809924,0.0063122620403202045,0.008780156236357417
2019-06-14,-0.00726238777326238,-0.00033686328637261287,0.002555957471670034,0.0009823518131180098,-0.004418986978713679
2019-06-17,0.0059664127902692154,0.008750215966301989,-0.005463136530054258,0.0030201935879061725,0.009952966912033734
2019-06-18,0.02351879324406214,0.008133468756305495,0.013641896111374896,0.017387815740173673,0.00865642394490762
2019-06-19,-0.002922906795056579,0.0039024725343070887,-0.007225930872405195,0.003921228026249057,-0.005545105617482338
2019-06-20,0.008035925313164771,0.004924598579345574,0.0025475216939898626,0.009286042977451725,0.017126598119615366
2019-06-21,-0.003409368260586021,-0.0035919036198248655,-0.006806577689881799,0.00014599418353467009,0.01409752747290538
2019-06-24,-0.0010061952754349957,0.0013603018897809793,-0.0071271097789677995,0.005913565515787145,-0.009525276741307875
2019-06-25,-0.015157402184367341,-0.01861645619625707,-0.0082826980796874,-0.03157178865718069,-0.008836718688386647
2019-06-26,0.021628965155211066,0.010413885939478895,0.00668165412245636,0.0037470557104788416,0.004326657159007485
2019-06-27,-0.0003003734696730431,0.0033985604479442877,0.0033181830570430115,0.0016425741007708439,-0.0101830065125742
2019-06-28,-0.009112121713378385,-0.005592597818778633,0.02719614712733409,-0.0014161362830913404,0.010683591884094179
2019-07-01,0.01834110607283357,0.015082077541072714,0.016815831408774073,0.012839811406705204,-0.0009136223986939696
2019-07-02,0.005854495663791148,0.006305337412949363,0.0010555758611887622,0.006633151706465057,-0.01097163659953504
2019-07-03,0.008286778449825283,0.0024246069203848197,-0.0015928113768285401,0.006442874437649904,0.009508584678122878
2019-07-05,-0.000880329393428525,0.002016536782024403,0.005938705084775009,-0.002909406278812199,-0.004055361036364058
2019-07-08,-0.020613981888343957,0.004843221049465329,-0.0054633105662280634,-0.0007298599806867534,0.004597076153003865
2019-07-09,0.006099253291735884,0.018429393240526393,0.004252797357634508,-0.0036508359755199615,-0.0006535330043810905
2019-07-10,0.009888430069653564,0.014640624938845548,-0.002911502786546616,0.010186311659364788,0.014130796489015607
2019-07-11,-0.0072823075183151564,-0.008099507325226352,0.009555911622535884,0.003989454055313146,0.0007737090616051212
2019-07-12,0.007683040956677267,0.0049624026209122984,0.010517178353728784,0.003612792839446932,0.0007737221072432465
2019-07-15,0.009394890331576589,0.004967642414728024,-0.012142364882047674,0.0,-0.0070849448281450345
2019-07-16,-0.003459832166794352,-0.0054873776497271765,0.010711226818184816,-0.013102710929557504,-0.01491958125499937
2019-07-17,-0.005623541479296557,-0.008891002112726198,-0.009815693037206308,-0.005909175833227476,-0.005926343226991704
2019-07-18,0.011359903536540816,-0.007093314974038978,0.005965349848076729,0.001100898401916961,-0.008479368294250667
2019-07-19,-0.01492779758737528,-0.006764737761974726,-0.009854533173544122,0.0014660912103512391,0.002004477325340037
2019-07-22,0.022854281785095187,0.010745666804249376,0.006429540236118081,0.01324808193896665,0.0010667239520025795
2019-07-23,0.007817602974560467,0.004462067812825987,0.018290093879940184,0.006212869129851306,0.0039966013485415175
2019-07-24,-0.0008140404125093204,0.003168672237739978,0.004039031021691342,0.010266026449518462,-0.00013300892110335027
2019-07-25,-0.007907160962517534,-0.013489486526910066,-0.009586397074752173,-0.003766007469766852,-0.005705814192786374
2019-07-26,0.0034780786443149303,-0.015589116785757695,0.00440762690618568,0.008202858649028144,-0.0016016131853521243
2019-07-29,0.009338233141657382,-0.015748424764873037,-0.0031837555534579565,-0.0021932007206609816,0.0070847108475367016
2019-07-30,-0.0042920078661817795,-0.007278612913047322,-0.00224444574551097,-0.004821585519357741,0.00013257245878484092
2019-07-31,0.020403950686674666,-0.01672348135049362,0.0035473748995797916,-0.029070255078904372,-0.01313852426002593
2019-08-01,-0.021638839461312287,-0.006138892274227259,-0.026379564883756812,0.013135746723112796,-0.025551408365592
2019-08-02,-0.021158208057307948,-0.01729077783786115,-8.849579877201474e-05,-0.008401942197317047,-0.009798465406059775
2019-08-05,-0.05234781536547328,-0.03187185710749196,-0.029752785562140227,-0.03425878045113928,-0.0204880540071124
2019-08-06,0.018930124863153486,0.01286026675758456,0.00784883007956938,0.01875835458340558,0.0096762016753964
2019-08-07,0.010355506848711338,0.0031154615501278737,-0.02173340352783193,0.004380543486939503,-0.006482767519021437
2019-08-08,0.022055979675597692,0.022019656560675394,0.016939647193055185,0.026684892482031763,0.02666644449175215
2019-08-09,-0.008240687808577563,-0.013808825620453047,-0.0010923085777176933,-0.008495805318479821,-0.021276340234540392
2019-08-12,-0.002537312665321534,-0.0125360496687702,-0.018771368553540113,-0.013942349300754331,-0.004859530001024015
2019-08-13,0.0423484223163999,0.022085030397553274,0.015415846846810632,0.020693885694662573,0.01235087945839064
2019-08-14,-0.029765016829623736,-0.033645045853565536,-0.04152171750219391,-0.03011429127240961,-0.04028914051875787
2019-08-15,-0.004981400038726935,0.007464685662255555,0.0038165327879771116,-0.002239385176188269,-0.005912850296730832
2019-08-16,0.023594352028435406,0.009261785673171152,0.02395466477772823,0.0183275985867577,0.015613359199179166
2019-08-19,0.018644278573444417,0.013137538159314621,0.009004937298471072,0.016748454541748226,0.016837703217797095
2019-08-20,4.739661792241279e-05,-0.008116198419710674,-0.012696890713936981,-0.008308680001214652,-0.006047820509276214
2019-08-21,0.010838797985005977,0.012301698764070057,0.0027956193587184153,0.011146662858226408,0.009995831678190514
2019-08-22,-0.000846344186450021,-0.010353490725939274,0.010315134539934379,-0.007277360371691244,-0.00215174745147928
2019-08-23,-0.04622043705897516,-0.030498806969126657,-0.02483434682926844,-0.03186186406182567,-0.029897812424507397
2019-08-26,0.01899894522234047,0.011002318967479496,0.008017283540375786,0.015443447091649798,0.005334459558695048
2019-08-27,-0.011283810251917492,-0.003979912470737479,-0.010573602635843948,0.0021409221575918735,-0.00972756573585809
2019-08-28,0.006710226490783455,0.0013735967509673763,0.010024512080095915,-0.0013265803045533486,0.007292745835122849
2019-08-29,0.016931974785355353,0.012554889043934425,0.02265943724275865,0.018884932132611887,0.011081565259080328
2019-08-30,-0.0012916409271696017,-0.005659435682760394,0.005859330728867906,-0.00188265106030705,0.0007307956654716286
2019-09-03,-0.014563655557148447,0.007628234940805445,-0.011833105570086766,-0.013201413756986469,0.001168145654253605
2019-09-04,0.016966445808507036,0.006022901313268436,0.012067125302542836,0.01168762339371221,0.010647442200466761
2019-09-05,0.01955146767128002,0.022270161635782326,0.022754199295839772,0.017583582148154253,0.014143369914721315
2019-09-06,-9.386376275000163e-05,-0.003916990505865581,0.0021356552209219615,-0.006783628495619531,0.009392788263820284
2019-09-09,0.004267362213478121,-0.0011780869502403535,0.02477616707279351,-0.01135865172650008,0.007894795528016196
2019-09-10,0.011813173494069407,-0.005897299060526495,0.012738025009986886,-0.010470854198065038,0.008112805745007057
2019-09-11,0.03179486742984716,0.0013402724765312346,0.002737897787774113,0.00029353565092749,-0.0019421731850145507
2019-09-12,-0.0022362561807290904,0.011278173776551048,0.006144078145612353,0.010285098451328079,0.0006950192265986477
2019-09-13,-0.019453737821723882,-0.0022835833039022146,0.01967616098848879,-0.0014542574436882116,0.009168995161521032
2019-09-16,0.005256789110644089,-0.01712575737502442,-0.008899802776892174,-0.007209436329310037,0.015005808878131965
2019-09-17,0.0036380504266819713,0.008136828085409498,-0.004951489536415887,0.007775413139498255,-0.007595333696165163
2019-09-18,0.00937945547370389,-0.0027928049815375555,0.010036473758818332,0.00822472877848357,-0.004783468528464896
2019-09-19,-0.00812505116924267,0.002222836785043869,-0.00317294937128898,0.018408625157318115,-0.006729058401273025
2019-09-20,-0.014617966976227081,-0.015009572450642827,-0.004020807114044067,-0.011554446641566574,-0.0034562388510309683
2019-09-23,0.004546583861818165,-0.004938252915601793,-0.0001679648595840355,-0.0021518152813798652,0.000693500799543445
2019-09-24,-0.00475464723310659,-0.024472096150627953,-0.013038585222694188,-0.012648562469858904,-0.01372493049780088
2019-09-25,0.015389444368434813,0.015342109540061655,0.0057102732285614355,0.014412454435804856,0.0029517455394501013
2019-09-26,-0.0051576743804930825,-0.01611124135996367,-0.008220362301795014,0.0012912479727091863,-0.005325829386478409
2019-09-27,-0.004866019411578382,-0.008270849128875435,0.005895953957234745,-0.012970837565945859,0.007185927714023377
2019-09-30,0.02353521056550223,0.006062217161457495,-0.00025478549547375273,0.009438730725772615,-0.012170841053029124
2019-10-01,0.0027684092934889826,-0.00014978297291068365,-0.018183292587762523,-0.014097727686554262,-0.023509567521640906
2019-10-02,-0.025068004952302547,-0.01291737598591125,-0.019904874146649765,-0.017655301515456134,-0.026105932102344798
2019-10-03,0.008494749921388545,0.0065315416415505645,-0.0014242465170322127,0.012105111750200681,0.012360313502461695
2019-10-04,0.0280316938312819,0.008831925999802426,0.021659713500925548,0.013502004998325878,0.014563030255343001
2019-10-07,0.00022036170138850508,-0.00401799145160453,-0.002181043757802703,-0.007240052813860753,-0.013773918260135964
2019-10-08,-0.01171504335463125,-0.01566961490022023,-0.022296055625184552,-0.010574714439277044,-0.019405825350555128
2019-10-09,0.011720412712604933,0.009662859223618092,0.007243820812965707,0.018942697291106647,0.011094212499383804
2019-10-10,0.013478276399919054,-0.0010046756673366408,0.014028233508066812,0.00622130315629188,0.01201073793440588
2019-10-11,0.026598264160279328,0.006778047269550891,0.016898475167349103,0.0041696065420160355,0.010695881053532474
2019-10-14,-0.0014395716814810111,0.002604069615361304,0.002669457528684749,-0.000930580225483868,0.0028994983149055464
2019-10-15,-0.0023313761719239157,0.017823932579885904,0.03014163058599073,0.014475221474493427,0.0034692784658938436
2019-10-16,-0.004037395403585831,0.005686324313618707,-0.0023342789433654643,-0.008193944912673667,-0.017142061355663762
2019-10-17,0.003882859506784353,0.005654258700535264,0.0055984414749412625,-0.005127870854718775,-0.0013189219660333373
2019-10-18,0.004802851677132347,-0.016766587598934568,0.0017449221369936208,-0.016321857774318493,-0.0077783624486443825
2019-10-21,0.017342705243019507,0.01601690499181374,0.02480098340906145,0.007422721466135318,0.01671332473027176
2019-10-22,-0.002286794691203742,-0.011161118465189634,0.01003623440355117,-0.01488083585233324,0.005091744042878155
2019-10-23,0.013418838006807876,-0.0020161792094772757,0.0026443558334410255,0.006379914419613275,0.009552907568242563
2019-10-24,0.001645017750080191,0.010560886524610735,-0.0007191996685377289,0.019673354282014888,-0.009462513055658595
2019-10-25,0.012316130510535928,-0.010922221117825037,0.007998238094688581,0.005645466904836027,0.002316116545683311
2019-10-28,0.010016910771434073,0.008942089145920873,0.003808445155231155,0.024586266062747386,-0.00880876608824921
2019-10-29,-0.023127689246703498,-0.008086279290598686,-0.0006323446831337787,-0.009432265618722235,-0.0029139360203047637
2019-10-30,-0.00012326498488168802,0.009803069503577566,-0.0055365530718127776,0.01246221162218708,-0.01051991437307287
2019-10-31,0.02260936295325977,-0.0018707552680410355,-0.0064424083851374325,-0.008574808536004008,-0.002215065163054253
2019-11-01,0.02838087353319474,0.008318962677863917,0.02305488605320516,0.0024412210496911335,0.030042650093507373
2019-11-04,0.006567226335785881,0.007379573116068405,0.007981047690753584,0.005775086318046352,0.029741611192831252
2019-11-05,-0.0014368257044833355,-0.0016346467664720699,0.002173802571155292,-0.0006226117406208376,0.019813043429019128
2019-11-06,0.0004274380868731775,-0.003296920048778351,0.0015490753638176535,-0.0027687873816626407,-0.021890914190666133
2019-11-07,0.01154146068579065,-0.004215398090435696,0.005413660489740346,0.0013881247800606733,0.021261816193921756
2019-11-08,0.002736796344794845,-0.0012974492684962868,0.002923176543794259,0.01178422336603413,-0.018991151426347885
2019-11-11,0.007918801524147367,-0.007968083918385438,-0.0035280914707187527,0.001027958560573472,-0.006075772586201844
2019-11-12,-0.000915284710500841,0.003584284648149527,-0.005849741318607493,0.006570468465882939,-0.013790198449310731
2019-11-13,0.009581651585350626,-0.013998865975055064,-0.005264862226090905,0.0016317017088622876,-0.008216791431437276
2019-11-14,-0.006919607332440014,0.0008499299602007238,0.0009339020883747384,0.005091587435125389,-0.00436071167292762
2019-11-15,0.011879552383763592,-0.00861165809356279,0.00723194659730253,0.012899801281003764,0.01007307690431336
2019-11-18,0.005041674329563817,0.007496454800304697,0.008414800863739691,0.002467420270610088,-0.009683422568769418
2019-11-19,-0.0030323724904877114,0.00014836251405148104,-0.0003060840691804234,0.0003328857797002538,-0.010215923779407832
2019-11-20,-0.011641471053581598,-0.004142042998724227,-0.007275270819460111,-0.0017351993623323514,0.0030962657870210464
2019-11-21,-0.004483313346257067,-0.006198694786181735,0.0023142539675742313,-0.0009356379254175096,0.024107145151326836
2019-11-22,-0.0008779503230172958,0.0063469584412145785,0.006618881629439688,0.0007358171010343195,-0.004305962663552765
2019-11-25,0.0175336792384444,0.016107946060534006,0.005351986963903377,0.010963192194419102,-0.006631063633812828
2019-11-26,-0.007808168336572163,0.013022581087476892,0.0013690635520593464,0.00529013392375921,-0.0024672123894663445
2019-11-27,0.013431744817963054,0.01200372676735717,0.0029619599360179993,0.0019077789810286738,-0.0005820355643025854
2019-11-29,-0.0022026799371217543,-0.009738720787676458,-0.0022718083926658306,-0.006171540498305816,-0.00829670418075612
2019-12-02,-0.011562221565745157,-0.01066191775556835,-0.002200758513318357,-0.012088542763946553,0.0042566710459888135
2019-12-03,-0.017829892164245686,-0.006533461163659049,-0.012854637633694432,-0.0016050409662861087,-0.007892574720406609
2019-12-04,0.008826045621277645,-0.005237417464897476,0.019725455495315236,0.0036166604240732703,0.011343521338224916
2019-12-05,0.014670961654555947,-0.011478432267733929,0.005440666981535669,0.0005337987649887133,-0.0034957430689506186
2019-12-06,0.019316851472954477,0.006389039145533015,0.01488035770551166,0.012138899166290074,0.016079576532146644
2019-12-09,-0.014000418601213704,-0.0011931926776630464,-0.004665315677030546,-0.002569714099057374,0.0021578257128593847
2019-12-10,0.005844561879990939,-0.005887355634324631,0.000669762518241912,-0.0015192808915194256,-0.008613529959005106
2019-12-11,0.008529191062524477,0.005467935101741261,-0.00237932386500328,0.0037712896158232923,-0.001447676607835957
2019-12-12,0.0025485231118866913,0.00663920342821922,0.028618553670632485,0.010151751759264638,0.020011537963747772
2019-12-13,0.013593000944214673,0.00034646559584494696,-0.008767128688454529,0.008417904273013477,-0.015780473074317958
2019-12-16,0.017118019264829698,0.0046964185941400505,0.0038740690965859415,0.00647124314053249,0.011122243982976565
2019-12-17,0.0019654360598830856,0.012123992912275838,0.006116115654296372,-0.005401026840839651,-0.0045710752739032134
2019-12-18,-0.0023895598858783007,-0.00370251419034362,-0.0010130459063351083,-0.0020685976505431247,0.002726596803003689
2019-12-19,0.0010009345153525473,0.004624344595139496,-0.004998338539067837,0.00868064067733676,-0.006869920801983009
2019-12-20,-0.0020713153900103753,-0.0032249589345579865,-0.0008008693101336783,0.010917733121479145,0.007926056272806514
2019-12-23,0.01631830463369366,0.0036384504756830083,-0.0002915856290794938,0.0,0.005004217226956875
2019-12-24,0.0009507529827419425,-0.00211376350409187,0.0027697734152061226,-0.00019058632985391455,-0.0038412639387258585
2019-12-26,0.01984044172259236,0.04446651549531899,0.010611829281662155,0.008196877138403558,0.0015710075822630287
2019-12-27,-0.0003798322941443999,0.0005511476895359024,0.0007192972871317149,0.0018273305165725784,-0.0034221898452136967
2019-12-30,0.00593564401715696,-0.012252649580489328,-0.0036655562777917483,-0.008618408395353327,-0.005866338090333989
2019-12-31,0.007306057848090131,0.0005143848474418178,0.005554522293564235,0.0006982578753358393,0.004317811720706999
2020-01-02,0.022816268101083725,0.02715061035487687,0.01212351201187456,0.018515945197724815,0.016050861275340944
2020-01-03,-0.009721545135564336,-0.012139034655920922,-0.013196415752842694,-0.012451965216095484,-0.008039617541318655
2020-01-06,0.00796807567550517,0.01488557393050649,-0.0007952465411824594,0.002584743356324637,0.007677790272469398
2020-01-07,-0.004703223438807136,0.0020916204156393725,-0.017000659962386866,-0.00911749966033737,-0.008184050973926271
2020-01-08,0.01608613957408589,-0.007808640261289357,0.007800943091317736,0.01592824770801604,-0.015080235948414122
2020-01-09,0.02124112861437233,0.0047991747864684076,0.0036513335214305442,0.012492989071841931,0.007655565711454315
2020-01-10,0.0022607229971758347,-0.009410596802031268,-0.009968020118612642,-0.0046269901974537175,-0.008887650746588704
2020-01-13,0.021364210423929997,0.004322578245699482,0.00830454666946423,0.01202430924074327,0.009546017618372149
2020-01-14,-0.013503237087661435,-0.011558211718052602,0.011661701169039862,-0.007043129610700416,-0.008596179117485114
2020-01-15,-0.004285589849896354,-0.003969126548924895,-0.014985494830020984,0.006476127813623833,-0.0015896234941538134
2020-01-16,0.012526643712083896,0.00854991102959346,0.0038765072790178934,0.01832338195788963,-0.00390775832977075
2020-01-17,0.011070975461242138,-0.00703966144232826,0.006921712013288284,0.005596910336536753,-0.0037780105769653627
2020-01-21,-0.006776944085162828,0.014629525206926841,-0.009840799400023248,-0.0035907843406921547,-0.014294006985514973
2020-01-22,0.0035694894635509566,-0.0023995494624704516,-0.0011691850397086423,-0.004804480387039289,-0.005771073864480947
2020-01-23,0.0048160774772005865,-0.0015259112256781338,-0.0010247322265640735,0.006155448924570317,-0.006250824958766388
2020-01-24,-0.0028822325100213986,-0.012172426638861644,-0.02482762533838423,-0.010076841249784363,-0.006739665010259355
2020-01-27,-0.02940507916054813,-0.01788746376771211,-0.008411517220145437,-0.016723034979450047,-0.023823889317626912
2020-01-28,0.02828926559424083,0.01362436592451366,0.01817759060709845,0.019595686732509776,-0.001390135682960425
2020-01-29,0.02093223675641842,0.0025630978623367717,-0.001487614817086258,0.01559289589738988,-0.008352743198674184
2020-01-30,-0.0014491564949221658,0.006824489189870775,0.01236680123176681,0.028207367450319154,0.010606702279763791
2020-01-31,-0.04433860439616921,0.07379135586484753,-0.025976997175634065,-0.014758657562527255,-0.0412099012697964
2020-02-03,-0.002746352444636835,-0.0022501685803328897,0.007630683499730617,0.024378912878790127,-0.02237605659401065
2020-02-04,0.03301339741091458,0.022687342140775613,0.014396007157633672,0.03291671095169124,-0.012514212904161437
2020-02-05,0.00815463263780214,-0.004781236737139594,0.017000901888601705,-0.001221655280951972,0.04602277661627707
2020-02-06,0.011697085454178913,0.0050787328892443195,0.00014512068456351557,0.020734029969411427,-0.013550069090771943
2020-02-07,-0.01359268546647896,0.014169136390608683,-0.0031973339113585686,0.0014157529665639323,-0.006625949411312448
2020-02-10,0.004749332389219374,0.026273579599096486,0.004155448921019822,0.026156996152397305,-0.010560993942838826
2020-02-11,-0.0060333641139964644,0.007915025985726132,0.0018875442758519156,-0.022575663741312257,0.009506262515330821
2020-02-12,0.02374808506730064,0.004277469597884664,0.0,0.0014639004516125986,0.012225548359005023
2020-02-13,-0.007121067623605537,-0.00468981707537619,-0.0008697807811908209,-0.005413723773567969,-0.005549179866108589
2020-02-14,0.0002459487106387659,-0.006977166077050345,-0.0030459288220899827,0.008927200623135345,-0.004595398927842886
2020-02-18,-0.018310204653770645,0.009742990607446878,-0.013240384959327112,0.0101427177227289,-0.012695667913992903
2020-02-19,0.014482699809417188,0.006749650094826309,0.013639223445098159,0.002999314674347664,0.007681934917194155
2020-02-20,-0.010259100944627009,-0.007888626914309249,0.0,-0.015271147612223257,-0.00795516694838383
2020-02-21,-0.022635097367596724,-0.026533823330561868,-0.012219328474026958,-0.031612653667095314,-0.012194819403229085
2020-02-24,-0.04750042286592149,-0.04135555023463999,-0.026875243521094716,-0.04311551095981492,-0.04684612527587084
2020-02-25,-0.033871827691989154,-0.018190498951138112,-0.0446431231343698,-0.016502206787565865,-0.03832506918565115
2020-02-26,0.015863440497988712,0.003472315416060967,0.0030096063542377482,0.012495006306232792,-0.021955561083288
2020-02-27,-0.06536825687458592,-0.048136265467272676,-0.041614140293162016,-0.07045897443892901,-0.06017733248224555
2020-02-28,-0.0005847078091567592,-0.0002918467224900523,-0.04333870130471973,0.0242129271766649,0.03251666354507621
2020-03-02,0.09310022983111077,0.03726611425327642,0.046593938643876065,0.06653904652643128,0.04743428176738429
2020-03-03,-0.031759252300041174,-0.023009811402324054,-0.03752473820983082,-0.0479194398958378,-0.04788427476202495
2020-03-04,0.04638468214367952,0.03501322901563819,0.024709492627407847,0.03671509908216919,0.02183207821928823
2020-03-05,-0.032436948414210076,-0.026216794314283476,-0.04906145443717169,-0.025095114062639312,-0.04406672286272706
2020-03-06,-0.01328014465087013,-0.011922924014239333,-0.05168014457663306,-0.028267318314609824,-0.04829421779441445
2020-03-09,-0.07909230505395037,-0.05285383245165354,-0.1354551419378942,-0.06777278946306087,-0.12224765021082684
2020-03-10,0.07202190455025681,0.05065506668458686,0.07769690172394417,0.06838427701638916,0.03702837297936834
2020-03-11,-0.03473055180000917,-0.03750889642974897,-0.04707086669928451,-0.04530179009779367,-0.03294180421753923
2020-03-12,-0.09875466225021212,-0.07922082514747941,-0.08242980274470102,-0.09483817954653806,-0.11434019356062419
2020-03-13,0.11980841887078708,0.06464833687376514,0.18012493713836863,0.14216870264643533,0.02528252172777412
2020-03-16,-0.1286470989462818,-0.053697516604298,-0.14964896864486577,-0.1473904191312736,-0.09522572986608302
2020-03-17,0.04396993373966884,0.07026613247879654,0.061113489616540395,0.08233652355339016,0.06726616907746141
2020-03-18,-0.02447988990617045,0.012257741060410998,-0.10526860679600003,-0.04209623061384582,-0.10024476961824735
2020-03-19,-0.007661878158453761,0.027830613766863133,0.01680808125374833,0.016453662028249605,0.03955322444531628
2020-03-20,-0.06348561559879506,-0.018522798541689034,-0.02110232723406147,-0.037559038290253643,-0.04908499187947546
2020-03-23,-0.021244308827092606,0.030735291504301987,-0.05353298375713578,-0.00997469454376787,-0.03940133812944402
2020-03-24,0.10032543018328832,0.019586561347294085,0.11894248500985194,0.09089567721811598,0.12686798199846083
2020-03-25,-0.005508748878502945,-0.027967604900146936,0.03731741003468603,-0.00957254199797597,0.05220083852909019
2020-03-26,0.05262325891498332,0.03693312450375408,0.06966105585438509,0.06255130742122406,0.04102982842082881
2020-03-27,-0.04140243273302613,-0.028325389436650084,-0.07123941809190315,-0.04106102785329846,-0.0481711880026815
2020-03-30,0.028537945257216313,0.03360354691971379,0.026006759346364205,0.07034089012635758,0.014885195296730602
2020-03-31,-0.0020407652779792507,-0.007245622950859176,-0.0371124436125716,-0.01572753356165435,0.012533184135518294
2020-04-01,-0.052616972734692125,-0.02155179126735396,-0.06297874647297774,-0.03550809311960579,-0.011588209558751172
2020-04-02,0.016686639645919543,0.005834205106051371,0.037340117368511505,0.02070872561272563,0.07647223943563164
2020-04-03,-0.014371429008677938,-0.0063788821910731874,-0.029557708870412314,-0.009210293813795234,-0.029455547447531094
2020-04-06,0.08723776864028943,0.04772922477644714,0.06436626186427308,0.07436760968870937,0.03213485010966832
2020-04-07,-0.011582697034198008,0.007013456003121421,0.013190330777465231,-0.010770134594966008,0.0190265625819932
2020-04-08,0.025595090331022696,0.015609461784076739,0.040379239047452664,0.01003109697279525,0.06328775866155456
2020-04-09,0.007215807154296261,-0.00011748445832981957,0.08971390290473069,6.045890162087453e-05,-0.01641942877314373
2020-04-13,0.01962777446171482,0.0617350661426328,-0.044472608015084236,0.0022404577643924117,-0.00857879918669402
2020-04-14,0.0505029796770744,0.052769449861283624,-0.027396170501718498,0.04948362971876907,-0.007717154044970309
2020-04-15,-0.009127152349844736,0.010668695718768717,-0.049319190015313374,-0.010477899324364714,-0.045958425271307446
2020-04-16,0.007945650138279081,0.043554542393708484,-0.0381097773536776,0.03002100428718668,-0.03285549277698652
2020-04-17,-0.013568842900316458,-0.013782136130354505,0.08988870206834809,0.00881158282712935,0.10395903379506066
2020-04-20,-0.020756717433421223,0.007835757606907912,-0.03645712322521799,-0.019820879078703446,-0.047200477810888763
2020-04-21,-0.030910270721726252,-0.02736033095931456,-0.029004142609787342,-0.04135723497559152,-0.00534208258387292
2020-04-22,0.028803633842598986,0.015192527091639096,0.0032561758954055,0.03396502403378321,0.02856429219394685
2020-04-23,-0.003875527159565517,0.015214823484082762,0.0005597781228459109,-0.01210246059043607,0.031331595359261444
2020-04-24,0.028869814122041593,0.004488511186874211,0.014766861314264412,0.018259370621086957,0.006444134464658413
2020-04-27,0.0007068115032202726,-0.01419786171076054,0.043104500374593124,-0.0028647017699741095,0.0048023579468570166
2020-04-28,-0.01620966002396529,-0.0260606110425593,0.007080743054808325,-0.02436093876474954,0.02344081901159245
2020-04-29,0.03284538924630587,0.02533616474965794,0.026970632980378273,0.04487399280773019,0.055370113521632236
2020-04-30,0.021095633494534693,0.042689574239964,-0.021459170370802583,0.010032194395718896,-0.020859344505121613
2020-05-01,-0.01609916773809983,-0.07597409237648922,-0.026211643187188383,-0.02589137032620803,-0.07165927737130506
2020-05-04,0.014149135813276592,0.013101236487597756,-0.011903786448010267,0.024460027796515016,0.04033383779170596
2020-05-05,0.01500870634446394,0.0007815221854263754,-0.0015191638771479,0.010735808194613394,-0.0011140928167496789
2020-05-06,0.010317576576045928,0.014436139090531874,-0.018804419090210467,0.009847289958669458,-0.018737634785711443
2020-05-07,0.010344680281545449,0.006953694859791026,0.01041331806636836,0.005806952792642317,0.005683166110563187
2020-05-08,0.023801373589953156,0.005068389389295991,0.01633583684913953,0.005882268195448015,0.04385180626240626
2020-05-11,0.015735867634762757,0.012350743942999287,-0.02944967246663477,0.011154452274770632,-0.009527917486397253
2020-05-12,-0.011428566850586686,-0.021606420523622827,-0.03267777657912885,-0.02265184308571122,-0.016715212755088582
2020-05-13,-0.012073779242727345,0.004654320575239401,-0.034470734415808724,-0.015122370183469291,-0.049637186570589575
2020-05-14,0.006143327211744376,0.008838926123896362,0.04153258843607044,0.004339322629234088,0.00882402814619998
2020-05-15,-0.005912284216862074,0.008761547889003296,-0.018509969463459286,0.014567967588858588,-0.0070918401170539935
2020-05-18,0.023560965972949877,0.006838841203809398,0.05296868887015127,0.009554914694551497,0.0795238416562194
2020-05-19,-0.005777893205879847,0.009508426590011165,-0.019679271423538647,-0.00692234410878978,-0.03087770150553637
2020-05-20,0.019448134379405513,0.019846275173532213,0.02999882945622767,0.013870489341827774,0.03254418084292254
2020-05-21,-0.0074555420589969,-0.02049693045417056,-0.012701124153105203,-0.012011193317414182,-0.017853416819945567
2020-05-22,0.006438267758900107,-0.004029821100215103,-0.00776345919675725,0.00043622492441031113,0.0008976726789722278
2020-05-26,-0.006773491117329722,-0.0061636144559754635,0.07097347175321245,-0.01057158498049282,0.029372441293634255
2020-05-27,0.004356984486665105,-0.004736042347035618,0.05792136310694529,0.0013219034701317245,0.007188108884709221
2020-05-28,0.00044020465797811603,-0.003854151605534595,-0.01489579664970564,-0.002255141500574931,-0.025951415893947893
2020-05-29,-0.0009741896249993998,0.017187950901155657,-0.025536018298776608,0.010198471333174641,0.009546831036291614
2020-06-01,0.012297891454104093,0.011738616181262485,0.013256453518080136,-0.0022920130271020245,0.017813714005407766
2020-06-02,0.004629158612269757,0.0005543957444538172,0.0033474731999989515,0.011376604109800681,0.022256023503230526
2020-06-03,0.0055052176491265925,0.002422733405640143,0.05397706053204998,0.0024337448200291156,0.040794706886571275
2020-06-04,-0.0086124237567482,-0.0071820481181339435,0.020811450947893606,-0.013163765440143749,-0.0028429848402414803
2020-06-05,0.028481422420994384,0.009103493113018724,0.04500194434204907,0.023398398200362713,0.08105886592928191
2020-06-08,0.005912220915014421,0.016536458949464095,0.019958664570512985,0.0061965447917775585,0.03127335047578894
2020-06-09,0.031578073040985366,0.030427139202305886,-0.02565010454538974,0.007644825815722012,-0.022287202454752242
2020-06-10,0.025727582662590454,0.017913292558120908,-0.040528514921836845,0.03709172297043928,-0.053624393831699035
2020-06-11,-0.04801048201722502,-0.03380230045218746,-0.08344320908590286,-0.05369823640748628,-0.08825285702407726
2020-06-12,0.008633456484619995,-0.005058743377937103,0.027363498617564375,0.007891724258339838,0.02143770698329983
2020-06-15,0.012367540682993727,0.01086830941079775,0.013818186852719183,0.006391526442770967,-0.000636028383267262
2020-06-16,0.02650195463251226,0.0165547312399128,0.007999560871018385,0.024505399051760968,0.022486215536732246
2020-06-17,-0.0013915696558071122,0.009830663019560593,-0.025278877713438952,0.003461286922048723,-0.032572617211092614
2020-06-18,0.0003981966483110888,0.004922484646629588,-0.005428290142757919,0.01070848709953709,0.006219083849244411
2020-06-19,-0.005714600905765477,0.007923935918584757,-0.011421025904053805,-0.005959725055505016,-0.020033876191675182
2020-06-22,0.026163612761320287,0.014508287231048467,-0.010837515477935766,0.02777352183299664,0.009569229498223475
2020-06-23,0.021344815031059117,0.018641697717608263,0.012196455125954131,0.006680731505257054,0.006032140640338524
2020-06-24,-0.01765211096429009,-0.010855867894827953,-0.033391469792558026,-0.020157401208827475,-0.047109216828115086
2020-06-25,0.013275665995545749,0.007380066387785211,0.03486187330175872,0.012636534973122782,0.015055977653631203
2020-06-26,-0.03072579832801059,-0.02240276315369638,-0.054818239194430185,-0.020016072523851847,-0.03431453432240461
2020-06-29,0.02304674443057686,-0.004638148068063508,0.004427895996905518,0.010747277790207121,0.01604728227887975
2020-06-30,0.008347470170945614,0.029264486024190406,0.011398039912882796,0.025549063909375835,0.009025448756674326
2020-07-01,-0.001891387717532944,0.043453386195574595,-0.008505384175554354,0.005847406926191345,-0.022584994895625488
2020-07-02,0.0,0.004029609482701257,0.003248301453157687,0.007621049793048229,0.008464914161588899
2020-07-06,0.02675036241163231,0.05768955229869066,0.025253660812073475,0.021526090851358815,0.00703274605108084
2020-07-07,-0.0031030607009774336,-0.018619371729473477,-0.028210569430472177,-0.011627639804536849,-0.025906721822749335
2020-07-08,0.023289955245026528,0.026995584181255694,0.010615104112990492,0.021992546865535312,-0.0023127471660137067
2020-07-09,0.0043005127858983805,0.032949191382365184,-0.021650424710329075,0.007000968895221504,-0.04126118787235045
2020-07-10,0.001749326222366232,0.005457748808544549,0.05466713295296577,-0.003032816374461733,0.031189812020107732
2020-07-13,-0.004613119769520835,-0.030000019073486373,0.014334474709551293,-0.03088855141110247,0.0002340893556842527
2020-07-14,0.016548136858109075,-0.006443299095769239,0.0057348957479181895,0.006181067097410509,0.03305237141239736
2020-07-15,0.006877626817747284,-0.02436122126125273,0.015476867045346232,-0.0014877967931892222,0.012706921271423255
2020-07-16,-0.012305109117588975,-0.002981196241378159,0.0028076436024109253,-0.0198036596058333,-0.007842231586302484
2020-07-17,-0.0020202011948805554,-0.01264375276193297,-0.018498037884822294,-0.005100158731723647,-0.017163516024645165
2020-07-20,0.021073664121668667,0.07929519957328535,-0.008761285188991108,0.0429810237259316,-0.023437383074426665
2020-07-21,-0.013801570165445365,-0.018314900474015072,0.021685569973306063,-0.013468861609153393,0.05058792066030926
2020-07-22,0.0028095622356330008,-0.012229630062539742,-0.00724295773860506,0.014371452181132005,-0.023292111002414795
2020-07-23,-0.04551669083972154,-0.036568799201794455,0.002938682836510109,-0.04349490192170402,0.0020640752625868952
2020-07-24,-0.002477027336151183,0.007486874288995304,-0.007072114310909261,-0.006121900724230134,-0.006178560676619704
2020-07-27,0.023700169746150523,0.015387648743417026,-0.014041310831166554,0.012667340432187313,0.014736230877920642
2020-07-28,-0.016427739780409456,-0.017962780502695397,0.004334186002209028,-0.008977085070777213,-0.011799606386449835
2020-07-29,0.01916857468072597,0.011065474265779418,0.02424991639850238,0.010098091698955702,0.011022008396002647
2020-07-30,0.012100006115724371,0.006049030252796905,-0.02668545314575399,-0.0007840893855594055,-0.04905746967044444
2020-07-31,0.10468889215206145,0.036960821567137314,-0.00391667486172953,0.005443790006784521,0.0050154113907967535
2020-08-03,0.025197460511608538,-0.01668096589563972,-0.005587899346963576,0.05624100431855483,0.004040041690696938
2020-08-04,0.006678307806803341,0.008657119256458845,-0.0057230229723134185,-0.015008767561863201,0.028875767860814028
2020-08-05,0.003624653801765687,0.021090645909052075,0.017372772404425474,-0.0016409529245361432,0.00874132232974123
2020-08-06,0.03488903840931279,0.0062308600392182445,0.0003087152087106748,0.01601389968575706,-0.00478894728881063
2020-08-07,-0.022735675879576478,-0.017841853651889505,0.022007390235777358,-0.017887661338542582,-0.004582984838494952
2020-08-10,0.014534794540191909,-0.006093187166982039,0.01267871396362108,-0.01990752137109264,0.024631884924536385
2020-08-11,-0.029739967765447406,-0.021437993092404684,0.03159782621756624,-0.023385520412244842,0.010334662271378248
2020-08-12,0.03323461132130445,0.026478049605839216,-0.008476092520063538,0.028567149087362242,-0.00022698812519306166
2020-08-13,0.017697290304873325,-0.0003858318082136103,-0.00553744656561872,-0.002342329652701647,-0.02449506899274123
2020-08-14,-0.0008913466747847432,-0.004112558082955964,0.00039078548838622496,0.0009583211600472374,0.004417651242033527
2020-08-17,-0.002610929745162749,0.010924312234330102,-0.026364547174580255,0.006606046756715278,-0.012962834419401048
2020-08-18,0.00833302251243162,0.04087466955935781,-0.013940350627182463,0.005754221739807885,-0.004925160904484138
2020-08-19,0.0012548760904380618,-0.015701145907449088,0.002339281350629774,-0.006066946306734322,-0.011076733412824447
2020-08-20,0.022189681042767972,0.011314270642265756,-0.011973536664986018,0.02327157227341692,-0.015252798341179763
2020-08-21,0.05153233461356521,-0.0038364352508537536,-0.0005135883571053546,-0.007270113722081639,-0.00750261907251204
2020-08-24,0.01196018971121493,0.006923017605080961,0.028154517496011833,0.0031451230707537636,0.0295050621855677
2020-08-25,-0.008203709962151806,0.011800549645987202,0.004397256713254638,0.013009806742420693,-0.03173852964936297
2020-08-26,0.013598972863734016,0.0284955613728457,-0.01402993185433865,0.021619394385377744,-0.021281927498163933
2020-08-27,-0.011954266837508887,-0.01215915158498826,0.03289926672460597,0.024553497580520167,-0.006748112471059775
2020-08-28,-0.0016198745247447688,0.0005293902228860059,0.004104006625626377,0.0102832889756026,0.02390535400472782
2020-08-31,0.03391202998479481,0.014451219151166761,-0.025104739715469337,-0.014765572693128504,-0.01843216890066468
2020-09-01,0.03983249895982932,0.01395547583299983,-0.0004989551850025364,0.007715363090117888,-0.01276914685327657
2020-09-02,-0.020718173698239473,0.009239471142122424,0.015078685940225212,0.019272043697230457,-0.006086623556226134
2020-09-03,-0.08006110479179429,-0.04628410915968095,-0.003147902794833124,-0.061946914913961426,-0.0020414857626943617
2020-09-04,0.0006620644741126558,-0.021787358799564616,0.021612527194343922,-0.014035848897503977,-0.0007667881792069453
2020-09-08,-0.06729487986006788,-0.04394435952982134,-0.03477585506255221,-0.05409565188217136,-0.023029532426792176
2020-09-09,0.0398864879759635,0.03770662418145765,0.009507366660731043,0.0425834772678475,-0.0060242860236117135
2020-09-10,-0.03264576852024137,-0.02860545100214451,-0.010310192588745215,-0.028018457535934904,-0.025033225340270637
2020-09-11,-0.0131290494160905,-0.018547317429499666,0.012421152540585512,-0.006524792375036115,-0.002702488292292249
2020-09-14,0.030000202431938572,-0.004251985314208007,0.013851919907524879,0.006763773809727924,-0.006504208350844309
2020-09-15,0.001560207828444904,0.017132004407634627,-0.031131054874457664,0.01640624786412581,-0.010638151427919906
2020-09-16,-0.02951355483665241,-0.024723344317983953,0.004230463817685104,-0.017865736460559667,0.04245918150334016
2020-09-17,-0.015963821861718297,-0.02253666798925036,-0.011434442458554961,-0.010436553352043187,-0.0002644915343688048
2020-09-18,-0.031719864630328276,-0.01788790878106783,-0.0021305039447027108,-0.012419184012553264,-0.01613728459149788
2020-09-21,0.030325796290887386,0.001881613182508124,-0.030910300935291457,0.010728893974145004,-0.020435742598311046
2020-09-22,0.01571566738057517,0.05692335984779917,-0.010911740476716947,0.024094170278187166,-0.024705090084938375
2020-09-23,-0.041946170034647956,-0.04126889165142078,-0.016229931417112375,-0.032928488061953365,-0.0320855541586792
2020-09-24,0.010268893168676296,0.006643681788120581,-0.000862632343161418,0.012961888148582235,-0.002035278443246691
2020-09-25,0.03751624736557724,0.02494874307344297,0.008741825290740746,0.022786493189155044,0.009323906827563011
2020-09-28,0.02386883321341582,0.025498115680328004,0.028779078146726977,0.007795195569726188,0.019341636916753613
2020-09-29,-0.007567962895308145,-0.009190126805558863,-0.00842327346797389,-0.010408629907694644,-0.029169999471814423
2020-09-30,0.015075946231462023,0.0012241460404771587,0.009648677716632248,0.01481222744204036,0.0014585671350524354
2020-10-01,0.008462047866566014,0.023034752317315554,0.007271100989627799,0.01012711183015469,-0.03495469858507949
2020-10-02,-0.032280084551456145,-0.02988273802333874,0.009487485945059548,-0.029511553275657243,-0.004527883301573166
2020-10-05,0.030790913681141063,0.0237440429687501,0.02113629511731574,0.02032099610077176,0.02304436168988344
2020-10-06,-0.028669555448563644,-0.03102028886576813,-0.0102990952331391,-0.02124713084797547,-0.01037352268616032
2020-10-07,0.016967230877489747,0.030881037106998743,0.017445679372758427,0.01903758488270113,0.003294539513592154
2020-10-08,-0.0009557232850339048,-0.0016084400175445657,0.020555413573401626,0.0035740467316167646,0.052536991531547894
2020-10-09,0.0173958628694868,0.030120249141207367,-0.005698556875723071,0.024836271928985854,-0.01474731963242848
2020-10-12,0.06352025675023665,0.04754990740220588,0.012252909680822377,0.0259022224984653,-0.0031663024963817232
2020-10-13,-0.026527299853639996,0.00020333647320058823,-0.01620461927843908,0.006594821282517316,-0.011839524098665066
2020-10-14,0.0007432255507850982,-0.023208080547411636,-0.005556658986553775,-0.008974488012921222,-0.0020456028444231222
2020-10-15,-0.003960600949138526,-0.007450142689235051,0.014966983883352825,-0.005433179225681206,0.008784717244813889
2020-10-16,-0.014000538692958697,-0.019750480983333984,-0.002064393844252166,0.0,-0.01015972921542252
2020-10-19,-0.025541953446631127,-0.020013957457728493,-0.016845706451707243,-0.02476562725411091,-0.019941267835471344
2020-10-20,0.013191926026222767,0.003055554339711275,0.005711507727162557,0.002007232748894694,0.008378280548531736
2020-10-21,-0.0054464674333752905,-0.009968886774915697,-0.009963282083673919,0.0006990573191121285,-0.016023622394715442
2020-10-22,-0.009583025947578871,-0.0026812857408547996,0.035322559824325195,0.00041897705359250637,0.05126654789192231
2020-10-23,-0.006134108956607043,0.008814971867029398,0.009039576180645215,0.00623550686303731,-0.02008054148247218
2020-10-26,8.697636090637673e-05,0.0008238907949942309,-0.024756625802947907,-0.02844175511885927,-0.02371209597371826
2020-10-27,0.013472499830133655,0.024723687101579017,-0.018865957491245533,0.015089366276861194,-0.015891709003474253
2020-10-28,-0.046312383830486525,-0.037595069983728635,-0.02808810973733078,-0.049566307785813946,-0.03808673385630901
2020-10-29,0.03705060861362908,0.015249235849637444,0.006525667042684757,0.010065399048827528,0.04434600878816375
2020-10-30,-0.056018075552730306,-0.0544564552314909,0.008953231361442882,-0.010990714573575255,-0.010615718160387866
2020-11-02,-0.0008270091527842194,-0.010430948040659138,0.022541840618788722,-0.000691343826903501,0.041998837681713086
2020-11-03,0.015353659548086318,0.014621516534147005,0.03152121174358635,0.020263631488786293,-0.017063920109062436
2020-11-04,0.040836510894020295,0.06322966294024535,-0.030557986965974115,0.04824865421299074,-0.0053875454240306375
2020-11-05,0.03549380306391048,0.024941733698923496,0.04089785760655973,0.03188716919689605,-0.0018056005531178476
2020-11-06,-0.00113604474813922,-0.003199936061909714,-0.013320604828557792,0.0019256991554774672,-0.011757596435097328
2020-11-09,-0.019967918586892286,-0.05062255447737596,0.1353924426875468,-0.02382434061714067,0.1266017471942511
2020-11-10,-0.003009001804847089,-0.03458294580536425,-0.0032507147985186835,-0.033792827963444294,0.022185303635861686
2020-11-11,0.030352550638465203,0.03372959332756431,-0.014933038028175694,0.02625472819687702,-0.01030947209752453
2020-11-12,-0.002343169224671926,-0.008640935353967705,-0.012284330336589822,-0.005125872128454612,-0.034265312936943904
2020-11-13,0.00041947409300835403,0.005957652481424658,0.006262851547625514,0.004966465965416278,0.024127025870477325
2020-11-16,0.00872051972154586,0.0007190451875813686,0.02822586468392818,0.0033256409914377283,0.05764986826725327
2020-11-17,-0.007564561977787099,0.001469221257177411,-0.010145124231843328,-0.012751410463071489,0.01336445290707644
2020-11-18,-0.011391335039242612,-0.00963120822903818,-0.007406724508227214,-0.013183874491561776,-0.03775505794411205
2020-11-19,0.005168307916149528,0.003722494885254779,0.002689754554736856,0.0063483138954412155,0.005105898893080996
2020-11-20,-0.010957665318183096,-0.005652814007175211,-0.008567032640965366,-0.009556571784506418,-0.01229900400020445
2020-11-23,-0.029742532369810504,-0.00032591205652088284,0.02880338251037773,-0.0013308138943177727,0.0655114366687164
2020-11-24,0.01159429293457448,0.006348492495275249,0.04623759817156503,0.017847956783224372,0.0665647533074567
2020-11-25,0.007467116335871049,0.02149089105013391,-0.010460810770166473,4.6394413274475355e-05,-0.027870176583852935
2020-11-27,0.0048261518572676465,0.003224444340751864,-0.006637905442011038,0.006359331406707636,-0.015192417848947315
2020-11-30,0.0210998458708056,-0.008543726224847115,-0.02755308226968689,-0.005389579788845245,-0.05125656208593632
2020-12-01,0.030827331967533622,0.01642659261366375,0.015778914332487792,0.009996486454159514,0.009703696688275532
2020-12-02,0.0029335997843698003,-0.005139620139509304,0.01920818945886027,-0.0038849723115784718,0.03740243715512426
2020-12-03,-0.0011375712203165467,-0.005244192164348127,-0.006555208486513031,-0.005246606246247176,0.006760421477048251
2020-12-04,-0.0056126391709439005,-0.007578327983446487,0.009072922663972749,0.0005597790881950448,0.03655783123385947
2020-12-07,0.012270135053641384,-0.00144820943300783,-0.0037599802912854363,-0.00032646709744699187,-0.018714154629826285
2020-12-08,0.0050910378567790016,0.006108347649924184,0.0009844563742844592,0.008026409679366964,0.03276309449933179
2020-12-09,-0.020903770034456648,-0.02300385041546993,-0.007786736377652481,-0.019489594883635886,0.013257227797899507
2020-12-10,0.011988758143463674,-0.0008730964486967085,-0.006443751600275438,-0.0060434673280266304,0.02827106845234284
2020-12-11,-0.006734688216495588,0.004813852496939441,-0.005903473123337943,0.013015083960301821,-0.004771613680169207
2020-12-14,-0.0051467037848745845,0.013011701561464806,-0.010538516226433758,0.004407714738957402,-0.03607292609289947
2020-12-15,0.05009029094379547,0.0025815971159888207,0.017075249255623426,-0.0003264868712681279,0.019422264482179763
2020-12-16,-0.0005474976151067512,0.023961224378619583,0.0029089192750189063,0.024050584475314496,0.015334678893967668
2020-12-17,0.006963589449329843,-0.0015057469987226346,-0.008286966287983866,0.0006385762216984947,-0.00503468619007541
2020-12-18,-0.015850826782353944,-0.01063939440891426,-0.004930139727906235,-0.003782772333206008,-0.017248921518096982
2020-12-21,0.012395376626770593,0.0014149045573290664,0.037537719501120836,0.01829940490109183,-0.01825451112074039
2020-12-22,0.02846454806296328,0.00010603453584812073,-0.0152165786982017,0.006064691867927907,-0.01692457275455328
2020-12-23,-0.006976019953755408,-0.006627122071927394,0.027944355601061455,-0.013039147384513394,0.01285126300676942
2020-12-24,0.007712251028196171,-0.003949415822362745,-0.004397471645757656,0.007827405934463183,-0.004069598987661016
2020-12-28,0.035765400752019394,0.03507113271672124,0.006585189920392365,0.009921551492133807,0.0033652099731253937
2020-12-29,-0.013314475443059859,0.011583625131030173,-0.0026327853471606044,-0.0036008352674419264,-0.011259893012994349
2020-12-30,-0.008526793549438194,-0.010882060864285004,0.002799714883790605,-0.011019530972230629,0.007996003843877553
2020-12-31,-0.007702581683086573,-0.008801370623195415,0.01364077714935985,0.0033383555934889397,-0.009134844389367291
2021-01-04,-0.024719395660055654,-0.021584740620304466,-0.009443655164002918,-0.021266068106416403,0.006792583587679424
2021-01-05,0.012363769920792134,0.010004358381754175,0.005441412268399892,0.0009645662851700543,0.04819280011068483
2021-01-06,-0.033661745877267224,-0.024896614147709384,0.04695587231912324,-0.02592932820980065,0.025517491903269907
2021-01-07,0.0341233140679027,0.0075771277744003385,0.03283893078617006,0.028457139143285737,0.007845902483698097
2021-01-08,0.008631468724312086,0.006495514374673217,0.001104227429647997,0.006092666118201917,0.01112049570418372
2021-01-11,-0.023249054296435978,-0.021519462280005563,0.01492406777951949,-0.009698472085140852,0.03035663921945364
2021-01-12,-0.0013954267146895072,0.002125797051401035,0.015719172214669452,-0.011770642552187294,0.022203348035818582
2021-01-13,0.016226824335562773,0.014438406874172749,0.0009268050459316779,0.0065602733114638045,0.011277967458073634
2021-01-14,-0.015127262142553666,-0.012135545173177387,0.005843056959662141,-0.015346211447507363,0.03903370928152472
2021-01-15,-0.013730424646777983,-0.007424600125642833,-0.017921735924580018,-0.001736960177703195,-0.04810191723658108
2021-01-19,0.005426980843681095,0.005318518294228358,-0.004327901983329441,0.01782283575524346,0.019837083735842143
2021-01-20,0.032856190643294925,0.04570048462239673,-0.014995897628532706,0.036499652196955834,0.014127941367420238
2021-01-21,0.03665818109784791,0.013363421550624865,-0.008384078087221303,0.0028081363621772493,-0.02866968629908362
2021-01-22,0.016073925842189363,-0.00446331304512726,-0.007713438143605589,0.00435633560479376,-0.014134000066303831
2021-01-25,0.027683723794087456,0.0005376354551673845,-0.012482313127180289,0.015844147069120407,-0.011174371530061067
2021-01-26,0.001679094177739815,0.009754137082109926,-0.004086975900010614,0.012198749998518332,-0.0219618611591893
2021-01-27,-0.007683350486250573,-0.02812581228312927,-0.02827179174119676,0.0024534661796515866,-0.01133612752577795
2021-01-28,-0.03498540209623857,0.0015591193708615059,0.017597355464172182,0.025890910929898592,0.015656007917450143
2021-01-29,-0.03742067828805895,-0.009704654514695155,-0.011067504895614921,-0.02917165011782452,-0.02648738420103247
2021-02-01,0.016520023964677222,0.042629902924745666,0.007383320851953368,0.033152304057984194,0.0017845298347332061
2021-02-02,0.006336834736929475,0.011104214562255077,0.030782223865811087,-0.0005842309593394601,0.015805978903598472
2021-02-03,-0.007778337184233597,-0.019961565909300982,0.011451051600666728,0.014571549928229732,0.03922797991632598
2021-02-04,0.025757762803133355,0.005575845147329783,0.02301305576113477,-0.004074331206306847,0.019190431229987537
2021-02-05,-0.003098100332873277,0.006349415177487883,-0.0019530380028750516,0.0007850444275501189,0.03351966258984396
2021-02-08,0.0010969600699191062,-0.008713780773966562,0.015654561623587693,0.0011149960325962383,0.04304286786857636
2021-02-09,-0.006573975247261998,-0.00539885256244832,-0.003995895186568843,0.005361464223442969,-0.011711904190548683
2021-02-10,-0.004558235517566178,-0.005573405440383872,0.0005732218716449911,-0.0038970787304043464,0.009678138196504982
2021-02-11,-0.0019202973435422654,-0.007439273910078148,-0.0027926286578641157,0.006877462421067904,-0.02503901714703105
2021-02-12,0.0017757960508106851,0.004775969497859078,0.014217172743340445,0.002045009050128943,0.013643532685968962
2021-02-16,-0.016103853764987686,-0.0026726192693009576,0.024070767984801567,-0.005265751496871807,0.03008693779506144
2021-02-17,-0.017644090825911785,0.012141589169594624,0.0031110028004226464,0.004359970799129309,0.015564757845260901
2021-02-18,-0.008636394196119501,0.005920814274298136,0.003376670069077825,-0.0016792082594843105,-0.01570436172330225
2021-02-19,0.0012335342237688174,-0.023535055745747435,0.016691230706774363,-0.011567339761379691,0.006727979837659159
2021-02-22,-0.029798799163511136,-0.021280609604111933,0.009390226793874135,-0.026808255782727275,0.036853046489248475
2021-02-23,-0.0011112940709310237,0.004326059526709614,0.00803163100162263,-0.005287584895275699,0.01381243477787053
2021-02-24,-0.004052281697390692,-0.010946968676518232,0.017595268063611114,0.005487285233904959,0.02997270523628126
2021-02-25,-0.03478245464209384,-0.03240038681954516,-0.013571971182191112,-0.02370501532677083,-0.0165785656949331
2021-02-26,0.0022314754653793845,0.011700387973209825,-0.026524542688977304,0.01480427344021007,-0.024928276621398404
2021-03-01,0.05385117256924654,0.017203798394717307,0.02262684516895863,0.01962293324513098,0.037336601405675296
2021-03-02,-0.020893320571534812,-0.016404262105025436,-0.0032559212199579912,-0.01295680680301936,-0.005850807439980565
2021-03-03,-0.02445679510050036,-0.02893170479822993,0.019332045680949372,-0.026981059168252775,0.008025525782526577
2021-03-04,-0.01581191413380767,-0.009128157985388907,-0.01536837630051946,-0.0036471473198157467,0.03874735350219849
2021-03-05,0.010738393304653204,0.007687481916645478,0.0023247145261715563,0.021479342176572658,0.03781297073742085
2021-03-08,-0.041673544107673544,-0.016167463748385735,0.013252726424362926,-0.018178150619080458,-0.0009847073019780828
2021-03-09,0.0406495155568003,0.03756837366056898,-0.007063059904953262,0.028101451902848185,-0.01544282556692822
2021-03-10,-0.009166342270551575,-0.0017010173123747085,0.021735235391115104,-0.005817548177413867,0.03070274659983241
2021-03-11,0.016502582213528294,0.018298429776605563,-0.0052215705377207655,0.020265306523409077,-0.007447060953655771
2021-03-12,-0.007625412508340257,-0.0077402727850476305,0.01185843787852936,-0.005819525558282135,0.010764948965757748
2021-03-15,0.0244568143808237,-0.0025279442445658162,-0.004995210486513746,-0.0039872765284023615,-0.025496429112922603
2021-03-16,0.012742893448416837,0.0033034103914528767,-0.01197162894413395,0.012350379180276594,-0.02119547716122705
2021-03-17,-0.0064506311806128425,0.014188848597238346,0.0102926069779945,-0.0028186704593731182,0.004398685882791575
2021-03-18,-0.03390498392627783,-0.03435878370750434,0.016506643198011872,-0.026662135783692364,-0.043119396994592996
2021-03-19,-0.004480243918604021,0.015511909856343209,-0.015921336888497506,-0.0016036896349153063,-0.005632890310967142
2021-03-22,0.028335638165615906,0.01167821172408301,-0.02687906439511789,0.024484633353279328,-0.010267329972934447
2021-03-23,-0.006888808843154237,0.008560288075996736,-0.01000167677657493,0.00673752624995938,-0.012341230829028937
2021-03-24,-0.019993440070717128,-0.016073304438495972,0.007761131416721856,-0.008923270118856186,0.020282496236014413
2021-03-25,0.004163474649832244,-0.013219634289670767,0.012813648130562294,-0.01325076095264599,-0.0028398161232354724
2021-03-26,0.005141427820401168,0.0018941122432061253,0.01665017387103096,0.017818715107198013,0.02723374525828537
2021-03-29,0.0014851877431127924,0.007765307334585803,-0.015539373353526287,-0.005243536524115133,-0.005371688771403593
2021-03-30,-0.012274432361076504,-0.006645597502498379,0.011789423171783442,-0.014410673237441385,-0.012369133881695138
2021-03-31,0.018765616416247743,0.01269600564306872,-0.014564753818957277,0.0169072757327835,-0.015170431169445497
2021-04-01,0.006958546734698201,0.02162845443110406,0.00972214672593652,0.027908571153048456,0.027941975786293094
2021-04-05,0.023577377578718917,0.02079404593469847,0.005300537952475537,0.027728608438749802,-0.01550787560482747
2021-04-06,0.002462134161661078,-0.0009018902147276409,-0.007030346943512011,-0.004858098771491126,-0.002831857028547824
2021-04-07,0.013390315197099323,0.01723733655641202,0.015667983771517013,0.00823025650899556,0.004437378880296716
2021-04-08,0.019233846327522786,0.006071242952548017,0.001226289748334386,0.01340537660274066,-0.010426056156262242
2021-04-09,0.02025176832921849,0.02209562242522667,0.007478224250529353,0.010266606193277017,-0.0023211926747085387
2021-04-12,-0.013233045851415048,0.0021321218730274705,-0.002111888820076624,0.00023445545365108345,-0.006622737969269488
2021-04-13,0.02430623506365226,0.006098747605224553,-0.011926638858957506,0.010081779382401734,0.003784177864963434
2021-04-14,-0.017852652313003037,-0.01970591825597423,-0.018690333519415736,-0.011218974515610713,0.028899380193954327
2021-04-15,0.018707432656273504,0.013828409714570444,0.006348656818045972,0.015297959162255736,-0.005931435661597151
2021-04-16,-0.0025277479939216363,0.006022342354579324,0.007426043865250476,0.004778202438519896,-0.0056160841429159225
2021-04-19,0.005068658333894804,-0.00806900981526193,-0.004240082564416103,-0.0076701859829814145,-0.003176914826541699
2021-04-20,-0.012829989716873547,-0.011067567276491497,-0.022141995564126882,-0.001855186936433162,-0.02106935835730106
2021-04-21,0.0029295480653039885,0.008195669633476843,0.00850789404542951,0.008983073030249589,0.012841168417794036
2021-04-22,-0.011685374237629276,-0.015758395892332966,-0.02105789488520704,-0.013086087748531483,-0.013035579304183864
2021-04-23,0.018038625139170428,0.00962218974677076,0.019135930391796396,0.015476150121170651,0.005427992135878412
2021-04-26,0.0029779368378743953,0.020389780364207244,0.0024635139616879798,0.0015317629268252198,0.001979257809492152
2021-04-27,-0.002449646130513239,0.0024729175512423485,0.004582930668301177,0.001605665362197195,0.013110832716755283
2021-04-28,-0.006026927962392903,0.012017786731569835,0.006479443643363281,-0.028285788710819104,0.030136515641475015
2021-04-29,-0.0007488726963411629,0.0037039347600635875,0.019444119791214964,-0.008052964298460141,0.014283152386441289
2021-04-30,-0.015133003946109391,-0.001120636171800582,-0.00889229128549407,-0.0013070356405116001,-0.028842669689605027
2021-05-03,0.008215185118485291,-0.023340170719312603,-0.0029258998561134675,-0.0012686689916101557,0.02760290279655475
2021-05-04,-0.03538545956089567,-0.022034541333801894,0.013823927899378363,-0.016159911066414456,0.006290428949392135
2021-05-05,0.0019553530382607764,-0.012479432999494278,0.013120767731079397,-0.005327086074767395,0.030072541628764604
2021-05-06,0.012802482736449683,0.010955401769447537,0.0201244460971699,0.013226766030441484,0.009512899641488826
2021-05-07,0.0053274058350278874,-0.0044640578502762596,0.003422638552029955,0.010931739920440275,0.01429735041819069
2021-05-10,-0.02580436688452714,-0.03072052637375966,-0.0001240429011541977,-0.020914184149753212,0.0024029194376340435
2021-05-11,-0.007410237666489072,0.010474816917876772,-0.016623271436517317,-0.003843334572674162,-0.031799465105226576
2021-05-12,-0.024938745668831475,-0.022323796765424953,-0.006875359885718524,-0.02936269375758338,0.005358198357183763
2021-05-13,0.017919835792797878,0.0030235440044839024,0.025722663932565615,0.01686175735874773,-0.01232500635194722
2021-05-14,0.0198446724999366,0.019430851184491837,0.015541459686993386,0.02106747561414246,0.02478922899223024
2021-05-17,-0.00925846817710041,0.0147351540352203,0.004024388317047212,-0.01196845832050264,0.02336665460892684
2021-05-18,-0.011245824956154893,-0.011653058569779051,-0.01408873319586268,-0.00856533308257501,-0.028300521854541683
2021-05-19,-0.0012815119129971908,-0.000148514828115065,-0.0076379709536638085,0.002474094976950836,-0.023994454606790505
2021-05-20,0.021011998428598355,0.004913709794237331,-0.0017378941675455506,0.013820528384329789,-0.002373643389262381
2021-05-21,-0.014766990931085577,-0.013732853548741542,0.011378427972975391,-0.005315205249659449,0.001359740483188876
2021-05-24,0.013314210368271073,0.013084215261017773,0.005410348659072639,0.02288246317811038,0.011710593367377564
2021-05-25,-0.0015736554835964478,0.004332851226203749,-0.010333892609063255,0.003748182933533739,-0.022647243464253397
2021-05-26,-0.00039378701746117795,0.0018747562447005706,-0.00012400520477995336,-0.0009137391396575323,0.011671788373198266
2021-05-27,-0.012376910062062985,-0.010734558114025683,0.015572213671775526,-0.008668413515767748,-0.006447164130869765
2021-05-28,-0.005348068075438972,-0.0021794289420000723,-0.0006695376253795793,0.0014840126485466953,-0.0032444998887402043
2021-06-01,-0.002648303186771339,-0.0013714148069622345,0.011020410065020636,-0.009131598268627195,0.03580590742649714
2021-06-02,0.006276023638195127,0.004765962837133042,6.0434358598149274e-05,-0.0004042262309600364,0.007939231822501114
2021-06-03,-0.012154109531120505,-0.014526941142032901,0.0006624336545202336,-0.0064294612128895645,0.003938272731368375
2021-06-04,0.019022271056947426,0.006027657821926935,0.0016245831393137955,0.020674933260135253,0.0044132896622677276
2021-06-07,7.952615850581601e-05,-0.0025606925929613222,-0.004686011130856871,0.012041943578649628,-0.006509186674928613
2021-06-08,0.006671950566787155,0.020669153552085318,-0.0039843034130354615,-0.004885677837355273,0.017690366918564182
2021-06-09,0.003077072371125311,0.005220349302289318,-0.012484957327137503,0.0040384823878663045,0.008369587384852606
2021-06-10,-0.008023120844456555,0.02087684594544914,-0.015588132009354494,0.014393297575494346,0.0015960350570904946
2021-06-11,0.009832422987066325,-0.0008418265339896758,-0.0006860255181542207,0.0025269021322988916,-0.009243061251412388
2021-06-14,0.024578024064754178,0.011067127216432215,-0.01696916852875352,0.007755243806253143,-0.0016083579392800473
2021-06-15,-0.006437878138285447,-0.0002186996793457352,-0.015168044743645859,-0.005887102814553402,0.036410567914134884
2021-06-16,0.0039341033311077744,0.0094941835711142,0.00702434036204469,-0.003793158343659786,-0.0035754445922288047
2021-06-17,0.012600710341360566,0.02166464377780497,-0.028860391970325527,0.013676195891954679,-0.03291728922352988
2021-06-18,-0.010091639396999308,-0.0006706583139327593,-0.025303051695274248,-0.0056341927157793625,-0.025649228869166207
2021-06-21,0.014103953888049192,-0.009446804682075038,0.016968500826326505,0.012334744147006305,0.03625805781304203
2021-06-22,0.012698154796790595,0.01490466106187549,-0.0014622927219143378,0.010966158478243004,0.019172627740724035
2021-06-23,-0.002089822246415629,-0.0004621896804161141,0.006057926892455212,-0.0009041988399904888,0.007367668381863979
2021-06-24,-0.0021687278975960345,-0.015622946391951387,0.009197841342444502,0.005353178576260387,0.004046154655910517
2021-06-25,-0.0022486023891532536,-0.013806561613952328,0.010097815891732642,-0.006262323893606148,0.002170116881219375
2021-06-28,0.012545904387047058,0.012474089136242261,0.0018178794574992274,0.01396181108100758,-0.02551823124825292
2021-06-29,0.011500249520227213,0.0012340341405479016,-0.0012310570310497537,0.009973023196920616,-0.00618948645570172
2021-06-30,0.0046209592894970175,-0.0023143032508132766,0.009082732889595935,-0.001842518869795029,0.007345941984367332
2021-07-01,0.00226341734837443,-0.0020900020900020966,0.009900764252454453,0.0025840057663830684,0.0028534258043821925
2021-07-02,0.019596675658724916,0.022723749230608936,-0.0009604957774723699,0.022275179884596596,-0.0014228722909571667
2021-07-06,0.014718357395448134,0.04692710742205475,-0.01679142212354734,3.648903848629814e-05,-0.02849434254832295
2021-07-07,0.017955210653827214,0.005669564076709488,0.0011729553424812966,0.008174967505287345,-0.015643012223462316
2021-07-08,-0.00919991486196281,0.009422227593882448,-0.01725363189024476,-0.008965902392883862,-0.004469389725467843
2021-07-09,0.013055324065895935,-0.003234704202571881,0.03199947942246606,0.0018739667229079604,0.018124467762939744
2021-07-12,-0.004204134493866474,-0.00021234814297532711,0.014315809479108932,-0.0022306153678623986,-0.0009799049033302198
2021-07-13,0.007889603451063154,-0.011076947823728367,-0.014873305263706227,0.013197979456815334,-0.00474078975596548
2021-07-14,0.02410081175498857,0.0011747744165069296,-0.0034051231049212483,0.005445109928903902,-0.02217487676981733
2021-07-15,-0.004492370816502,-0.013711143174944485,0.0021919642543615225,-0.005239021252448239,-0.009742866457580712
2021-07-16,-0.014076289903617534,-0.01585423166667732,-0.022835532553606375,-0.0009959144268606446,-0.02765073160514009
2021-07-19,-0.026914241931501492,-0.006727030092302577,-0.03251912580062455,-0.013321563359385724,-0.03436855342084377
2021-07-20,0.02597388599167072,0.0066486136498793424,0.018643199318522985,0.00833906372971338,0.011020853914225137
2021-07-21,-0.005131423377966016,0.003361110852517335,0.021040614199925534,0.007446476525224011,0.0321659388883937
2021-07-22,0.009628414636353888,0.014735635895966048,-0.01262585269189942,0.016844540723546908,-0.01125355628052338
2021-07-23,0.011989179161465024,0.005115384934792466,-0.0019217044910462278,0.012336557316669605,-0.0012256827808536652
2021-07-26,0.0028946321010872023,0.01180863619816197,0.006704880125113943,-0.0021403975875681214,0.025245346376947086
2021-07-27,-0.014900287407903723,-0.019846876786293155,-0.0013186124010455824,-0.008683561534370665,-0.011114768735642433
2021-07-28,-0.012196156893832022,0.0010837371680696428,0.0016505559722415075,-0.001116634428475649,0.006744216162803962
2021-07-29,0.004552421906609538,-0.008373940689987869,0.00856975096768764,0.0009777438604943178,0.012194728570696034
2021-07-30,0.0015105970935689328,-0.07564890713277761,-0.007973872209407484,-0.005549370313715607,-0.023078250582834747
2021-08-02,-0.0023310085906060873,0.0011690369463182027,-0.004019096890916285,-0.0003158955981262812,0.00017384731973368872
2021-08-03,0.012644375760860527,0.01043374884144277,0.011377742657686873,0.008075053218662198,0.01076760485162076
2021-08-04,-0.002782537432576282,-0.0034222398904129037,-0.010791793685552054,-0.0021241220506349467,-0.023367717701396784
2021-08-05,0.0007487787166446935,0.006340362999381677,0.012628575629619387,0.010505555900883978,0.006333523349316694
2021-08-06,-0.00476737575716768,-0.009197334693852421,0.02840377898075186,-0.00020742714630428427,0.011538622877185656
2021-08-09,-0.00034202040175779214,-0.0009177334401756498,-0.0010790362190781222,-0.003903851383991186,-0.011407001785424309
2021-08-10,-0.0033540175660525806,-0.006340816609805455,0.0122667970939625,-0.006554791101254009,0.017132962469385893
2021-08-11,0.0017859614106838784,-0.008603643493863333,0.011930413629583914,0.0017804764220343827,0.002922038138058136
2021-08-12,0.020773293389051206,0.003459810192938395,0.003909210351955572,0.009966847491800657,-0.0022618308414339428
2021-08-13,0.0014100582967693231,-0.0028848279463596915,-0.011187533253286697,0.010489598895415009,-0.010113176717017613
2021-08-16,0.013548136837399083,0.0015239472057770875,-0.006563552358011537,0.005975816058441774,-0.014620584693676775
2021-08-17,-0.006153906036730716,-0.01728702615047184,-0.012080638706744584,-0.0051597386389934385,-0.006792799504140357
2021-08-18,-0.025501240308381856,-0.012566487390164305,-0.00910758848964699,-0.006119073821960641,-0.02105822322974893
2021-08-19,0.0023233113985487996,-0.0042078187123096855,-0.008356029545533383,0.020775180775364444,-0.030520702734496252
2021-08-20,0.010156389631695406,0.003827154714335368,0.0028521900452773696,0.02557537166272872,0.00018981920797989105
2021-08-23,0.010257281325863676,0.02060035500127988,0.012797178341819926,0.0009527125876431786,0.04114520102796648
2021-08-24,-0.0006012695628130338,0.012220318769066596,0.00619000682420312,-0.006663266788689337,0.008195372393132283
2021-08-25,-0.008421060776158784,-0.0019965141547840792,0.020613060579250275,-0.002015678009334332,0.0018061252582393106
2021-08-26,-0.005527097816007576,0.005098257262930783,0.005157799788650275,-0.009668537081659823,-0.013523361976633619
2021-08-27,0.007184359904239601,0.01014175672465778,0.008037072007581081,0.002106553503471442,0.019375200023130423
2021-08-30,0.0304173222759343,0.021476998866989616,-0.01600739075129476,0.012911827547219534,-0.01093777889710179
2021-08-31,-0.00842463305572716,0.01438520002272603,-0.0030542736604626253,-0.005632841269279321,-0.011602530870957861
2021-09-01,0.004478495596412113,0.0023654092095504176,-0.0014380837485401532,-0.00016526883361600575,-0.013756686189529965
2021-09-02,0.00747461234193203,-0.004564478889317991,0.004633353279545949,-0.002253147738097594,0.02436321101034533
2021-09-03,0.004230471182854911,0.004311086264728647,-0.006045066100331065,-3.304941457660249e-05,-0.0038129117440042215
2021-09-07,0.015489471873643579,0.008982024369138308,-0.0017557880342947696,-0.003187842819814324,-0.005831513867428417
2021-09-08,-0.010083640793671966,0.004619174430729789,-0.004459425774803183,9.978640201580014e-05,-0.009165968525397306
2021-09-09,-0.006704838733590512,-0.011726004336084506,0.004353500676470556,-0.009859649918134594,0.0007399767587252803
2021-09-10,-0.03310175376818136,-0.004308001431212238,-0.011495937207828821,-0.005180883224468968,-0.0020339145994529018
2021-09-13,0.0038932207572630606,-0.0034532897607970625,0.01588719862602672,0.004328363328744977,0.025750220411586477
2021-09-14,-0.00956208798284186,-0.002073980962099431,-0.017452773806993394,0.00942799775713521,-0.014267516613775566
2021-09-15,0.006143673386273196,0.007475391332653958,0.006939908475601442,0.016778503201721362,0.03371198524923158
2021-09-16,-0.0016102817856660234,0.0035819053548502566,-0.000442802104195561,0.001312319119289862,-0.010634525878227108
2021-09-17,-0.018347917761677213,-0.007373319866162298,-0.002593782185738136,-0.017528170329555226,-0.011823563382937996
2021-09-20,-0.021361253763078958,-0.03084174438431353,-0.02993364613942917,-0.018574684298126365,-0.026649776833520544
2021-09-21,0.0034280402132034204,-0.0036057473697842513,0.00013057362860391386,0.0016989278192298674,-0.0009313636387879853
2021-09-22,0.01687244589276493,0.01089234819407503,0.019152820039112672,0.012822386603865699,0.02926925087232024
2021-09-23,0.0067190724715282535,0.01063594079605279,0.033801791202237697,0.003281735414488507,0.03387076191472005
2021-09-24,0.0006130632331999841,0.0027868730462519142,0.011539713475311908,-0.0007007998586936459,0.008934814136690283
2021-09-27,-0.01054985465972147,-0.005756835077931344,0.024165978416722078,-0.017304007558055168,0.02969255721541164
2021-09-28,-0.02380134758436825,-0.0263784679831095,-0.0053900272069618005,-0.03620378026066129,0.010455389711237384
2021-09-29,0.0064826321570083945,-0.004475351789266391,-0.0007824616963394426,0.0016929793453155373,-0.0006675616544392637
2021-09-30,-0.009311644753112969,-0.0048710792439015105,-0.013618930248440408,-0.007323882033681617,-0.017702125243376776
2021-10-01,0.008127075536396022,-0.0005418778291703674,0.021015538515317456,0.025468205939667588,0.035872263897355205
2021-10-04,-0.024605360992974723,-0.028471678341373097,-0.001077182823926215,-0.020719630925559063,0.012965569328871718
2021-10-05,0.014158491862636513,0.00978753803838428,0.016330324927508855,0.019957119458216654,-0.0016204533424989398
2021-10-06,0.006306967697646826,0.012732016728672857,0.002134468672819967,0.015064490524416607,-0.01833789996913615
2021-10-07,0.009084476187003254,0.012391203105561077,0.006330478453552724,0.005936541429241604,0.00281032743294074
2021-10-08,-0.002722020680020476,-0.004181805261295635,0.0007643900932052805,0.0,0.025057584802093302
2021-10-11,-0.0006295952461234933,-0.01286860335091844,-0.021031633231630487,-0.0021030899061498243,-0.009970834453927657
2021-10-12,-0.009102950051206649,0.0003172745113595443,-0.007681367600924083,-0.004588218841665714,-0.005198218635451335
2021-10-13,-0.004240187291244979,0.011378601203982708,-0.026366775467971948,0.011711083469019501,-0.002776132269245779
2021-10-14,0.020226071571789683,0.004743759227551214,0.015341905677312306,0.021734070350917456,0.01522854087579284
2021-10-15,0.007512446110564008,0.03308023939004423,0.019208366477101002,0.00482261026563946,0.00951590623948162
2021-10-18,0.011806077301043327,0.011064772529006062,-0.0003600531640677307,0.010124490678852016,-0.0004792408255955838
2021-10-19,0.015080129098125727,-0.0007514424560826072,0.01212866722128636,0.0030590574415074734,0.015025616329349178
2021-10-20,0.0033610175596341385,-0.008446195751808605,0.013466137196896488,-0.002660387980468637,0.005511924033788418
2021-10-21,0.001474061640386104,0.005841756945129006,-0.007843763026195383,0.010897607301137313,-0.01816771477485135
2021-10-22,-0.0052851638960721425,-0.028954833317208384,0.013451274988599105,-0.005148631602040266,0.0068593449275564655
2021-10-25,-0.0003359443988346644,-0.004550989805058192,-0.004889935672065193,-0.003331629051616103,0.019486547098441998
2021-10-26,0.004574610192481954,0.01677526160393561,0.002690820230583979,0.006425474699693456,0.023154655251356626
2021-10-27,-0.0031475708135333402,0.004863638245470758,-0.0208282794388871,0.04211437072741675,-0.025971970960790847
2021-10-28,0.024991754931118715,0.01594115275917063,0.015074779879946654,0.003651619806082085,0.002806748501045009
2021-10-29,-0.018155626481596743,-0.021511245053778105,-0.0027587027982540757,0.0224137138290319,0.0024878967804500274
2021-11-01,-0.005607641581305667,-0.01610709978002456,-0.0005299560757673349,-0.006784704694138832,0.017992858358573116
2021-11-02,0.007116084769186237,-0.0016154097805501921,0.003946004494564059,0.011415367736800741,-0.012341801346013148
2021-11-03,0.00979856546181912,0.021507811127532195,0.0003517994962682902,0.0026118744788277137,-0.013730431242831909
2021-11-04,-0.0034985172247602447,0.02748232410840923,-0.013135478330462358,0.007305297814198974,0.007508268160356879
2021-11-05,0.003582304980292994,0.01207642928374364,-0.0014261417304819446,-0.0011297219029759997,0.009470437565873846
2021-11-08,-0.005552640733828773,-0.008527948857282919,0.00601005094822038,0.0027674622963067552,0.010766069372744935
2021-11-09,0.0024592833064462916,0.025007238016599764,-0.007571210063740175,-0.0030857420543463077,0.009738217367707191
2021-11-10,-0.019162675629461057,-0.026334994227121156,-0.0009536853551364022,-0.015329946134778227,-0.019700541629612434
2021-11-11,-0.000338468157538796,-0.0027425987825921982,-5.9578915503788465e-05,0.0049274683313482726,0.001869268456562878
2021-11-12,0.014336998971469006,0.015162029225161966,-0.004474735445136879,0.012904840195087752,-0.0076193489114034785
2021-11-15,6.655112391729112e-05,0.0058238044631160335,-0.001797877674063586,-0.0019299699583087415,0.00861818323654151
2021-11-16,0.00666685412214596,-0.001404486161877938,-0.007204773034427681,0.010235742839308726,0.01009781966668144
2021-11-17,0.016490285783687275,0.0023441312596286235,-0.005381958899571493,0.0006787469957694192,-0.010919852353662773
2021-11-18,0.02853588910791771,0.04143700734081479,-0.00863373441620452,0.006339972187160203,-0.01088467456206077
2021-11-19,0.016976015037281522,-0.005273114275827329,-0.01306349286166908,0.005391363030472718,-0.04621910362634307
2021-11-22,0.002927324874000714,-0.02828730052206352,0.02131493096226844,-0.009559407140438791,0.013845231338749153
2021-11-23,0.0024221630196137323,0.0020909577736383245,0.023912485990738697,-0.006326913113662291,0.026337325348573692
2021-11-24,0.0032833637997284892,0.00010331533981333685,-0.007844295278979785,0.0006811792531618011,0.005544026961563642
2021-11-26,-0.03167782137710817,-0.021184701669844985,-0.030126809682525346,-0.02435565908802717,-0.035128993263069286
2021-11-29,0.021873178837304996,0.016267432688752415,-0.0043231201958402465,0.02108116257701087,0.0055509690469988104
2021-11-30,0.03157782986173063,-0.015302274022490625,-0.014885477262029934,-0.017942501963308266,-0.028413686248516035
2021-12-01,-0.003206473958810241,-0.0180634873037836,-0.005918365557986749,-0.0015428886562447452,-0.0008358051083274809
2021-12-02,-0.006129816614613093,-0.0018468889124809706,0.021027246586841963,-0.0017872085256750436,0.02492079052540963
2021-12-03,-0.011724455222394958,-0.013839076006382012,-0.01811309295776209,-0.019666748612255258,-0.006364197014905315
2021-12-06,0.021502628032488147,0.011086219388703134,0.011813914931429359,0.009844631577540675,0.011331913642949498
2021-12-07,0.03544658534248435,0.027986504263362688,0.015047492612230595,0.02676381009837603,0.01120472172141751
2021-12-08,0.02278300347915363,-3.689871657430732e-05,-0.01144113950831327,0.0001492615250509033,0.002890789399286442
2021-12-09,-0.0029700786524793354,-0.011279643604146683,-0.001555654238973303,-0.005582590232419027,0.0025620641418824253
2021-12-10,0.02801325446803138,-0.011247564604614624,-0.003988444191828866,0.028339695965776013,0.006388756041530108
2021-12-13,-0.020674331209581176,-0.015356076499860039,-0.011888488539346098,-0.00916658620599553,-0.02190136466844539
2021-12-14,-0.008023087576720878,-0.0028071293797337082,0.007662302704984247,-0.032587194578632794,-0.001460258800215275
2021-12-15,0.028509092434048533,0.024977573145925636,-0.007478199027765031,0.01921797553476501,-0.00438754723719359
2021-12-16,-0.03926388107679368,-0.025641174633125208,0.015639032315218016,-0.02913498543786608,0.0016321570665680518
2021-12-17,-0.0065015244040677045,0.00678920370502567,-0.022754273243942857,-0.0033856122032094316,-0.021834725281021816
2021-12-20,-0.008122172784135517,-0.017283556389377508,-0.01798943701854927,-0.012013407306028956,-0.014492617184998724
2021-12-21,0.019086864748559806,0.019978649621920752,0.013966323875880704,0.02306894918427793,0.022650386072255557
2021-12-22,0.015318775740491786,0.0036381058820253998,0.003908168071268925,0.018057405286630246,0.008099251696428889
2021-12-23,0.00364384035336629,0.0001841364158221559,0.003573531907247851,0.004471811555209149,0.0004916890142732111
2021-12-27,0.022974757993237116,-0.008178022851368039,0.005723327091154529,0.02318566962009272,0.014257633678684378
2021-12-28,-0.005767306836541586,0.005843719029521299,0.0030345342649584772,-0.0035042485584412253,-0.003231540285402623
2021-12-29,0.0005019479343810751,-0.0085549217086347,-0.0005041533874492465,0.002051364378213405,-0.008753394989651109
2021-12-30,-0.006577957923537214,-0.0032890070546229833,-0.000504516091125562,-0.007691325218806666,-0.005887104576256852
2021-12-31,-0.0035353020009972758,-0.011429400216389607,-0.0008199542148845662,-0.008841059423001951,0.00657980848248485
2022-01-03,0.02500390818024134,0.022118320898886212,0.021155462483610554,-0.0046683398675243515,0.038405252718082705
2022-01-04,-0.0126915144239661,-0.016915587005979504,0.037909568900353685,-0.017146960838155145,0.0376139276144718
2022-01-05,-0.026599828070211107,-0.018893091563845,-0.018281972841020955,-0.03838805682174473,0.012437360628013927
2022-01-06,-0.016693129321875277,-0.006710981961323137,0.01062387557854394,-0.007901620302675716,0.023520715257773883
2022-01-07,0.0009882278189810023,-0.004287778294336242,0.009908313135108537,0.0005098559854028739,0.00819660400239397
2022-01-10,0.00011622737376937309,-0.006570176170610398,0.0009570385467896347,0.0007321528396342369,-0.005952151107332049
2022-01-11,0.016783695512049057,0.024002125643924677,0.0010160663059342045,0.0022591861940484126,0.04206205940115937
2022-01-12,0.002570178011995994,-0.0009373300985386912,0.0056718521521494925,0.010444972158631716,-0.0029434548518444403
2022-01-13,-0.019027925731916917,-0.024169655027437842,-0.001246675742682446,-0.0423226417681597,-0.007169025080554392
2022-01-14,0.005110688491406945,0.005731487003565627,-0.06146338480876412,0.01771677362987978,0.01755684544117231
2022-01-18,-0.018894288939143578,-0.019862738846190164,-0.041927923051375715,-0.024338993345423665,0.016835605186242608
2022-01-19,-0.021024890745289015,-0.016477101806013472,-0.015469117394079523,0.002246504970605967,0.0004106533457293171
2022-01-20,-0.010347095598852274,-0.02963230963415675,-0.008527638359297485,-0.005703237642121883,0.002188618215966054
2022-01-21,-0.012764808675527206,-0.05950180896147472,-0.01747215991050255,-0.018468196695640038,-0.015013178938135918
2022-01-24,-0.004864518237639115,0.01332698348311534,-0.0008961211931779456,0.0011487468484248087,0.008590946549116074
2022-01-25,-0.011384537882637935,-0.031533745543573244,0.010900190135358034,-0.026588453593982653,0.029399908582802947
2022-01-26,-0.0005634338747825263,-0.007954330670553511,0.0094861169689342,0.02849303981942386,-0.010143049015498673
2022-01-27,-0.0029429922302461886,0.005508645722495764,-0.017644858016740428,0.010549192355373771,0.012808156370014201
2022-01-28,0.0697778485051368,0.031084056738273746,0.008946560860683572,0.028081480945140402,0.0021302962227678357
2022-01-31,0.026125407716544258,0.03886361030218932,0.013573436676738604,0.008823618446536674,0.00903285940333598
2022-02-01,-0.0009725989332515228,0.010830762802234384,0.017160069545412604,-0.007138412220749402,0.06411240375486948
2022-02-02,0.007044295439391446,-0.0038427158906232384,-0.008005274073558222,0.015221802929493489,-0.0025979044525168415
2022-02-03,-0.01671976813975573,-0.0781276325178123,-0.008269978745312545,-0.03895206388201666,-0.011659655859397433
2022-02-04,-0.0016794915104320074,0.13535901735711864,0.025958349759844568,0.015568086765487932,0.021712067040389194
2022-02-07,-0.004234526331260313,0.0018777353189827206,0.003342884431709603,-0.016309838481670003,0.01203750717325014
2022-02-08,0.018466848413484005,0.022021627828944013,0.018814859001297535,0.011994899225318045,-0.025852650117930698
2022-02-09,0.008293563114177616,-0.0013877341505965646,0.004168191409870792,0.021834979968065937,-0.004787093858155567
2022-02-10,-0.02359877149951084,-0.013561706274733853,-0.004150889707050465,-0.028373336107443747,-0.009620128406887862
2022-02-11,-0.020218564771776304,-0.03591110674363196,-0.013016997508551342,-0.02427376566983097,0.02517902318825138
2022-02-14,0.001423406817735673,0.012221683270054351,-0.009290428689366026,-0.0001355495177449706,-0.015334813448816598
2022-02-15,0.0231524969273873,0.008658352201907249,0.014623877793799478,0.01854224489242573,-0.012534685643766252
2022-02-16,-0.0013889488321832122,0.010159039538768955,0.001809671821807246,-0.0011671595589195505,0.004615771571010674
2022-02-17,-0.021269181572092122,-0.021808901106176726,-0.023032269870210564,-0.029282356988608704,-0.0015316346071967413
2022-02-18,-0.009356040981964853,-0.013261957754408193,0.004688762315687711,-0.009630944356371685,-0.011120874454866314
2022-02-22,-0.017812187715300465,-0.015753494788264932,-0.0017746611584262828,-0.0007291333433954161,-0.011633919960805095
2022-02-23,-0.025864142210578978,-0.03575624663287669,-0.020938786398007392,-0.025893432747487344,0.004054392281511943
2022-02-24,0.016680360663822613,0.04509522427819257,-0.02784337969644879,0.051093586305336114,-0.012634921383353426
2022-02-25,0.012965350763245675,0.01605793012842116,0.023659642331730346,0.009233152558242308,0.026912550013624026
2022-02-28,0.0016376511365843172,-0.0014662630028149382,-0.041697752436756774,0.004978063960760171,0.007451327869368196
2022-03-01,-0.011627644395505232,-0.015765550251120253,-0.037729292285676896,-0.012851652467384511,0.009563774277549397
2022-03-02,0.02058821898641705,0.0060241839623909055,0.02074029755504392,0.0177655950063762,0.017178100149571218
2022-03-03,-0.001981367669171452,-0.027319556126581324,-0.007108006764821817,-0.014224506415641769,0.0063331776984889565
2022-03-04,-0.018408218788779407,-0.0152637929917393,-0.028128998316641285,-0.02047836038677453,0.037635887727197614
2022-03-07,-0.023717451645381304,-0.05622045424233624,-0.03861619434438801,-0.03777699852161098,0.03603278053408365
2022-03-08,-0.011676375678374762,-0.010465446730283379,-0.007042772688260035,-0.010971017684115347,0.007575778406113898
2022-03-09,0.03499764254571769,0.024001199930983708,0.04006213109495893,0.045858198792311455,-0.0568467115748007
2022-03-10,-0.02718628217210306,0.05412515560997311,-0.01184052854709916,-0.010086799416045289,0.031042370730820723
2022-03-11,-0.023908678801096817,-0.008806846762653975,-0.022523638242292754,-0.01932851454155371,-0.0051545497036806776
2022-03-14,-0.0265623265410615,-0.025229488143872714,0.009930811225702163,-0.012960729329417942,-0.0357982392941798
2022-03-15,0.0296771703588552,0.038867730338306705,0.01774610185819059,0.038742273699383434,-0.05691285776341859
2022-03-16,0.029015668509281056,0.038933563723705156,0.04468600240984766,0.02521361478059192,-0.003755404871616963
2022-03-17,0.006453776222101304,0.027007748989816838,0.012644566473417607,0.0028192866622660517,0.026647565527348815
2022-03-18,0.020919121510930117,0.025512151358369817,-0.00035684233908139795,0.017648173393453703,-0.003924805141439669
2022-03-21,0.008537580529502264,0.0014945523217748669,-0.003211995743681806,-0.00422767337425034,0.04487085435143312
2022-03-22,0.020800684960195603,0.02103830044237709,0.021267274977187833,0.016379511787825374,-0.00438001536097643
2022-03-23,0.008233573469214717,-0.008981816492546923,-0.019912698608090862,-0.015030384953864218,0.015762774060906537
2022-03-24,0.022677818116223047,0.0014779010051912955,0.006510021943935351,0.015392898979228686,0.0030074095039647197
2022-03-25,0.003734049156047803,0.006868294014676479,0.008742479677968706,-0.0013811425298468905,0.021827643368503402
2022-03-28,0.005036973433400815,0.025592678900108856,-0.007398485352678508,0.023116589362780937,-0.028051558786709507
2022-03-29,0.019134289011244032,0.00192027764251268,0.0022007026504917704,0.01515926459027872,-0.005313597156139105
2022-03-30,-0.0066495158123786036,-0.01780118433038691,-0.004533278646354444,-0.004914330612254769,0.01711823341907759
2022-03-31,-0.01777579241185534,-0.019864567358571672,-0.030026834194778473,-0.01768282590968906,-0.014204093285664077
2022-04-01,-0.0017182902801740063,0.003450973226124532,-0.007409180261747306,0.00360008354511554,0.006417128728867683
2022-04-04,0.023693450146553552,0.029264484561530857,0.00443420495609903,0.01793717795756966,0.0004814954088223633
2022-04-05,-0.018941671151940787,-0.025492089193307588,-0.011637408873737987,-0.012985512364932617,-0.005170677375165855
2022-04-06,-0.01845093890052607,-0.032300120131985244,-0.013874275291346216,-0.03660573454316596,0.011120483992427044
2022-04-07,0.001803926909544895,-0.0061194323502751224,-0.003042100088053168,0.006243229486089685,0.0167363315575062
2022-04-08,-0.011908877033807053,-0.021066740550443774,0.018308102126516568,-0.014599735394904445,0.02104645937292804
2022-04-11,-0.02551590410026583,-0.021613947156313595,-0.0036708014719797344,-0.03943152290519503,-0.034431052229637715
2022-04-12,0.011523394113726937,-0.002213363562407644,-0.010977165379132403,-0.011218028081435016,0.020870249570072552
2022-04-13,0.0163424902979723,0.03152445706895657,-0.032233778380750144,0.019712359042825867,0.014135608728539362
2022-04-14,-0.029988036171468613,-0.024652684274885983,-0.009269272691445174,-0.0270842065455289,0.011749944453767425
2022-04-18,-0.0013310608456776896,0.007109164667870926,0.018553709766978344,0.002465668483893957,0.008197796862927209
2022-04-19,0.01411498843858805,0.03488883060861969,0.02070694241155402,0.017039500902408022,-0.00892155972798081
2022-04-20,-0.0010153033635861286,-0.026041044919075107,0.003508134477927749,0.003715467529294081,0.0022788752049440753
2022-04-21,-0.004843778804250909,-0.037026427673936824,-0.007751987445750452,-0.01938096007633061,-0.010573149958484018
2022-04-22,-0.02782117232012349,-0.026608937569704394,-0.02872242394828539,-0.024144488836450706,-0.02183152369875585
2022-04-25,0.006737178859148152,0.011943186356370372,-0.0003153768693402448,0.024413482753327553,-0.03371291563647305
2022-04-26,-0.03732796351599532,-0.0457507730510871,-0.02958112686069847,-0.037403954745205636,0.0003645462978651981
2022-04-27,-0.0014669104386652032,-0.008781047317448887,-0.013006131890552886,0.048108912286097816,0.0285577237916379
2022-04-28,0.045155601560519454,0.04653418536434306,0.015812954709139904,0.022632553993744864,0.03024552159384375
2022-04-29,-0.03660496051167739,-0.140494377749234,-0.0322684687314726,-0.041811959100669704,-0.022362287369280698
2022-05-02,0.001966480469041798,0.0017580913238786078,0.009131846193709547,0.025043285522376557,0.013607198642995533
2022-05-03,0.009622877695653287,-0.0019799044812061073,0.02141977081802038,-0.009456287149918197,0.020599185178796553
2022-05-04,0.0410081827168538,0.01348046853293483,0.03308138375523173,0.02910078841449537,0.03980035788059122
2022-05-05,-0.055716348691570716,-0.07561036490424522,-0.02501985790381267,-0.043554836091672655,-0.01515817337973513
2022-05-06,0.004727296249670276,-0.014041240035030156,-0.0016137968337773811,-0.009446654047830183,0.015280861699684234
2022-05-09,-0.03318934162919951,-0.05213354825727934,-0.015033831278314702,-0.03694532948329421,-0.07885243515912044
2022-05-10,0.01611218421629057,0.0006434445934944133,-0.0243723116855028,0.01859564151314852,0.006630097852164285
2022-05-11,-0.05184115615191276,-0.03203225709010704,-0.006308237642929315,-0.03320951437345965,0.020818780480118315
2022-05-12,-0.026894159118883265,0.014790404884573283,-0.0008463756730772154,-0.019957802437091332,0.004539483704902425
2022-05-13,0.03191607357527748,0.05727556035084924,0.0088950832921737,0.02259621187246652,0.029663989192002305
2022-05-16,-0.010672309993859042,-0.01985316173972196,-0.006969357173787216,0.0014555138489127373,0.023520158872553543
2022-05-17,0.02542272826673453,0.04113327357999652,0.03314704140465219,0.020344307284688723,0.012754189896123869
2022-05-18,-0.05641921377323278,-0.07156196640827217,-0.01710566873800934,-0.04552972762115637,-0.015850510217556235
2022-05-19,-0.02464154301035837,0.0019278532990965047,-0.014822423549789021,-0.003699636435411602,0.005405380269155824
2022-05-20,0.0017473806586987273,0.0025345295167615856,-0.008198787058613544,-0.0022913665788922843,0.00789985043242769
2022-05-23,0.040119311175425,-0.0003160506951839226,0.06187169934263115,0.03203187478310743,0.02209886861272703
2022-05-24,-0.01921608609976999,-0.03214110432537598,0.014125156069907163,-0.003951551814273091,0.0054318311365746386
2022-05-25,0.0011400868383899532,0.025696475417555487,0.006964073292965445,0.01117014679098527,0.020127310815781563
2022-05-26,0.02319949020588652,0.04029499229486544,0.017290175852257228,0.012875259048396703,0.003530808554885523
2022-05-27,0.04075682706107697,0.036632083603781895,0.01413795071158841,0.02760447795517318,0.009830251993012906
2022-05-31,-0.005346293084798837,0.04397010379074828,0.007313236774446841,-0.005013902062080411,-0.016292746964463367
2022-06-01,-0.0008732303557186238,0.012266042992872705,-0.017545230063534367,0.0020230830227707663,0.019166674976125897
2022-06-02,0.016811307379331897,0.03145034300738625,0.016088027137897365,0.007928788342264736,-0.0017375718909374838
2022-06-03,-0.038555826799356874,-0.025185068024527135,-0.013939567048972479,-0.016607046963722505,0.014538537870333101
2022-06-06,0.005227773443862382,0.01994280728922404,-0.003303434567296204,-0.004703754296248475,-0.002522873455907626
2022-06-07,0.01758590304988905,-0.014344105316090427,0.00262095345573643,0.013953717526496545,0.045831696979928394
2022-06-08,-0.005043350310716566,-0.014796745486375773,-0.015914759997791128,-0.007669479137590307,0.01180219534868554
2022-06-09,-0.03595578042417458,-0.04150848957443054,-0.021015561092610935,-0.020783496003158097,-0.021608068893247734
2022-06-10,-0.03862859219826742,-0.05596211721574329,-0.04596608014925163,-0.04456352822415466,-0.018274302486247063
2022-06-13,-0.03828489296116355,-0.05453719355874542,-0.0297781893893867,-0.04241279384402963,-0.04588883490282425
2022-06-14,0.0066726100032095115,-0.013118555361940287,-0.016639571341129367,0.009204939598576045,0.0026080616178723037
2022-06-15,0.02011149977880744,0.052389802934770247,0.011835944650300911,0.029735379473907475,-0.012590858509247349
2022-06-16,-0.03965160846529203,-0.037243378610853584,-0.017156064556139827,-0.026970127276422118,-0.03688476077062275
2022-06-17,0.011533269327157258,0.02469609751257895,-0.00352660361180257,0.010940127256741983,-0.057665072197014444
2022-06-21,0.03276083809031216,0.023159471438541024,0.024772391494132684,0.024591305044652234,0.06223875852882754
2022-06-22,-0.003827153770083025,0.0024843268523027096,-0.005611779509559045,-0.002404075327070876,-0.03957132789453177
2022-06-23,0.021573514377930758,0.0320330939965241,-0.010939456501596001,0.022636487762395463,-0.03016182926108857
2022-06-24,0.024517327231867947,0.03575237064906034,0.029845748752115764,0.03414993292750257,0.01983338419556402
2022-06-27,0.0,-0.027820692849391482,-0.008012448903001124,-0.010496976301841654,0.024510672838868652
2022-06-28,-0.029789768059745203,-0.05140434227234392,-0.004811775665086726,-0.03174906155230295,0.0277436969144933
2022-06-29,0.013023889296374325,0.014152668728781626,-0.0044898114886895435,0.01473793971572035,-0.03693975665400695
2022-06-30,-0.01802769403080684,-0.024880638358707907,-0.023330371001044514,-0.01317915059129271,-0.028143505137213976
2022-07-01,0.016164424956353507,0.03154127203651247,0.01278757394252894,0.010707530898596218,0.022302801219691748
2022-07-05,0.018930600059564595,0.035962053023039786,-0.0038037396450407712,0.012597188060056608,-0.0312964997762093
2022-07-06,0.009606826199378693,0.007312791463036872,-0.006482001332466125,0.012782932638018885,-0.018040340121578513
2022-07-07,0.023999669506815202,0.01749322109655349,0.025292711896367503,0.008226639392523438,0.03194059380673697
2022-07-08,0.004714538373883359,-0.006791033294013538,-0.0031380751605161183,-0.0027572003572656767,0.0016289918654639468
2022-07-11,-0.01475764239214672,-0.03280250030721621,-0.013116412395676735,-0.011768445734228417,-0.005111639270872881
2022-07-12,0.006833816109374613,-0.022639810105564928,0.0009745822107203317,-0.04098143896011397,-0.013311395154355976
2022-07-13,-0.0025368227533947296,0.010803884746268588,-0.009382893563833594,-0.0037449198977810294,0.004023348140277161
2022-07-14,0.020482504761412113,0.002083294604712016,-0.03493887405863527,0.005381437258204835,-0.02003747406073919
2022-07-15,0.011450060490450165,0.02639434033114041,0.045833232475367414,0.01039028701783451,0.01683895681155212
2022-07-18,-0.020643071245827316,0.0018493974357440823,-0.010269874066112128,-0.009621309758130137,0.01845271176422325
2022-07-19,0.0267218145017607,0.03911741266419111,0.02477837577708053,0.020767053810650138,0.025203327246376306
2022-07-20,0.013509982066130632,0.03857539627705431,-0.00017448726206303888,0.010557291516049006,0.010988828405837925
2022-07-21,0.01509418520339878,0.01515028639903937,0.006809860236117071,0.009799122625066436,-0.016696342207850434
2022-07-22,-0.008111058241196734,-0.017732481209791984,-0.0048559959110472395,-0.01691592160051192,-0.007635179914622925
2022-07-25,-0.00739790324330325,-0.010455798059483823,0.004008336472609786,-0.005876337415980926,0.03330262083565971
2022-07-26,-0.008826536791020856,-0.052253606265046715,-0.015622286974119826,-0.026774297070389697,-0.0038896792373718236
2022-07-27,0.03423482543220113,0.0536538959419941,0.016046531190327284,0.0668517565093818,0.021644371402292695
2022-07-28,0.0035717624891213884,0.010829110898360028,-0.0037313816601296512,0.02854086536737266,0.011684989979266147
2022-07-29,0.03279280610056179,0.10361464095050721,0.004790586549779041,0.015665141131007587,0.04630837166105195
2022-08-01,-0.006153281895735052,0.0032604850044939404,-0.00996883123507375,-0.009724564475893094,-0.025275946020068663
2022-08-02,-0.009287213479071132,-0.009084834427092181,-0.015585124634334369,-0.011474166189447854,-0.00433955860983537
2022-08-03,0.03824774040411061,0.039952299225118226,0.010495313198475298,0.027836185304576766,-0.03242266222697343
2022-08-04,-0.0019264734910626746,0.021860686341448332,-0.011002561579532943,0.004177594414003005,-0.04207866769764612
2022-08-05,-0.0013892045483906434,-0.012414983387324718,0.030259933877887057,-0.0026090747315696827,0.014451145934686549
2022-08-08,-0.0029027027255882354,-0.009872154542052702,-0.012180510399119604,-0.009154699884725725,0.005652917760045062
2022-08-09,0.00030326868728147716,-0.011333489631663474,0.009007300389362483,0.0070633312147247995,0.01843729411533568
2022-08-10,0.026194602680463586,0.0352608325167747,0.026087982181620673,0.024300428802123575,0.009493092293091143
2022-08-11,-0.004431567986374896,-0.014366830308238487,0.01478145235309758,-0.007400708607549045,0.028928244440189266
2022-08-12,0.02142548888062823,0.020691152408548463,0.016564209550009368,0.01703704250127802,0.008691813392194714
2022-08-15,0.006333226306129536,-0.0025775713556979163,0.0027016885191899487,0.005344166440591991,-0.01787227443558581
2022-08-16,-0.0009235879622767618,0.0111747882760318,0.009554365072419246,-0.002589717282556303,-0.009315438937701925
2022-08-17,0.008784714217846101,-0.01851079360669594,-0.008412303214426653,-0.0026360627023848116,0.008090974656185246
2022-08-18,-0.002291870077748892,0.0014074379989574837,-0.007749293016036551,-0.003947712670165915,0.02364398325570427
2022-08-19,-0.01510168495262798,-0.02860159688639219,-0.024745127556464186,-0.013853716086357548,-0.003178338822401039
2022-08-22,-0.0230293417174241,-0.036243902638259384,-0.016522083994352066,-0.02935539355490535,-0.0007438444926801679
2022-08-23,-0.0020290732326843086,0.003002506326521548,-0.00985668376332427,-0.004716430599146282,0.04244235516639283
2022-08-24,0.0017937471696527485,0.001347163157822573,0.0024239760571240776,-0.002351481054345017,0.005918005260981518
2022-08-25,0.014922861743960292,0.026008936084948253,0.023747639195117465,0.011095527715322184,0.005173387352922498
2022-08-26,-0.03769927173566556,-0.04756700784791723,-0.032728741126994865,-0.03858703365387606,-0.012311990840527698
2022-08-29,-0.013690024789132615,-0.007342307563037775,-0.002441797294758352,-0.010668230921790367,0.02298976727718438
2022-08-30,-0.01530578751084366,-0.008167020675137082,0.0001747465385231184,-0.008520847947306454,-0.038054260273519214
2022-08-31,-0.010634913113896416,-0.015225659516225343,-0.00594357701563164,-0.00570412239400464,-0.0074759079829894715
2022-09-01,0.004706851364010278,0.008282741023605045,0.006858361081417241,-0.004092121919074376,-0.01799363225392947
2022-09-02,-0.013611016372673257,-0.002425266463259912,-0.006986281207893796,-0.016666679785682148,0.018323335616681424
2022-09-06,-0.00821547833180325,-0.010979542799969155,0.000263909119457173,-0.010974058277205656,-0.006695214036119612
2022-09-07,0.009254114710028682,0.026722663554652915,0.018990604801405686,0.01911164421240996,-0.008531067468916076
2022-09-08,-0.009617634730974989,0.0026259778181887405,0.0232960531015749,0.0016659581101035048,0.008179755615307371
2022-09-09,0.0188396113572884,0.02657523304266962,0.004806040689004032,0.022977051613514377,0.01675252157950058
2022-09-12,0.038507730659117057,0.023861278411006825,0.01183175932049596,0.008280944467424556,0.011502553173655006
2022-09-13,-0.05867945082175696,-0.0705752837581286,-0.03474866546213062,-0.0549784524022251,-0.023358237761609613
2022-09-14,0.009555508521667422,0.01364140798846103,-0.002319624261025166,0.0009127100775532249,0.024546336638993083
2022-09-15,-0.018929929690893132,-0.0176585314552421,0.015070482384290207,-0.02711903440349206,-0.029077517457312352
2022-09-16,-0.010959981050318701,-0.021777003694830932,-0.006702336104519424,-0.0026083273838006793,-0.017083359014319677
2022-09-19,0.025082858350364834,0.009147615105472573,0.0092244613176935,-0.0008988385320842784,-0.00010721536048063918
2022-09-20,0.015665470828173822,-0.019813903001303146,-0.01971896254432204,-0.008465723713659945,-0.008154373824552419
2022-09-21,-0.0202677097431474,-0.02987152347123645,-0.028835402855629466,-0.01443596360359456,-0.016118503380622484
2022-09-22,-0.006375074776298617,-0.010376272544574294,-0.01137880486306897,0.00849552864655978,-0.004178385792589334
2022-09-23,-0.015123934803984329,-0.03009120154088929,-0.018613489443479625,-0.012697970482565824,-0.053218333317968214
2022-09-26,0.0022602663155477654,0.012040804722097675,-0.02153188928380223,-0.001975518678028809,-0.02064135643199405
2022-09-27,0.0065661574204152195,-0.006426381710496365,-0.008802474466030996,-0.004379843741305511,0.020957402891480514
2022-09-28,-0.012651472571049371,0.0314657666190894,0.02021731170100649,0.019711499407293775,0.03638891191048632
2022-09-29,-0.049119099244040454,-0.027201076403397084,-0.016945864803287303,-0.01480906068096055,-0.002025622782349301
2022-09-30,-0.030039427294256904,-0.015679468675155683,-0.015636768354753472,-0.019368365063478388,-0.015448930728734878
2022-10-03,0.030752709233174746,0.025486701357681163,0.030909057855834643,0.033662527542391185,0.052800645521198675
2022-10-04,0.025622871640903044,0.04496029692750958,0.046783543140396455,0.03381248566908179,0.036444377662764316
2022-10-05,0.0020534912919085713,-0.001156159830559278,-0.012346635153006713,0.0012856648621279998,0.04041185021099003
2022-10-06,-0.006625820563347262,-0.00537407121029132,-0.020382461148258924,-0.00967085165993331,0.029660812079483456
2022-10-07,-0.03671861753878125,-0.04771409266460691,-0.01997379785829656,-0.050852930379317374,-0.010092062813275793
2022-10-10,0.0023555802332038134,-0.007768849586377025,-0.009341699187412456,-0.021303001889432793,-0.021677022633216247
2022-10-11,-0.010254910919442195,-0.012844190270001499,-0.028859685221896636,-0.0167504067792833,-0.00849802592403004
2022-10-12,-0.004604725347951311,0.006149206372302096,0.01618268155233138,0.0015086444177987435,0.004387583060949218
2022-10-13,0.03361254952481363,-0.00327726077574253,0.05559318784753575,0.037607891578104624,0.03494865562313976
2022-10-14,-0.03223976903657455,-0.05003107895219994,0.016640726195072064,-0.024248753559935166,-0.026308125549042938
2022-10-17,0.029122381432528543,0.06445275295885255,0.04200002952208015,0.039245690364342334,0.014416761404365541
2022-10-18,0.009409633619976265,0.022585461588422673,0.025720827991396522,0.004083844568967265,0.0017891366952991206
2022-10-19,0.0007652377106892594,-0.01108629175628062,-0.019606133106059742,-0.008469774952477471,0.029662434813311434
2022-10-20,-0.003267102734549443,0.0015642678860967596,-0.0032615409610100565,-0.0013954177438944004,0.001348844599291965
2022-10-21,0.02705897988798034,0.03531453097461368,0.05252737970467214,0.025280543473130024,0.018570252648027363
2022-10-24,0.014802888196320252,0.004190412347291339,0.001227178193580647,0.021187757165970433,0.006990287624701441
2022-10-25,0.019337516055262904,0.006509754475742646,0.0026146669698401404,0.013791904139452527,-0.0067541033952219776
2022-10-26,-0.019627095700026298,-0.040961814879887926,0.011491589151074066,-0.07715652109424731,0.011900219436146164
2022-10-27,-0.030465504229844398,-0.04063638620803933,0.00394812035329406,-0.01975610570706643,0.003826814327255068
2022-10-28,0.07555277269211635,-0.06804249715805744,0.011877886182917186,0.04022058975892673,0.02928871341832262
2022-10-31,-0.015410170386813027,-0.009380148789788212,-0.001586317414277505,-0.015856145137776556,0.0009936634801919197
2022-11-01,-0.017542862911223422,-0.05515425020719422,0.018032971660827846,-0.01705961887143248,0.00992692791439076
2022-11-02,-0.03730508684607281,-0.048248766657425834,-0.009207937785486786,-0.03536814801905508,-0.02055216974456986
2022-11-03,-0.042405051410317696,-0.030612240672440172,0.001811353251154335,-0.026578741849100362,0.013593440830932169
2022-11-04,-0.0019473023074815243,0.01881299269611514,0.02735866926493702,0.03332529711205279,0.010891025007208288
2022-11-07,0.003902203384618108,-0.00494619214148917,0.005280169136783197,0.02926969238495869,0.011842321797323585
2022-11-08,0.004175141979423147,-0.006075283660437414,0.0006088870235210209,0.004388712911528758,0.0031680727941127973
2022-11-09,-0.033189893821509386,-0.042676192754212194,-0.013008537674815357,-0.019050301851894713,-0.044736865194458075
2022-11-10,0.08897445266443738,0.12177847617944293,0.04115904541797155,0.08226811072729578,0.014692394096941674
2022-11-11,0.019268478411789802,0.0430508514990382,0.0016285893572842713,0.016997227433451556,0.031221469610941854
2022-11-14,-0.009485414671885462,-0.022819754250081425,-0.01027326467782319,-0.022500140213132847,0.0029194020477183447
2022-11-15,0.011869576065022258,0.004569038353104293,-0.007243830907099014,0.0017387150623495717,0.006703724728702953
2022-11-16,-0.00833116990394378,-0.018394983322363,0.001353926163394803,0.0018235995519781945,-0.010689582310380974
2022-11-17,0.012971362315064683,-0.02337318995330062,-0.004357009545716828,-0.00020690027036229797,0.001328570368570814
2022-11-18,0.0037815949122308457,-0.007485493894513584,0.009808502902591165,-0.0019032778848165899,-0.008668054119037039
2022-11-21,-0.021680166725027816,-0.017845764989037338,-0.005902611975673433,0.003440854327824372,-0.009903580047805782
2022-11-22,0.0146611484445609,0.008003437930963697,0.014956643055374697,0.01231140682212506,0.02892670643527051
2022-11-23,0.005926511954992941,0.009978544373689724,0.010663650821717496,0.010407045025606632,-0.004992126008052322
2022-11-25,-0.01959399837995779,-0.0076489282090407285,0.0019050808484251114,-0.00036363333845823576,-0.003520670821531069
2022-11-28,-0.02626391024292607,0.00578089353348199,-0.017478270591643752,-0.023152544278743803,-0.0300328046167756
2022-11-29,-0.021148290351660548,-0.016285245651894598,0.016449416463059308,-0.005914819292317075,0.006647857249155731
2022-11-30,0.04859366496004114,0.04457912603558589,0.011862808140535197,0.06162363921815128,0.0072372110667198175
2022-12-01,0.0018915834869346337,-0.010772746070691896,-0.014039609528899488,-0.0017638000468711557,-0.004850171861517372
2022-12-02,-0.003371173513333159,-0.01434557849824114,-0.00792715553748169,0.0012956482503903022,-0.008483536093399469
2022-12-05,-0.007983078710161462,-0.033145598727553405,-0.028040771693556454,-0.018900322561970273,-0.02739855022723281
2022-12-06,-0.025370219139225325,-0.03032636052572657,0.001674645426840593,-0.02030387345302842,-0.027796101307383525
2022-12-07,-0.013784804209831192,0.0023795930251859776,-0.000683844776542708,-0.0030596847962125473,-0.0022140139875914677
2022-12-08,0.012132785463886853,0.021365582288144003,0.010494168072809673,0.012399125569962699,0.0074289426925713276
2022-12-09,-0.0034349257994403803,-0.01394579034322141,-0.005418337894019021,-0.008003213182181557,-0.00842751754032034
2022-12-12,0.016389860617356478,0.01638799835988136,0.01551125116364016,0.02888934816078259,0.024628035359546496
2022-12-13,0.006782583272064269,0.02142456926150338,-0.0009684653743986527,0.017464676162902038,0.010934293877345125
2022-12-14,-0.015535737545295136,-0.009838858835905628,-0.004997206927813247,0.0011676384237493398,-0.0073660590739241805
2022-12-15,-0.04685436566589962,-0.034177820705733164,-0.024810453627335027,-0.03191832640525483,-0.009580997794418122
2022-12-16,-0.014578683234133138,-0.006670394101153776,-0.00622611415104013,-0.017348611173462758,-0.007018302149744193
2022-12-19,-0.015909869245561148,-0.033462353983410575,0.005955683472077755,-0.01732803035234165,0.004489023635505074
2022-12-20,-0.0005286950220535491,0.0031795134041781026,0.00484373811926142,0.005614410533973935,0.014452814433912442
2022-12-21,0.023809495858712726,0.018546709195681466,0.01124821279352961,0.010876709343021318,0.012840800071101999
2022-12-22,-0.023772345589773147,-0.034343619255829294,-0.01134985280468559,-0.02552861356359115,-0.02017385316603182
2022-12-23,-0.00279849530078069,0.01742450254827599,0.004745042289704848,0.002266953569004526,0.026445238191473708
2022-12-27,-0.013878388016068222,-0.025923742926365456,0.003503960796356731,-0.007413979248471536,0.01389370302970927
2022-12-28,-0.03068509892313942,-0.01469172937442731,0.005465414629568288,-0.010255071651006475,-0.0164260446657305
2022-12-29,0.02832432052769418,0.02884381103830358,0.005737424355048537,0.027629715871979377,0.007565904017936997
2022-12-30,0.0024689144870764235,-0.002138278742257471,0.006605747970705789,-0.004937580416632392,0.010073434811977311
2023-01-03,-0.0374048100061094,0.021666663033621747,0.007606087355005675,-0.0010007161834111322,-0.034360963382343734
2023-01-04,0.010314362035100944,-0.007923564525679994,0.009324945564302967,-0.04374309119970765,0.0029106105566620855
2023-01-05,-0.010604776921669057,-0.023725589118479662,-0.00022157125357646912,-0.02963792500348117,0.02237404081396588
2023-01-06,0.036794177918374915,0.035611152390083056,0.019135423970377374,0.01178536488214732,0.012086587320843112
2023-01-09,0.004088998442212111,0.01486987397850048,-0.004132024285400493,0.009736517564365554,-0.018637195204772583
2023-01-10,0.004456359148370392,0.028731709234134817,0.008953963721052727,0.00761699455810283,0.014934789010260685
2023-01-11,0.02111228581112723,0.058083825879343465,0.007431439005179286,0.030238207780501458,0.011626949179229129
2023-01-12,-0.0005993028261706002,0.0018929468094222024,-0.0010026450924230934,0.011621295685742217,0.01661132270644594
2023-01-13,0.010118935914492422,0.029915043601747016,0.025234765374548607,0.0030187039935714033,-0.0006181901067178197
2023-01-17,0.008756613646851319,-0.02109661268732821,-0.015453358465522316,0.0046819871357903775,-0.001944400916115585
2023-01-18,-0.00537020714096792,-0.006142675153973931,-0.030042618967819568,-0.018889188421347125,-0.020543656195797122
2023-01-19,0.0004439604210146886,-0.01864654092151996,-0.013326616341305497,-0.016453958759389264,0.006418881471213167
2023-01-20,0.01922063893663961,0.03810845093076898,0.0024490469289879524,0.03574360283243694,0.01823590154896526
2023-01-23,0.02350039427734596,0.002776315095798454,0.01621264199623096,0.009824316730195903,-0.005205200542031441
2023-01-24,0.010063162496575684,-0.012305137300550828,0.008596224698131927,-0.0022261227657510707,0.009311826949917057
2023-01-25,-0.004700751647344403,0.008928577793566816,0.004838995633626109,-0.005908106215863573,-0.0052719524623634495
2023-01-26,0.014803527604406508,0.02099198301215366,0.006181787399017091,0.030713658119459364,0.0401907809141957
2023-01-27,0.013684041998386576,0.03043737760442866,0.0024293291960253427,0.0006451390805359836,-0.018257574186735792
2023-01-30,-0.02007789094820256,-0.01652968356145279,-0.0084808087899777,-0.021961642394196068,-0.017731984583829297
2023-01-31,0.009020879723124153,0.025658817736008643,0.005965444930198016,0.0210127210233515,0.02157445650724532
2023-02-01,0.00790044394385414,0.019586971068148662,-0.0026435833039556433,0.019934576288263228,-0.010947275664780043
2023-02-02,0.03706266776109857,0.07379935352944922,-0.00465645533514103,0.046884280454446925,-0.03128810389563519
2023-02-03,0.024400029328146555,-0.08431497620839845,0.015474368612689027,-0.02362057997266409,0.006927508477740485
2023-02-06,-0.01792867373452811,-0.011703250716856073,0.00588257430680339,-0.006115646268439412,-0.0016975668285882373
2023-02-07,0.01924447371497262,-0.0006850625818668465,0.01219004356234299,0.04202169916675724,0.028550937963797374
2023-02-08,-0.017652684548761677,-0.02017429777965274,-0.007030863095125017,-0.003101884683179512,-0.00870179433355156
2023-02-09,-0.006911626421516104,-0.01809100582487666,-0.015563599070834044,-0.011659625538105511,0.003774660679681352
2023-02-10,0.00245624188608895,-0.006412838631079665,0.004415135851828955,-0.001972408703409201,0.042151281235607296
2023-02-13,0.018806749349217222,0.019772567289289666,0.010848237609967892,0.031242750424322452,-0.003889795240744065
2023-02-14,-0.004224966674310382,0.0016073541414833858,0.004418744330388025,0.003132724242730811,-0.011714809127103432
2023-02-15,0.013903581790625008,0.014643999584324163,0.0041896602069142475,-0.007992903310259591,-0.003006424340049163
2023-02-16,-0.010429528823744594,-0.02975486385196624,-0.013768930784506028,-0.0266226126300092,-0.0029291078013028438
2023-02-17,-0.007546612453575241,-0.009679109147912035,0.0029617199389042614,-0.015601725723738968,-0.03845150499049366
2023-02-21,-0.026679759829910887,-0.02695468312187932,-0.018349395183375306,-0.020886589454786608,-0.0009885680659275087
2023-02-22,0.0028959530080239215,0.012793392483054111,-0.00766317474348388,-0.004591010052005462,-0.012953136418138111
2023-02-23,0.0032904037492857974,0.000313172345862478,0.008011000621823028,0.012961745381766754,0.00920436644613254
2023-02-24,-0.018004964674828372,-0.024212061179431754,0.009021103401444464,-0.021784337667206444,9.038538425820697e-05
2023-02-27,0.00824725355801803,0.0027807715104863906,0.008728015939412304,0.0037719062147216764,-0.0018058434552207236
2023-02-28,-0.0034477704760055294,0.005012811540044737,0.008370925609470836,-0.0029582628891732243,-0.005789261793412548
2023-03-01,-0.01424591728303981,-0.02186145722806776,-0.005580751978809584,-0.012629193358825175,0.008916399870339209
2023-03-02,0.004129099925370694,-0.00043399062951077205,-0.010382320779447451,0.019653121175778887,0.004599094728163333
2023-03-03,0.03508986170070538,0.030066258059702422,0.018359472235670138,0.0166460893372542,0.012656997107740597
2023-03-06,0.01853966070021329,-0.012118034851298809,-0.005846996435592278,0.006188968925591398,0.008864641432259512
2023-03-07,-0.014496353531989192,-0.0021333007812499583,-0.02940750343012266,-0.010589060124445493,-0.01933063944419744
2023-03-08,0.008376998376421474,0.003955051898638651,-0.0059156188015407896,-0.0017705050070715433,-0.01460432071370299
2023-03-09,-0.014914642970576986,-0.017781071140368643,-0.05413655410981677,-0.0054395043610123706,-0.007728685331730212
2023-03-10,-0.013878563904550445,-0.0164769283801236,0.02539504653604352,-0.014782731225967405,-0.012370509905752392
2023-03-13,0.013265725643536452,0.01873687738723384,-0.017957003067213817,0.021440752230060145,-0.011504944666683392
2023-03-14,0.014089260876770426,0.0265065123894086,0.0256759276371592,0.027055926518049445,0.0037543248270932583
2023-03-15,0.002621503565173766,0.01391230747297123,-0.047244064496652416,0.017830381348491464,-0.04974731975104607
2023-03-16,0.018694210003924683,0.03991688242309577,0.0194136262988005,0.04053672558397858,-0.005806021029511332
2023-03-17,-0.005454031478815402,-0.010895681300578386,-0.03778193994199863,0.011694329793410008,-0.011778758368708564
2023-03-20,0.015483857025543557,-0.012531560404374087,0.010571511906254383,-0.025766806706181256,0.02614172420718952
2023-03-21,0.011944199122990495,0.029679680207260972,0.026820847510680368,0.005693811747484956,0.04480237566904899
2023-03-22,-0.009103626934429454,-0.018984232685839597,-0.025813921135912854,-0.005442518553415598,-0.022888678583167232
2023-03-23,0.00696946925801134,0.00010133876939955044,-0.0026733728912666788,0.019721666462384713,-0.011281729531731566
2023-03-24,0.008305810086032261,-0.005875816395847999,-0.015216040904381778,0.010480446922325415,0.0011602635925462845
2023-03-27,-0.01229352570784692,-0.0009171134251457769,0.028660821433478034,-0.014933959814108388,0.02192583993917685
2023-03-28,-0.003980426962932326,-0.00815996577200262,0.003035139585203739,-0.004160840748138717,0.012476453795054132
2023-03-29,0.019790839466236054,0.0309543624265336,0.0020174533230901126,0.019183916007885493,0.017177026233977433
2023-03-30,0.009889882208050649,0.0174563591022443,-0.003020055079277606,0.01261988883208387,0.004864046299044578
2023-03-31,0.015644244351344927,0.012647067799287592,0.012116428350872344,0.014962135559313472,0.0015527643091304277
2023-04-03,0.007701635901720794,-0.008519675143944028,-0.0011510232498953554,-0.0037114772262525353,0.05900046793358804
2023-04-04,-0.0032496907978278866,0.015037527888523972,-0.01336810714818315,-0.00017429087312081926,-0.00955819996941687
2023-04-05,-0.011290127322667987,-0.027417013542964663,0.0014909947830639148,-0.009889126875509913,0.01712748902435246
2023-04-06,0.00549579534156619,0.009495540049077267,-0.0010970970430272953,0.025532792717460673,-0.016582554223470214
2023-04-10,-0.015972147206249288,0.0010778033801970288,0.003294841585661956,-0.007578720591917887,-0.004432948390329594
2023-04-11,-0.0075913180006920156,-0.022022120390757682,0.004926224374582899,-0.022668404803874775,0.007071523166530591
2023-04-12,-0.004353181832691622,-0.020916697119598093,-0.00015560016618632044,0.0023336358416832237,-0.0010400155464175276
2023-04-13,0.03410354726794451,0.046713683014299345,0.0038133401449598203,0.022399296825702297,0.004686094111393091
2023-04-14,-0.002113871626884034,0.001074224694457282,0.07550981394427136,-0.012765473904298719,0.002418761733627317
2023-04-17,0.00012099222636674511,0.0022436418178335416,0.007928702952827216,0.009295732528804557,-0.011632936078134426
2023-04-18,0.0075046462339367626,-0.004282604839014548,0.011228028004812707,-0.0014885159447156626,0.01952925809288031
2023-04-19,0.006968160735147277,0.019550341547772243,-0.0012731304023748669,0.0002772625560019115,-0.003164021951999385
2023-04-20,-0.005846176589409335,-0.0046980391066805405,-0.002903030191746425,-0.008112221823377341,-0.007978167828720184
2023-04-21,-0.009781012008262424,0.03034391291745231,-0.0019175222982481532,-0.0012234962589628973,0.0031995175993460023
2023-04-24,0.001878619791918723,-0.007011967150520215,0.001351921031089498,-0.013962748076587705,0.018877705938107114
2023-04-25,-0.00943570370406499,-0.03427172037496595,-0.02174380786260255,-0.022536030965919385,-0.014213128619581683
2023-04-26,-6.0980708033397946e-05,0.023496184744855597,-0.01772350105710263,0.07243495457881832,-0.009182968106184353
2023-04-27,0.028395163556161007,0.046103983455159314,0.013458543974526727,0.032027637951081545,0.011953339450395895
2023-04-28,0.007541026054684652,-0.039792412663683385,0.008683026338754729,0.007971530556710515,0.012924659045187248
2023-05-01,-0.0005303503812846833,-0.032242712137328766,0.021411983791959965,-0.0055328482622641895,-0.03101238365273329
2023-05-02,-0.006191374924332638,0.015482549283793778,-0.016147222349753076,-0.0004907878474318395,-0.03985358071362044
2023-05-03,-0.006467518273998607,0.00019303553981586674,-0.021163340150302523,-0.003307178336312999,-0.019709211441010788
2023-05-04,-0.00991348413875881,0.0033767339022539034,-0.013678380253841604,0.003318152056912105,-0.01751141164728587
2023-05-05,0.04692724909816448,0.015961573674128537,0.01953479288533244,0.017157252165235892,0.024896431741844305
2023-05-08,-0.00040321024327349964,0.0016089169321718,0.0024132753548740116,-0.006438265732367721,0.003956458239153582
2023-05-09,-0.009971524358922679,0.00746481056277859,-0.004815290153649343,-0.005345838222819532,0.0002748930659695059
2023-05-10,0.010421252160862426,0.03348339526223332,0.0005132511682299778,0.0172965453091265,-0.012827615748150056
2023-05-11,0.0010945290701560584,0.01805969525073481,-0.0031504382042009116,-0.007044419241923672,-0.018098993008973663
2023-05-12,-0.005417573537536247,-0.01711533396079623,-0.0143330582558997,-0.003676110249726472,-9.453364843470258e-05
2023-05-15,-0.0028971843693291754,0.008525256609829501,0.008426479160549949,0.001586161814291387,0.0019071214607542242
2023-05-16,0.0,0.01978421437062372,-0.0067292113063371906,0.007367458772040925,-0.024269614701567743
2023-05-17,0.003603091017400084,0.018518504813616277,0.030747372981733134,0.009451524037372705,0.022434505237808988
2023-05-18,0.013665995655405272,0.022943736154795724,0.007583906253445072,0.014395006916066322,0.009063332298915316
2023-05-19,0.0006283770956150292,-0.01608126535201726,-0.0022940000000000182,-0.0005652041387249618,0.004632733947045109
2023-05-22,-0.0054806789071530915,-0.010666648290490577,-0.00826260146658786,0.008921157215806108,-0.012139907668735406
2023-05-23,-0.015154992953047453,-0.00017393506729301844,-0.010432284675099823,-0.01843168476608481,0.013622833505701148
2023-05-24,0.0016321010749065223,0.015305697616548875,-0.009151728587752261,-0.004472684922419479,0.011184045140186782
2023-05-25,0.006692327151079702,-0.01498929336188437,0.0024384216232709033,0.0384577834576314,-0.0179383271284278
2023-05-26,0.01410466667263477,0.04443478791610045,0.009361128532220153,0.02138575661899611,-0.006530258360717522
2023-05-30,0.0106597139066118,0.01290486257498391,0.003797092203736696,-0.005046830654658829,-0.008859774657987707
2023-05-31,-0.0002822076833683962,-0.00887721353399118,-0.012731056074779201,-0.008514213917876434,-0.01787786228027166
2023-06-01,0.01602275562774902,0.01816217265513176,0.013779545651335878,0.012759092369915903,0.011548330841638865
2023-06-02,0.004775144449173041,0.01205508998453797,0.02100593438253462,0.00847933032657866,0.02321979479046865
2023-06-05,-0.0075710920632333645,0.008450728786783213,-0.009824274851167214,0.0016099958035407091,-0.0044439924755200755
2023-06-06,-0.0020601501762381735,0.010454888481148839,0.0017977542938552027,-0.006727485994691307,0.008167805426429586
2023-06-07,-0.0077561588171531914,-0.04249267220189956,0.009688284944125325,-0.030867758955564262,0.022421093625674793
2023-06-08,0.015464884026650694,0.024911297199049942,0.00028428079990572286,0.005813610800402991,-0.0031327173070879732
2023-06-09,0.0021599166804744385,-0.006599595129369917,0.0019896332886955026,0.0047039125497969625,-0.007394392912291936
2023-06-12,0.015638717755905862,0.025439515368102628,-7.087982227205192e-05,0.015484024455698187,-0.009032503051713547
2023-06-13,-0.002611706792855939,0.0007111003199982147,0.007234328192649464,0.007352712323609456,0.00018800623890369295
2023-06-14,0.0034913942218135485,-0.001894879884926648,-0.003732109080756718,0.009123735465975003,-0.012025591795313484
2023-06-15,0.011198615170873172,0.005458016543269828,0.011308213095632569,0.0318966287477056,0.006941744782854586
2023-06-16,-0.0058598229773162425,-0.012744888197649074,0.0011879000503167703,-0.016575873219331738,-0.007177269958325017
2023-06-20,0.00048663980698537834,0.002310948445805039,-0.0050954828811754505,-0.012502477693444813,-0.022923896770965846
2023-06-21,-0.0056753725093603435,-0.00755284590127181,-0.0014734084661111035,-0.013282016360756987,0.011195659180195827
2023-06-22,0.016525440779158185,0.04261789623803569,-0.01925233996196185,0.018437538353675453,-0.005487798798635368
2023-06-23,-0.001711332599333315,-0.006300361919969633,-0.005230058615786959,-0.013806025566516111,-0.008712521469041667
2023-06-26,-0.007552809190093157,-0.01546431587167707,0.0024487036361777736,-0.019162960509751747,0.018456978646370414
2023-06-27,0.015058920450266466,0.014529104045574393,7.180662158456919e-05,0.018167974325725478,0.0024931846630928955
2023-06-28,0.006327738531977545,-0.001083754432466999,-0.0043822474236066,0.003825847375098501,0.008130053576804519
2023-06-29,0.0017966272896852153,-0.008834406537251538,0.03492322624101307,-0.0023822626136299485,0.012333914649175215
2023-06-30,0.023102548536948486,0.019233769000189582,0.014013790092137324,0.016386093515996958,0.0051547343140752044
2023-07-03,-0.007784778979915141,-0.0010739443770555468,0.00804451758622493,-0.007488324193814511,0.001958115327452381
2023-07-05,-0.005871438273055252,0.0012287180203460757,-0.006661647203373144,0.0004733802768774886,-0.005118435103004582
2023-07-06,0.002508864839226854,-0.015493205988729275,-0.009886500762476547,0.009226547733389712,-0.03732092838310441
2023-07-07,-0.005891335103129003,0.011062622017709689,0.007890292563634826,-0.011867320571639528,0.002331724634958121
2023-07-10,-0.010855828429376824,-0.020419182854096718,0.0056117741784307285,-0.015983643340321874,0.014831512116617374
2023-07-11,-0.002810002406532619,0.012978852839820476,0.015639184440568554,0.0019287662818943119,0.01222644872702272
2023-07-12,0.008985498296641747,0.01568569880112225,0.004951642868728623,0.01422669839661106,0.0049071573204517716
2023-07-13,0.0040574478007842085,0.026758409161619312,0.004860241246202213,0.016192228342998938,-0.018311820758854513
2023-07-14,0.00078730647719083,0.002829408900884234,0.0060452873736893675,0.007529408884817679,-0.03443647489152357
2023-07-17,0.017305573491819715,-0.008315972513331604,0.024103757295985906,0.0014193282849390698,0.004358920839750535
2023-07-18,-0.0013402510050884997,-0.005465676406731013,0.001825839308499999,0.03979983751916727,-0.004537272172443929
2023-07-19,0.007071800097985914,0.019046892602732513,0.0038393567480985435,-0.01226734009735797,0.006936223650820139
2023-07-20,-0.010097363665032444,-0.03989357175040831,0.012317592584569326,-0.023121538607045244,0.017614799462116082
2023-07-21,-0.0061617839336726155,0.00030773533446226686,-0.007684873023705241,-0.00893712243912781,0.004641680047498653
2023-07-24,0.004219976778186751,-0.009230745755709147,0.019683494176824246,0.0038978102176490115,0.015689481290322105
2023-07-25,0.00451365162691908,0.002562125956798944,-0.007468105728099306,0.017008973451480003,0.0015164760606987127
2023-07-26,0.0045451982405633196,-0.007589335934878205,0.005994097888735395,-0.0376373633478192,-0.005582970886557126
2023-07-27,-0.006581211817836663,0.0007803832093540297,-0.011029243489240725,-0.02087213751722472,0.003140110392953588
2023-07-28,0.013508097075948022,0.030877245332297854,0.005704310070586915,0.02313126895764217,-0.011952077028987707
2023-07-31,0.0031659293337054084,0.011118568090654923,0.006691746084708461,-0.00724054207775382,0.029569832884835057
2023-08-01,-0.004275946976460165,-0.014886223394710907,-0.004937929423302512,0.0012503737378282143,-0.0057814911387013
2023-08-02,-0.015490087851133816,-0.026425663778747666,-0.011324735293840038,-0.02628284518143187,-0.012474145883655252
2023-08-03,-0.007321658511253104,0.005459768439170398,0.006113482428812045,-0.0025651366572468914,0.017380460457803837
2023-08-04,-0.04801988423007619,0.08269337801006271,-0.0021106884382625646,0.0034287863795949836,0.00280055575274063
2023-08-07,-0.017253682563486916,0.01898684357254843,0.004742743984074149,0.007108280899461139,-0.0020480264048977626
2023-08-08,0.005311667007962928,-0.016031491771390738,-0.005613540291321439,-0.01229895295016914,0.0049442124113279196
2023-08-09,-0.008954433290699337,-0.01493494570121734,-0.013407931053052269,-0.011716027326869827,0.016986805917575287
2023-08-10,-0.0012347819512213976,0.005150463718840648,-0.0014954842417189695,0.002172623314439459,0.005111365965311476
2023-08-11,0.0003377920667941847,-0.0010825194798443905,0.005795905534477841,-0.005945769603390549,0.015528690757211194
2023-08-14,0.009393137307860844,0.015605834874352187,0.0020719610990966864,0.009439268656310507,0.0008046062340587579
2023-08-15,-0.011200309130944941,-0.020630355012962953,-0.025457291723383957,-0.006727760691309426,-0.025673228744793386
2023-08-16,-0.004959136927852104,-0.018885675014943426,-0.0042431627037410324,-0.0024286317744969255,-0.016827243995154673
2023-08-17,-0.014555140667578015,-0.008069975106044458,-0.01038667336790966,-0.010986009484926451,0.019372159361727093
2023-08-18,0.00281599332758109,-0.005672447612115605,0.002287545788751011,-0.0012623828442092089,0.015128985745438639
2023-08-21,0.007736926421026746,0.01095925117625085,0.003423213757192123,0.017062525091077863,-0.012086502216069106
2023-08-22,0.00790487727031386,-0.0031926989840012077,-0.020738549531543637,0.0018019635202086715,-0.0056111675935999195
2023-08-23,0.021948877953023915,0.009459994580714559,0.006763346886826005,0.014079353184462962,-0.008788216392333292
2023-08-24,-0.026170473230499147,-0.027154721211281152,-0.0009502054096119927,-0.02149855290119862,-0.007466197339036196
2023-08-25,0.012643066813058823,0.010770617478674804,-0.001222459239918594,0.009407187589130395,0.017865656306719435
2023-08-28,0.008846255751490562,-0.0009004586682715976,0.003468354177820432,0.002229238170692094,0.008406354855821085
2023-08-29,0.021810182118857213,0.013294308852149106,0.008132126201001677,0.01455058897630268,0.005954483679932565
2023-08-30,0.019172371679728517,0.0011860029483812262,-0.004033209302295004,0.0011570071877859966,0.009744199990492364
2023-08-31,0.0011723526525786454,0.021766395374215985,-0.012351493508565237,-0.0031327341124812724,0.0027958193089294703
2023-09-01,0.008463406077043878,0.0007970481467276525,0.003348742770595381,0.0027459807263923164,0.020955124989351592
2023-09-05,0.0012666970266903554,-0.006154002858205887,-0.011034073749076057,0.014878556283607125,8.803769467036204e-05
2023-09-06,-0.0357935011576862,-0.013914209970579572,-0.0016528827278357028,-0.0020085898090870247,0.008632051739952296
2023-09-07,-0.029249213509442318,0.018395430569861038,-0.008554032907063469,-0.008922066532741413,-0.00489042893676328
2023-09-08,0.0034916817252281795,0.0027565441218631026,0.0007652024009685565,0.013215358993506454,0.014567903442096686
2023-09-11,0.006622472871296026,0.035231212663680456,0.0043804287885955695,0.010979396474697145,-0.012542046910762772
2023-09-12,-0.01706057317000409,-0.013067856717097759,0.013013790982970619,-0.018257624263968708,0.02916937952673959
2023-09-13,-0.011854843583837704,0.025632022130484877,0.00047850236778468336,0.012930588541964383,-0.008936835602871618
2023-09-14,0.008782591944548779,-0.0008975138235036706,0.019397464437870493,0.007855763541963379,0.01786318576463697
2023-09-15,-0.004154140196555578,-0.029919857618376344,-0.002947946943289259,-0.025036871136645322,-0.015356069605449107
2023-09-18,0.016913422178454818,-0.0029204620264398073,0.002083125902495375,-0.003512905923789167,0.008054946733358603
2023-09-19,0.006180940294735926,-0.016788047695762587,-0.0012745165445036122,-0.0012460289234748068,-0.002635233385272162
2023-09-20,-0.01999201134820372,-0.01700219075536713,-0.004229877791248171,-0.02397673306285253,-0.007926445047019559
2023-09-21,-0.008889671052648929,-0.04405345369833069,-0.007822045954066548,-0.0038657537815801613,-0.014089051805656116
2023-09-22,0.004944710224384918,-0.0016238050792075631,-0.009582820248204005,-0.007886722552496006,0.001568289215539087
2023-09-25,0.007380349357535065,0.01665124873434287,0.004940838895701072,0.001671912616802329,0.01122344296585398
2023-09-26,-0.023398525978761353,-0.040298626825268746,-0.01037901842909339,-0.017005766290266733,0.001548382105498236
2023-09-27,-0.008897416293984883,0.0,0.0058649219007620434,0.002082523690920768,0.03255739305359051
2023-09-28,0.001525555089443964,0.0,0.012415951597422703,0.0027175408092932063,-0.006073163896202716
2023-09-29,0.0030464626323143396,0.009049050319664742,-0.017412835323091902,0.006727342234279732,-0.015819814402813548
2023-10-02,0.014835574341502067,0.01840783446134786,-0.008619616069718505,0.01916068809095406,-0.01658459165728554
2023-10-03,-0.007769876920428631,-0.03661366636292884,-0.007373182652874122,-0.026134043466542467,0.0017298619299745965
2023-10-04,0.007308726435468316,0.018280939360016735,0.004484707507182106,0.017773305937553774,-0.0373826171168411
2023-10-05,0.007197811259807896,-0.008188983586829512,0.004216577175881309,0.001253954839021132,-0.022511010015750288
2023-10-06,0.01475075051284569,0.015878056641289273,0.015395298979568706,0.02473718362159727,-0.016698944675210048
2023-10-09,0.008450989185713853,0.0023444468936362206,-0.002274404265210528,0.007822401472002971,0.034991336483441104
2023-10-10,-0.0033520673890310437,0.009511938819224852,0.006078531370669271,-0.004335616590776414,-0.004237494627699401
2023-10-11,0.007903887288006395,0.01814956889912689,0.003433051387567998,0.012272003591258462,-0.03585315186885307
2023-10-12,0.005061272334176969,0.0037927633547389927,-0.0023263728511524473,-0.003790593146791754,-0.00018785722819036899
2023-10-13,-0.010292708471420275,-0.019194502454286222,0.015019581084309674,-0.010357340508085011,0.03193397950121013
2023-10-16,-0.0007269535113791914,0.021265196921155027,-0.0010134634298226697,0.014981767392641787,0.0007279290330881594
2023-10-17,-0.008784736698460582,-0.008147882355257097,-0.0021643581420117686,-0.0017437685531265235,0.013096943926447446
2023-10-18,-0.007394820064121732,-0.025405007278304192,-0.01098082268703926,-0.005872408418269304,0.014004814405331967
2023-10-19,-0.002161112654637365,0.002107149015711185,-0.0042492063372369104,0.003665645519854266,0.0006197465688260184
2023-10-20,-0.014704071580116773,-0.02515573116103942,-0.016105814152134967,-0.014034853872459285,-0.017165078342232576
2023-10-23,0.0006940001459923018,0.011104892625885654,-0.013641026012519153,0.008112169133295932,-0.014674078644378197
2023-10-24,0.002543170609390133,0.015802781594350668,0.0012057288818714262,0.0036741540085181157,-0.009684860852724353
2023-10-25,-0.013491451847139846,-0.055771610960691276,-0.005454605055189021,0.030678251226478936,0.0018454094226882933
2023-10-26,-0.02460534001038006,-0.01499299533713827,0.002564206580318862,-0.037514474995102076,-0.009117085770434685
2023-10-27,0.00796888174613164,0.06832816082460003,-0.036018814175417635,0.005855648617266729,-0.019051957016016807
2023-10-30,0.012305483341248813,0.03890722509168976,0.012749616744748726,0.022740493859544797,0.0031264512903292907
2023-10-31,0.002818948748260608,0.002863308000901066,0.011934216219875893,0.0023716618355036356,-0.00028332977613843013
2023-11-01,0.018738322678638397,0.02937864429857373,-0.0008631270004463287,0.02354254290463853,-0.0019840296076428787
2023-11-02,0.020693563513687785,0.007810272439553012,0.017849718769746614,0.0065016025000317335,0.032847355842609005
2023-11-03,-0.005181269533401811,0.0038386235328597973,0.011172642968320545,0.012861554408233555,-0.012189445547060473
2023-11-06,0.01460510552732841,0.008225103459209127,0.0075520724014095375,0.010572788777316156,-0.017721189308807173
2023-11-07,0.014450780765311366,0.02125376487729147,-0.0004857049454196627,0.011219133716540597,-0.015679644098482104
2023-11-08,0.005884962707361829,-0.004414580990635519,0.004930418871003539,0.007405912255229685,-0.012283001558118789
2023-11-09,-0.0026244865943758633,-0.010416636461610618,-0.002971330949649742,-0.006911102187038054,0.000291613705173388
2023-11-10,0.023219960838990028,0.021052569890351647,0.014831068215490184,0.02489695505109224,0.007672969737768209
2023-11-13,-0.008583640489686961,-0.006756765374750118,-0.004438982826290183,-0.008088457321255293,0.010505765401617406
2023-11-14,0.014285704734187776,0.02251214528584833,0.018246770767651466,0.009790560620217992,0.0038502468171799364
2023-11-15,0.003041007624437153,-0.017832688951265996,0.008757640848977566,0.000406146262421192,-0.006040701856787067
2023-11-16,0.009042213453281711,-0.0025837648398919777,0.01141987871916772,0.017583167160617696,-0.011576367208816496
2023-11-17,-0.00010551094407384998,0.016453061783939793,0.009045976457662253,-0.016801079222440785,0.02439983274344315
2023-11-20,0.009278126396885078,0.0065436854591447435,0.003075255401310928,0.020522046243014236,-0.004382767874985594
2023-11-21,-0.004230726970600118,-0.015260459261028925,-0.0020873380228333405,-0.011577996826441561,-0.0003828330475857955
2023-11-22,0.0035144575206353945,0.019527539517508297,0.0023533919031641926,0.01281251796272298,-0.004307662620393948
2023-11-24,-0.007004379462808408,0.0002044767086364363,0.001369527207085719,-0.0011117263079467588,0.005384109529087855
2023-11-27,-0.0009475672927250489,0.006746559883569869,-0.0022796343775018935,0.0031264888066515617,-0.0058334371888821845
2023-11-28,0.0032140425379894033,-0.00473835354015173,0.002284842984115576,0.010802940980343179,-0.0005771119379669454
2023-11-29,-0.005409580557957039,-0.0048288883967405605,0.005080069101417006,-0.010060193710914933,-0.015014538513610676
2023-11-30,0.003062701705479176,-0.001571972217158657,0.011404938868860848,0.00015821076866573414,0.003908560728743682
2023-12-01,0.0067913299555022455,0.006434406632690459,0.004869160679606965,-0.011612133167223204,0.0024333091469572743
2023-12-04,-0.009464675993967497,-0.014894936132684111,0.00733257059853365,-0.014338728257022204,-0.005437433505461997
2023-12-05,0.021063350181610874,0.014084566393959497,-0.00012689125839049353,0.00915635162788253,-0.019427806882481025
2023-12-06,-0.005687082008934752,-0.016067541747663228,-0.01050811392819051,-0.009985955837656713,-0.01324176543027844
2023-12-07,0.010139355912866854,0.016329923474831087,0.0030707723750771354,0.005829582352010032,-0.006962025050056719
2023-12-08,0.0074123518314714865,0.0036764247561378305,0.011033940719503255,0.008842375240038614,0.011481468828438146
2023-12-11,-0.012927370291465179,-0.010378502226973785,0.003658663179348043,-0.00782962556206257,0.0007032496149768086
2023-12-12,0.007920286887637795,0.010898597193382598,0.00892517084288258,0.008295275788517964,-0.015759861502496197
2023-12-13,0.016691442940522938,0.009221593773735215,0.0033642033642033997,-2.6724923113841115e-05,0.00887281177076038
2023-12-14,0.0007575730978068851,-0.00954043404920335,0.01819208358448865,-0.02254444885616358,0.026890394687489882
2023-12-15,-0.002725744340726255,0.01729753821347546,0.0075613581495723725,0.013117198838618727,-0.006694094320685018
2023-12-18,-0.008503288619942873,0.027338841569267247,0.006052066258384059,0.005179013527398357,0.007433213002061567
2023-12-19,0.005360153866313722,-0.0018174467759756174,0.013355012366256913,0.0016369519721755044,0.013182305541786787
2023-12-20,-0.010713970337855261,-0.01085895208954335,-0.011279234758312717,-0.007072708154632568,-0.016700503456764104
2023-12-21,-0.0007698231238029152,0.011306871390431628,0.005703905035693513,0.007878556476822451,0.004542216380468256
2023-12-22,-0.005547615505905434,-0.0027300973670256745,-0.0005969854552897447,0.002783889703796838,0.001769288052856366
2023-12-26,-0.0028409371941551242,-6.514474615582078e-05,0.005913976364005924,0.00021385169875642873,0.002257050632713531
2023-12-27,0.0005179474719338995,-0.0004563413242133496,0.005997972905970261,-0.0015749264324418366,-0.004699570713782908
2023-12-28,0.002226325026021936,0.0002609139551152939,0.005312988654499806,0.003234896048457392,-0.014459915915509769
2023-12-29,-0.005424196760513422,-0.009388462612883952,-0.0011744349985239877,0.0020250601820444025,-0.0020960223042755244
2024-01-02,-0.03578644963109878,-0.013228970207501023,0.011640016361163186,-0.013748497867880016,0.023804898320911816
2024-01-03,-0.007487624761160272,-0.00973782115920796,-0.004358223191426758,-0.0007279818070101696,0.008401562662126993
2024-01-04,-0.012700124597973761,-0.026267891590348702,0.0066361196888991,-0.00717763610675104,-0.008719306581042807
2024-01-05,-0.004013139344413275,0.00463442024626004,0.005017268997257407,-0.0005164068889831341,0.0030299042201922255
2024-01-08,0.02417500469277689,0.026576703830634596,-0.0014511132591797926,0.018871557850037357,-0.016661935310162357
2024-01-09,-0.0022635363971159617,0.015224607114340927,-0.007906107552454356,0.0029357287446867275,-0.012385958777128336
2024-01-10,0.0056714704887910194,0.015590940651907248,0.0021094293073098402,0.018574134759043126,-0.009832385118701548
2024-01-11,-0.0032224332519077414,0.009432101662268044,-0.004209977963719802,0.004859355156445533,-0.00020289675699969312
2024-01-12,0.001777914036807715,-0.0036086969005325598,-0.007340063416652165,0.009983621703240741,0.012972553659326147
2024-01-16,-0.012316978012315127,-0.009442449238027617,-0.006270504684447564,0.004633680779824845,-0.022611180436760803
2024-01-17,-0.005173589134882417,-0.009467203666572499,-0.005357295850259125,-0.002049906154119041,-0.00726777032489534
2024-01-18,0.03257066292500954,0.011798781932089941,0.0019750054642042603,0.011297362852263904,-0.0018561181914121816
2024-01-19,0.015533084525156005,0.011986946826648914,0.017262050671644102,0.012186703674631705,0.0015495409211365718
2024-01-22,0.012163318717086646,-0.003604979862209201,-0.0011746282193099145,-0.005417825040770263,-0.0013408634882037251
2024-01-23,0.006653164698127378,0.008011406531487353,-0.006583668497643025,0.00602746897712958,0.01125791855827507
2024-01-24,-0.003483828400283717,0.005447960655367012,0.008935336359073842,0.009175150651233865,0.0172609109050339
2024-01-25,-0.0016968653214296525,0.005609771850602074,0.014310817768695472,0.005738283717991566,0.025401528898336467
2024-01-26,-0.009012673709490104,0.008684596622424712,-0.003816487956996628,-0.0023218033804607296,0.008518515220550471
2024-01-29,-0.0035858919652421717,0.01344896590822775,0.0026122260768024486,0.014334324666747333,0.001262023037509552
2024-01-30,-0.019245729233049014,-0.014014601164705653,0.02049451311647732,-0.0027579909009274317,0.01667807635695895
2024-01-31,-0.019357604302011056,-0.023899390262627773,-0.01083576319132129,-0.02694643347815695,-0.01945644435387206
2024-02-01,0.01334067157656671,0.026288672108771616,-0.0036133043976304124,0.015594501107201175,-0.004084971828731909
2024-02-02,-0.005405107402477793,0.07866649218561839,0.005756044035995389,0.018425716524979707,-0.004102216181080642
2024-02-05,0.009846538270943395,-0.008730574595861018,-0.001316375954321991,-0.0135450848577362,-0.004118786391927087
2024-02-06,0.008631751018462586,-0.00681113075414308,0.0034385346268879236,-0.00039432952301798885,0.006893254016669292
2024-02-07,0.0005811592147799693,0.008158468416245013,0.0018845664477740165,0.021110332526632414,-0.0002933408924711278
2024-02-08,-0.00575448065630646,-0.004046223223746481,-0.0035912661199970497,0.00014491121496873482,0.017119810678799086
2024-02-09,0.004093794107974169,0.02714319777292107,0.0012014032655096596,0.01555134943222991,-0.02116002070052614
2024-02-12,-0.009002037571491872,-0.012095159915523457,0.004456829682818242,-0.012578659236385126,0.013756541838210179
2024-02-13,-0.011274319831029889,-0.021469171561243172,-0.00870331581155892,-0.021528855346433118,-0.008608859732453622
2024-02-14,-0.004809851279655164,0.013875689909627953,0.010157054882278027,0.009665394087385204,-0.0049339356248897515
2024-02-15,-0.001574679020624914,-0.006901349311422389,0.021814542224223077,-0.007155073055062355,0.028659299811873318
2024-02-16,-0.008430298333647501,-0.0017079419299743659,-0.004669977748897991,-0.006149153473629654,0.0
2024-02-20,-0.004113961375145969,-0.01433539469369316,0.003909787538298959,-0.003143186053561342,-0.009447734708903588
2024-02-21,0.004186009327296292,0.00903755380828164,0.006509992477870874,-0.0015145245827159481,0.02043798803290109
2024-02-22,0.011243884135513138,0.035530017339574504,0.01199543252958124,0.023546787123321256,-0.0008582611578483723
2024-02-23,-0.010033993528922536,0.0023485144793740087,0.005025450953188626,-0.00318234952728802,-0.008782047422614236
2024-02-26,-0.00745125537105551,-0.0014858549486425066,-0.0034241848998664004,-0.00682355531509149,0.003948460407726451
2024-02-27,0.008114372816685034,-0.006810521779339163,0.0004909627940010708,-0.0001471832799794237,-0.0021103456894361328
2024-02-28,-0.0066255521223050895,-0.0021896371944472026,0.005069477730974992,0.0005889724865710821,0.0027877745719169233
2024-02-29,-0.003693121938747823,0.02078996747858297,0.00911167095416121,0.01451969080739568,0.0019170861241808446
2024-03-01,-0.006030353424640422,0.00825982552183624,-0.004138726195409892,0.004496674108348309,0.01262912783162995
2024-03-04,-0.025381155200586814,-0.003591063770984282,0.007501757492123895,-0.0013957893600282656,-0.013983312592986907
2024-03-05,-0.028441178885380447,-0.01948421375262155,0.010017456120220425,-0.029572018980055237,0.012265108723815032
2024-03-06,-0.005878090819168902,-0.0035033346396604603,0.005197434093680231,-0.001390805754041602,0.01069678650372885
2024-03-07,-0.0007096000218169696,0.019076784751165476,-0.008758533495031195,0.017533548465669346,0.0056197521688132746
2024-03-08,0.01023672290513189,-0.008313545751684748,0.0018629515147265963,-0.00713716273391074,0.009406531171289423
2024-03-11,0.011831629397762944,-0.019332758891648982,0.00037191456371465925,-0.004184841943541628,0.005905125791970445
2024-03-12,0.0027784886386181817,0.019946455814511488,0.008232030769719456,0.02659933162306438,-0.006420723199178857
2024-03-13,-0.012122395600287827,0.0066708374081581034,0.008112043669483482,-0.000433395177364293,0.011170555534696147
2024-03-14,0.010927209742864541,0.012403729449981915,-0.01781787329812956,0.02437966139296721,0.017711942629130784
2024-03-15,-0.002196521391318651,-0.024223786467438835,0.012395587691282017,-0.020695014944477008,-0.0017942674212650944
2024-03-18,0.006372273145878626,0.00034398325434925603,0.01240150435474452,0.0021610430983343143,0.009256919752189008
2024-03-19,0.013585165941419453,0.00813845829732096,0.005865079630062331,0.00980067714528432,0.007034734364375961
2024-03-20,0.014709243473686406,0.012791359170393646,0.013107242371500405,0.009064882960131415,-0.0008841726516686244
2024-03-21,-0.040857484514216225,0.0,0.013904932884699406,0.00973594139792966,0.0044250681677346915
2024-03-22,0.005310181858539265,0.0040415450203241665,-0.012257584334359861,-0.001467359245352351,0.0
2024-03-25,-0.008300545520443459,0.004696213001679439,-0.009154675917716792,-0.0137146560864837,0.010221157094477684
2024-03-26,-0.006672308254989545,-0.007845994154095037,0.004670765317918768,-0.002861445051823397,-0.007501027449114184
2024-03-27,0.02121244401333766,0.008581036192426339,0.019363745965714996,-0.0005216618034800113,0.01036994127102231
2024-03-28,-0.01055906707606935,0.0030584610251771505,0.0039092498225192784,-0.0016848061520597923,0.011046295548658991
2024-04-01,-0.008455849281995387,0.003270852211551434,-0.006789779218570824,0.009150961883316988,0.006452162097985381
2024-04-02,-0.006998601186963493,-0.0015472110151306673,-0.00040207208585041343,-0.007372113019574411,0.019574317264577035
2024-04-03,0.004797377471410957,0.009519072430478781,-0.0028162836280487547,-0.002348942975660906,0.00016764390798384987
2024-04-04,-0.004892490946086792,-0.013212014767422509,-0.007608151606067093,-0.0061125740087850655,0.0035207634688725342
2024-04-05,0.00450190662429284,0.028166707356770848,0.009199987677019239,0.018282689706348387,0.013782101917442668
2024-04-08,-0.006663516390456592,0.0006483768975988902,0.005216406116268946,-0.0021854565038516016,-0.006756196693621042
2024-04-09,0.007242533483851732,0.002591909504893186,-0.006700818668529451,0.003980261945493613,0.00522586905642175
2024-04-10,-0.011139334410950275,0.0015080453603608657,-0.008521368459859069,-0.0070846144734402206,0.00841728608267367
2024-04-11,0.04327082374893498,0.016671181255133227,-0.0002048087524660902,0.011033333450940708,-0.0033550865681605258
2024-04-12,0.008626849943570214,-0.015445639364236818,-0.06467784771935059,-0.014090969367843487,-0.011659446609496249
2024-04-15,-0.021863499407545617,-0.013485250630092094,0.0005470157117886121,-0.019578155663803165,-0.005732336358691081
2024-04-16,-0.019167396507393963,-0.001633742516860992,-0.011427549378898783,0.002272518382698596,-0.008272053808238478
2024-04-17,-0.008147418320685662,-0.011128128209780819,-0.003982057352378887,-0.0066090852521718535,-0.0005053620895691946
2024-04-18,-0.005714278368982861,-0.011363622972558218,0.006496946538115056,-0.018380927070511532,-0.0009274069412044117
2024-04-19,-0.012212581717483295,-0.02561096030926935,0.025103507455438878,-0.01273898339937296,0.011474838250604691
2024-04-22,0.005090761961467738,0.014888568814227066,0.0194294708675824,0.004610140953761777,0.005672330055412456
2024-04-23,0.006391888892878006,0.01303389727631088,0.014413093063344373,0.016485491685674925,0.003898524139452686
2024-04-24,0.012702307014147873,-0.016430862529557833,0.004892343480372929,0.003655723668175348,0.0001652881949940621
2024-04-25,0.005147186724784758,-0.016535467634067658,0.001501918635226529,-0.024495195909392753,0.0023130377039282113
2024-04-26,-0.0034728117581493967,0.034260361668536854,0.00062052019352965,0.018243733112076166,-0.027775451826057562
2024-04-29,0.024808135651531504,0.007460258507441919,-0.001085422843920214,-0.010016539690855364,0.014242121460878554
2024-04-30,-0.01827091459126018,-0.03293549122868411,-0.007967534283062516,-0.03211941699469467,-0.011451090292956989
2024-05-01,-0.006047163072268602,0.02285714285714291,0.0006257952728068172,0.014409380341267264,-0.01893974606097315
2024-05-02,0.0220317025239547,0.031955314082140474,-0.0010423953844275191,0.007342811588174847,0.001809886537269767
2024-05-03,0.0598162462544809,0.008066292135759712,-0.0060002989722163225,0.022169797893760945,-0.002064765831418125
2024-05-06,-0.009106533964616026,0.013371946429286963,0.007821124311691463,0.016918331372380857,0.006465583128554275
2024-05-07,0.003796988571852955,0.0003179520909595279,-0.0013021066448407614,-0.01015613027490092,-0.004967805769429345
2024-05-08,0.0018642936310249159,-0.004026247769404412,0.020339164224482786,0.0029314050162148053,-0.00017213190811815604
2024-05-09,0.010014097359992702,0.007978723404255428,0.009455599638449552,0.004335792889539114,0.019715806059417362
2024-05-10,-0.006890122338867433,-0.01065965315282813,0.006430416554345841,0.005869257082665724,-0.004052616947818666
2024-05-13,0.017645324772822102,-0.004853789332504466,-0.00020132805735317838,-0.002459503373406169,-0.00042383470334439455
2024-05-14,0.0061736051915970425,0.002679959159411549,0.01398872174946586,0.00686459036214071,0.006070388916846525
2024-05-15,0.012217865599862154,-0.005773249525686364,0.0029775097567634745,0.0174839673475069,0.007733522728381459
2024-05-16,0.0006325872306205405,-0.012688857146349708,0.0017812972333886012,-0.004940053224852803,-0.005987526648839725
2024-05-17,0.00015798597178706686,0.005826891232250109,0.011458427350824252,-0.0018526066065778224,0.015016442495302318
2024-05-20,0.006162102239638978,-0.006280474722663021,-0.04497284130853563,0.01220811207160244,-0.008107604818724856
2024-05-21,0.006857242013424081,-0.0021248741632045043,0.020145314458470676,0.008698967619122255,-0.0069099352862953545
2024-05-22,-0.007538347830885028,-0.00010914012742568868,-0.006064736518834546,0.003449448978483982,-0.02011020857414836
2024-05-23,-0.021058057527618468,-0.011358061353112014,-0.007009215255709411,-0.008176064107775383,-0.017059363389292592
2024-05-24,0.016587995524131927,-0.0016570176564539851,0.01924650298849584,0.0074005271877408685,-0.0007928237709876607
2024-05-28,5.2704272435422084e-05,0.007745471073219212,-0.0060286997108840445,0.000371805853812468,0.012696112984792451
2024-05-29,0.001579017864671739,-0.0007136405620595809,-0.006967405780141878,-0.002672326599894026,-0.01070864437366048
2024-05-30,0.00525520292856263,-0.014833517662161122,0.006158179515367568,-0.03378618345929607,0.0031680901976971487
2024-05-31,0.005018437335646997,-0.016060700229647673,0.01655556552817572,0.0011093028811768324,0.02868676690264671
2024-06-03,0.009258811146630075,0.01076849847083472,-0.003997514572299354,-0.0038783327306206594,-0.02396377685704798
2024-06-04,0.0016494280947874085,0.00560726713319748,-0.013180085479043369,0.006166573254220431,-0.015552644509119862
2024-06-05,0.007820772174435664,0.010817455564965828,-0.00954006298228538,0.0190833290415231,0.003994036600600381
2024-06-06,-0.007096473870239595,0.020520748266509736,-0.0017742750302176535,0.001202787813419981,0.007514117966432865
2024-06-07,0.012391985961293761,-0.003783767287795614,0.015438564754151951,-0.0015781615738102994,-0.010704491861839194
2024-06-10,-0.019147685197681508,0.014975553234585881,-0.0017004299210738871,0.009484449517992655,0.0029267119133822295
2024-06-11,0.07264887521608365,0.0009087895389929823,-0.026301277302500092,0.011241746098279215,-0.00804750463471704
2024-06-12,0.028578646007504815,-0.0018159287809064173,-0.014560553548965793,0.01936772252478902,-0.011054565051211274
2024-06-13,0.005490927606728313,-0.016373254687715777,0.011120900897817476,0.001178893642501011,-0.008023041499861883
2024-06-14,-0.008168260573861219,-0.0009247574783878276,0.0006195910137920535,0.002242063846495501,-0.008451425466409646
2024-06-17,0.019671379111911413,0.002177904217078641,0.006192568620633665,0.013105116988220145,-0.006873870274693328
2024-06-18,-0.010984453851472842,-0.006791263808433312,0.01036014428402865,-0.004527458078104174,0.009413035289196348
2024-06-20,-0.021512887942818026,0.017996874289478493,0.008477133416914695,-0.0014338677218063145,0.021576162632134466
2024-06-21,-0.0104444404446572,0.01601287280926522,-0.011929160259835148,0.009154171754330642,-0.008770265181035297
2024-06-24,0.0031327426283069837,-0.0185635417434159,0.013142986759602904,-0.004691196337576087,0.02970396937121489
2024-06-25,0.0044680733909103765,0.004149318226444709,-0.00407280974432378,0.007326878408351556,0.0028056372725062673
2024-06-26,0.019993242086270735,0.03901472799901873,-0.0032312612315407163,0.002683123839033019,0.0003497324238666
2024-06-27,0.003986032812733686,0.0218997235669518,0.00881328536040038,0.0015259906748219532,0.0042828318909824414
2024-06-28,-0.016254244080591285,-0.023249966952787915,0.015514396110539952,-0.013028581930799366,0.0019147270629007451
2024-07-01,0.029104672791112618,0.02043982896891161,0.01577165653339274,0.021881664746381313,-0.0013898157532538091
2024-07-02,0.016240014782386236,0.014198798656638534,0.016451891421609854,0.005583169997058546,-0.0067849953768820415
2024-07-03,0.0058110496240728615,-0.012050018310546862,-0.0006705117096088564,0.0032441703756760365,0.005079702268677044
2024-07-05,0.021620307703774655,0.012196992290986808,-0.013250457292735107,0.014736300215536069,-0.012112293152991782
2024-07-08,0.006538873760357999,-0.0035500335693359197,0.001855597121448671,-0.0028233331511199333,-0.010496495984478882
2024-07-09,0.003774789488225183,0.0002509059834530092,0.011990141547666644,-0.01437011485034867,-0.011053650722852582
2024-07-10,0.018803576440993508,0.002257434315787954,0.000818772652748434,0.014601589121087999,0.008833507385006767
2024-07-11,-0.023220880424717483,-0.023724863074531144,-0.001684333820838546,-0.024772158948120238,0.011883563801650121
2024-07-12,0.013050927412288305,-0.0028710461411536325,-0.012099255559543609,-0.0025291786804532146,0.0001763783486454784
2024-07-15,0.01674341058373141,-0.009100746683474936,0.024934079487255678,0.0009039691311181208,0.017127400387515035
2024-07-16,0.0017918601862743078,0.0015566783408964557,0.016995903040337046,-0.009780619815055513,0.0072042149863984495
2024-07-17,-0.025296029121242625,-0.02637038381521739,0.015213950174990387,-0.013347553074109286,0.0137883221726538
2024-07-18,-0.020534725296646683,-0.022242286163404512,-0.03177026189349408,-0.007102259697870927,0.009860738364850796
2024-07-19,0.0005797375905784996,-0.0033741230867346816,-0.0009524193177109508,-0.007402920152777659,-0.022979886680488115
2024-07-22,-0.0015602709954480876,-0.003167158934036185,0.0023833940058164416,0.013337732589722595,-0.006892414317441253
2024-07-23,0.00468826529850741,0.021144894800451786,0.00023787855279100434,0.004312115767158842,-0.016135939341979877
2024-07-24,-0.028754129437123188,-0.029934025650088625,-0.008272818247915703,-0.035854917982602874,0.014108074684694882
2024-07-25,-0.00480467932515416,-0.005419431054668911,0.00038349117375746644,-0.024481162886191288,0.02104163759833
2024-07-26,0.0021609425534210303,0.014734466536293178,0.017108457291566515,0.01641964996016365,-0.0008516872862925906
2024-07-29,0.0012846527426808585,0.003835599716395466,-0.006549121444883621,0.0034331459938159448,-0.010483278561627896
2024-07-30,0.0025660090547918735,-0.008133134602594794,0.020583380532832596,-0.008928475910581213,0.017829426594826225
2024-07-31,0.014990903893865593,0.029002194810164417,-0.011106583434590367,-0.010805700790311068,0.0035541734232622524
2024-08-01,-0.016750794159789417,-0.015563100170141508,-0.022744260791910942,-0.002963990572954045,-0.013829056728781763
2024-08-02,0.00686940594481289,-0.0878470841762542,-0.04241205108061774,-0.02066614052460336,-0.0005984948583500627
2024-08-05,-0.04816708718999896,-0.04097671157906757,-0.02129161129565449,-0.03265693447637752,-0.018052661904885192
2024-08-06,-0.009748095319486172,0.005651399696776416,0.027911715961946193,0.011286879880402223,-0.005314938183505813
2024-08-07,0.012498301467324113,0.0051874985158653075,0.00029960139126150587,-0.002952611720406728,0.013314565222716013
2024-08-08,0.016633084757459615,0.018615215947435537,0.018263308433534187,0.010691839292236605,0.019104359965734785
2024-08-09,0.013735998087161416,0.00687575011257735,0.008527090226785994,0.008269291427240644,0.008143168978459459
2024-08-12,0.0071299470026839895,-0.000838620987187122,0.0018949316161231966,0.0019456943385940395,0.0012622328612994504
2024-08-13,0.01719308123340446,0.020563504874259175,0.008487429289415704,0.01769877996255409,-0.009579911759908799
2024-08-14,0.002033606910077479,-0.0007636117446156998,0.011060808910063002,0.006883811139487106,0.009248249355772842
2024-08-15,0.013530651459181753,0.04403286281963403,0.0062309414227224025,0.011823842096072346,0.00618646231664588
2024-08-16,0.005918490661636522,-0.002984395462729106,0.011439363414555537,-0.006080360719082023,-0.004716672507269926
2024-08-19,-0.0007077554629322247,0.006551472258579993,0.00691683399204579,0.007312371168081588,0.003046550448295493
2024-08-20,0.002744614050824712,0.003703308593809629,-0.004316479335104262,0.007757454116591234,-0.033324896778013646
2024-08-21,-0.0004856192113650293,0.006876093995775934,0.00037296438123446407,-0.0015536319741400462,-0.0063711165636819445
2024-08-22,-0.008259741467156134,-0.022097583221652117,0.009459479584145614,-0.020252762663933388,0.007729542601329964
2024-08-23,0.010288207974301633,0.005166572293719973,0.00775508379652079,0.0029840393692375233,0.013858556452953641
2024-08-26,0.001498759501125324,-0.00869856159361615,0.003939397845825532,-0.007917747769893402,0.02140649173160969
2024-08-27,0.0037416300964006055,-0.013561281383547064,0.004608266179931375,0.0008464950150808281,-0.009510999984252977
2024-08-28,-0.006753485108163204,-0.013401063602498708,0.005041348561462433,-0.007829093151953681,-0.00985725249572944
2024-08-29,0.014570201639770186,0.007728290643119529,0.004157369748178041,0.006137420014110662,0.013817394757256185
2024-08-30,-0.003437925668784869,0.037067191865004956,0.011655708843047785,0.009730841264277812,-0.0016083502830881446
2024-09-03,-0.027205293899992045,-0.012605042016806678,-0.020017753006871364,-0.018459119001423607,-0.02094292583538826
2024-09-04,-0.008618598540993005,-0.016567365497562103,-0.004403183445046421,-0.0013189091213317017,-0.012210991138914329
2024-09-05,0.006927690467247949,0.026308183871355473,-0.00775074156785982,-0.0012471887837161022,-0.007802817104309079
2024-09-06,-0.007014947906295421,-0.03653943460735232,-0.023755973057178803,-0.016381339810326634,-0.004683172979612071
2024-09-09,0.0004074108216591821,0.023396899008788496,0.020474475101488476,0.010007480973832417,0.021040452225724815
2024-09-10,-0.003621324505027168,0.023660258265018275,-0.05188886245545954,0.020901085240281336,-0.0364316517616764
2024-09-11,0.011585086282783985,0.02768031821904482,0.008124220368230128,0.0213423167988831,-0.00992602731802672
2024-09-12,0.0004940160073900746,0.013440254011034547,-0.0030401862536072466,0.009360793164597814,0.013762293944989512
2024-09-13,-0.001212017399784826,-0.0027272433520638684,-0.01103573492194887,0.00840751533485129,-0.0007191708166713884
2024-09-16,-0.027775173033399603,-0.008579580976924128,0.017325697146048258,0.0017418097182673176,0.014034948285112314
2024-09-17,0.0021726078428261353,0.010763186217390919,0.006687277031483196,0.008832826841651542,0.013042413898821215
2024-09-18,0.017989684085223834,-0.0024080275860086653,-0.008219851331910388,-0.00997353612331986,0.003503235081649958
2024-09-19,0.03706562468299346,0.01845197970580159,0.014214834496348638,0.01829124861924103,0.012392948018850714
2024-09-20,-0.0029273684682535883,0.009111555436973395,0.0028980611303255355,-0.007796094321109948,-0.006292985930347328
2024-09-23,-0.007581087742509096,0.011899784481557152,0.0016581576929508568,-0.004043267491714908,0.018131376211219408
2024-09-24,0.003974097909532404,0.0004126358007008335,0.0007093444418091455,-0.010011407754684565,-0.0026415207330023893
2024-09-25,-0.004398162966916974,-0.007372694808574054,-0.006616506459040328,0.0068502342906244795,-0.019478770828551206
2024-09-26,0.005080234494739155,-0.007115748848874004,-0.001950667559181385,-0.0018511848005990927,-0.01716481190524921
2024-09-27,0.0011865783957658582,-0.016687603998192135,0.003432296557698722,-0.0076279108946735175,0.02677310284804557
2024-09-30,0.022872078754435865,-0.008724793206352333,0.0017102403302344804,0.005326767892252615,0.012087703396052696
2024-10-01,-0.02914156989008876,-0.006440170323887107,-0.018116507839821994,-0.022333158871664094,0.023118896318598425
2024-10-02,0.0025197396040079756,-0.0019986515757441925,0.0012076217868333128,-0.008462291039292968,0.013257737229609212
2024-10-03,-0.004894714084663132,-0.015154729791167831,-0.00993788076660096,-0.0014145412071520092,0.00872289090817091
2024-10-04,0.005007289242970003,0.02500542770436165,0.035493751599829704,-0.0011522730768861456,0.018355413846712798
2024-10-07,-0.02253081170419058,-0.03061493551686767,-0.0013730603054191715,-0.015670826877243194,0.0043257523572428624
2024-10-08,0.018404029552998136,0.010619458719785868,-0.0008533489488449231,0.012623919366054892,-0.02656130291069836
2024-10-09,0.016698405684277162,0.013408477078997505,0.012668995297098418,0.0066311667903906635,0.00040965110270207994
2024-10-10,-0.002178325762561495,0.007992632403596822,-0.0027174428151519603,-0.0038806385992958825,0.008600283147148113
2024-10-11,-0.006505309307011986,0.011626110360002828,0.04439936897644747,0.0011544363087887533,0.0038168241486460364
2024-10-14,0.016479946857814065,-0.006779016992029097,-0.0036438257219758574,0.006773505983882933,0.0038021797812848313
2024-10-15,0.011024613899035973,0.0007998782160802964,0.004108667817100287,-0.0009543819622400695,-0.030061300143085723
2024-10-16,-0.008851886007368082,-0.004262363692000948,0.005620856661191276,-0.006256862656841666,0.0025759620537646466
2024-10-17,0.0015963307295623341,0.0034244710350397334,0.0034876404850079368,0.001441962678376374,-0.0025693435223480554
2024-10-18,0.012276537171870938,0.007785456851548744,0.004233139479041137,0.0034555488629650633,-0.0028248933154150224
2024-10-21,0.006297896000287073,0.0004233124965837831,-0.010515975594970972,0.0014825957902997455,0.0005831176889155021
2024-10-22,-0.002621705422825915,0.003332044214411578,0.005022326609047667,0.020846346091523804,0.005163169333379569
2024-10-23,-0.021623069495771197,-0.026304640562205495,-0.003167804959223086,-0.0068068592129750805,-0.0035624758563596037
2024-10-24,-0.0008232634638448699,0.009041189476714617,0.007027379099610931,0.00030620015896998254,-0.00565395019348458
2024-10-25,0.0036431079508547626,0.007779788122410869,-0.011867750183489845,0.008052117210589405,-0.0008362910739140306
2024-10-28,0.008599340087600549,0.002981406341556969,0.014349218192310387,-0.0036436461368256623,-0.004937600428713718
2024-10-29,0.0011569489982601322,0.012951868195294036,-0.01152978993346876,0.01256496929464146,-0.013624758525915714
2024-10-30,-0.015277980988437467,0.009956473710913016,0.006774260306429136,0.0013426846401298764,-0.005030711951304778
2024-10-31,-0.018209483484662226,-0.03284388507953562,-0.01109573518681961,-0.06052778333821773,0.0007713323408602424
2024-11-01,-0.013279625554838859,0.06185621865256041,0.00459629019671004,0.009893040275155807,-0.015670601481307278
2024-11-04,-0.0040374973080130605,-0.01086239567545566,-0.01417420030576877,-0.004654293340665805,0.03183994508682786
2024-11-05,0.006486058892585911,0.0190009257528736,0.007780516761147327,0.007344641944246444,0.0029508941666072097
2024-11-06,-0.0032668541178833,0.038045094425516846,0.11544540462588992,0.021192873045654093,0.017148566594761494
2024-11-07,0.021372024535113443,0.01429333510169939,-0.043228404523337094,0.012494594905056555,0.0012396506981640076
2024-11-08,-0.0011880723622307299,-0.008902691496347037,0.0025383310179396545,-0.006793067494859417,-0.0003302089931526142
2024-11-11,-0.012028668464201808,-0.006436720074140534,0.009747577792970086,-0.010720832757723509,-0.005284350258048409
2024-11-12,0.0,0.010007771034946433,0.0011283845510245971,0.01200911486886902,-0.0009962185693007664
2024-11-13,0.003969152106528817,0.024843245179395845,0.006678898274018685,0.005129824429756624,0.009306230669047899
2024-11-14,0.013770510874831832,-0.012237320417028852,0.002944103513337515,0.003974620230457582,0.0006639685147000751
2024-11-15,-0.0141091563343414,-0.041942478231440816,0.014222495127655721,-0.027852783528272473,-0.010368234925969944
2024-11-18,0.013422237019465877,-0.004491405455644082,-0.001141343070320433,0.0018314453291756738,0.008381502714275957
2024-11-19,0.0011401431774480386,0.014427385751800914,-0.007917461103268186,0.0048825810246069246,-0.013963845973401279
2024-11-20,0.0031540242558105724,-0.00845508881471324,-0.009502575693187243,-0.0055051318730395815,0.014245861177630825
2024-11-21,-0.0020960270321042085,-0.022180598835253806,0.016529551029752065,-0.004316853575630386,0.013381049754561447
2024-11-22,0.0059075002554076494,-0.006351495788949668,0.015484689992088851,0.010003229628053223,-0.00114824275120895
2024-11-25,0.013050889455906711,0.021966324768223133,0.007000396618354943,0.004292629436773776,-0.014943719255755328
2024-11-26,0.009404402783792953,0.03181932866326265,-0.0012783756200567264,0.021968014878834596,-0.016670853025190446
2024-11-27,-0.0005530961878666973,-0.010199148999145757,-0.0007201371162310899,-0.01168252081930532,-0.002627782533983103
2024-11-29,0.010215927635734534,0.010450052683389277,-0.00028013915855762406,0.0011110054636016553,0.0025498149918423696
2024-12-02,0.009522588332815163,0.01356490130596999,-0.01389570764514525,0.01775847872765568,-0.0009325885210151874
2024-12-03,0.012771733064145918,0.012956175029913197,-0.00580699200676249,0.0005106040611866369,-0.0015273539786955226
2024-12-04,0.0014835564157449355,0.02211394849472459,-0.005800372903707607,0.014424862344299738,-0.02880939694751694
2024-12-05,0.00012345710245176278,0.010955259211262725,0.00854566618162389,0.011887779665501474,0.0043752412726034695
2024-12-06,-0.0008228614329677253,0.029381072944344444,0.007658511685917357,0.0021463221787068054,-0.010541843576004073
2024-12-09,0.016101163916684147,-0.004140432746599476,-0.014351488583858818,0.005523415299704126,-0.005899487911605106
2024-12-10,0.004133731975458632,-0.004644181824783544,-0.0038965459151830695,-0.006031200764557876,-0.0020372414715703613
2024-12-11,-0.005166037926624956,0.02319588240507109,0.0027587361115601894,0.012767147056598649,-0.006656606222848027
2024-12-12,0.005963678818455387,-0.0056023335225716675,-0.008212427750447171,0.0012693711396736251,-0.0008936008705328069
2024-12-13,0.0006856036923053033,-0.006594726378065796,-0.0065830715465258205,-0.005093963851375505,-0.008764053196748
2024-12-16,0.011727739247466396,0.024048121869595374,-0.0015004149670558853,0.00965878424156874,-0.021382064175818116
2024-12-17,0.009719520909750257,-0.00764177579215608,-0.005092296010013486,0.0063552559726189894,-0.004240739272411309
2024-12-18,-0.02142165178231714,-0.045987410359975445,-0.03352064830485357,-0.037561039335367585,-0.014720922901786282
2024-12-19,0.007014586018971869,0.012561168873593154,0.011242832645312006,-0.0008230446853282336,-0.008551078499857367
2024-12-20,0.01881592838524826,0.00729994595290151,0.019917515560039734,-0.000983922400739523,0.0034120501090615374
2024-12-23,0.0030648451367838447,0.0006224408269079884,0.003324828766895438,-0.003092002212267908,0.0040615462651698575
2024-12-24,0.011478101666798635,0.017728630305015702,0.016443698658187955,0.009373796076078689,0.0009408448720158447
2024-12-26,0.0031756931553008627,-0.00873171784917226,0.003425399281541397,-0.0027768826578526973,0.0008457066492122411
2024-12-27,-0.013242106727225478,-0.014534256804240364,-0.008102303286346868,-0.017301716126017164,-9.387116739134616e-05
2024-12-30,-0.013263526354860389,-0.010949707031249978,-0.00767087745297379,-0.013239496111422167,-0.006761783225594842
2024-12-31,-0.00705785333586606,-0.008630834323407832,0.0016296329459628556,-0.007838318317548554,0.017114212178362287
2025-01-02,-0.026235840484950756,0.003783225458606987,0.001209737496852048,-0.006927704343570262,-0.0024170461380101926
2025-01-03,-0.002009540511499708,0.018027432561515733,0.013666685762033559,0.011395772606065169,0.005125416739439226
2025-01-06,0.006738944771333744,0.015254909370185477,-0.004875512237012103,0.010629470935847651,-0.0011125948368538863
2025-01-07,-0.011387687957513881,-0.02416414035082548,0.009632539176231747,-0.012808302666155402,0.00937428344763469
2025-01-08,0.002022956880179061,9.006470850470016e-05,-0.00016434997000713825,0.0051851495921040325,-0.01673559211152531
2025-01-10,-0.02410368190974732,-0.014360970473526025,-0.01340868722667965,-0.013213756390982212,-0.0036471184127757628
2025-01-13,-0.010344139066364999,-0.0021923619356289947,0.01809328827626011,-0.0042009453160803956,0.025811842964179155
2025-01-14,-0.004778124815995266,-0.003204303696411115,0.013349131808143122,-0.0036433543895931786,0.003934522610346214
2025-01-15,0.019675992191639846,0.025670516796895804,0.019719578140438898,0.02559711086050176,0.01631416531720853
2025-01-16,-0.04040025237881251,-0.012043887924316987,0.007608423081703508,-0.004058097140768324,-0.0017039106812191118
2025-01-17,0.0075352131785464405,0.023928209424767255,0.01923160038723748,0.010480998844917266,0.00898315844418418
2025-01-21,-0.031915917392995485,0.021111818274402117,0.014932859339785942,-0.0012353317425669585,-0.007567623789977884
2025-01-22,0.005345092887453218,0.018638063663626525,-0.000722346242759464,0.041306896646082114,-0.017403784979795445
2025-01-23,-0.0007595151572747927,0.0017446222360446573,0.011832252181001923,0.0011430044522051652,0.005660540246215762
2025-01-24,-0.0039346690189379085,-0.002421170970448472,-0.004173698499142731,-0.00593226636662747,-0.013526965082502396
2025-01-27,0.03178037766199315,0.0024270472668348475,0.0038136385573923626,-0.02139348005639108,0.013896445950312586
2025-01-28,0.03654396926149195,0.011596277923593856,0.004852281299609462,0.029086853406066204,-0.019333712191671126
2025-01-29,0.004616791173381651,-0.004534900692607424,-0.0020963272370347896,-0.01088998639140848,0.005831130432795595
2025-01-30,-0.007394848705947976,-0.010250170242948609,0.006189548691961644,-0.06180909766555187,0.008282042018712188
2025-01-31,-0.006692105075559063,0.012955989149507907,-0.0034670984362420443,0.0001687079231964539,-0.02500689581843163
2025-02-03,-0.03385599695318753,-0.0010938846972727845,-0.0018331000247032714,-0.009974449868656587,0.0024337888373633376
2025-02-04,0.02100780151104109,0.019543422733693472,0.004235198284283204,0.0035286426659035808,0.02679987333979783
2025-02-05,-0.0014174556861892285,-0.024332807771026643,0.00929299842487974,0.0022310702452519315,-0.0007275645108177908
2025-02-06,0.0032262312874222765,0.011263088803542765,0.023924816887318068,0.006121597898967712,-0.013196230944798493
2025-02-07,-0.02396866625992322,-0.04053095448794508,-0.00397253936598807,-0.014597623429527862,0.004242452878273184
2025-02-10,0.001187267314275653,0.017412199866636335,-0.0172587106723886,0.006028007125154611,0.01910181899469432
2025-02-11,0.021831843871739087,-0.0016299428832775575,0.014573583300763193,-0.0018921988525973932,0.00630795631623382
2025-02-12,0.01827011978585502,-0.01645472556041927,0.0016727526781024071,-0.005833158946381478,-0.03008674676023615
2025-02-13,0.01967325127195485,0.006290143220533118,0.0031584135969318083,0.0036671624792363744,0.007266017448036344
2025-02-14,0.012710663421930057,-0.007336035409240549,0.0009770405707392182,-0.0051396851470913996,0.0010172243331301178
2025-02-18,-0.0005314424435028942,-0.008877028355405714,0.012148109647321714,0.0029625783877744727,0.017553686707133087
2025-02-19,0.0016359948765496402,-8.819331220011328e-05,-0.002500447310727516,0.012523198205665498,0.0014527950513487653
2025-02-20,0.003920513840546702,-0.016546793977871843,-0.044583881557649585,0.005290601557262464,0.015412304091939166
2025-02-21,-0.0011389422057870302,-0.028266344731418536,-0.009595288060173957,-0.019032489106129424,-0.01169630350429307
2025-02-24,0.0063124340025493275,-0.017868663239768212,-0.01097472482567552,-0.0103132723022471,0.005239762668298287
2025-02-25,-0.0002428090798666238,0.000423094048469963,-0.01507624208086411,-0.01509911980967038,-0.01384019559086902
2025-02-26,-0.027040200379813806,0.007283848822975836,0.005400345050379007,0.004599249342540412,-0.0024606153965219812
2025-02-27,-0.012730889246679977,-0.02617215045770671,0.0010045249490038266,-0.018012224890150752,0.006303726100587825
2025-02-28,0.01913186340897366,0.016958863624485065,0.02161745923967473,0.011362223191819565,0.010712683397823497
2025-03-03,-0.015754106835068393,-0.034200087377916355,-0.01522766497057848,-0.021411175977907648,-0.03206683912903818
2025-03-04,-0.008822527973597838,-0.005950644792114046,-0.03978967615984952,0.00030892519623137993,-0.0020415824757541445
2025-03-05,-0.0008053418580530325,0.022374865016246748,0.00511486761938551,0.03193428750377092,-0.019527585215360577
2025-03-06,-0.0017391716619414854,-0.03676331176651382,-0.019838627271726028,-0.01029861597719095,0.0206752832766659
2025-03-07,0.015892623751117663,-0.007224698407026442,-0.017279066304580426,-0.009020184772629891,0.013008761721564843
2025-03-10,-0.04847959271285418,-0.02363867861413893,-0.041522256483387254,-0.03343414627406616,0.02549989401022046
2025-03-11,-0.029189390856835806,0.010537694677220655,-0.013263250454689679,0.000762799242561174,-0.0236136224486877
2025-03-12,-0.017478612733962007,0.011699491808345508,-0.005411603894362349,0.007412227476897515,-0.0002748537330550249
2025-03-13,-0.033643709333419536,-0.025139524437347016,-0.011891152811499328,-0.01174106419984422,-0.004215240623588357
2025-03-14,0.018170490476207224,0.02093969555611075,0.032195020666932805,0.025846778384392977,0.029723202688758166
2025-03-17,0.0023890119115481667,-0.01116439246854839,0.006410224758962135,0.00036044050979455733,0.016621876970997818
2025-03-18,-0.006121542696483351,-0.014917738259935254,0.004445780530868637,-0.013326489337593173,-0.0010548887277614938
2025-03-19,0.01198926607169426,0.014106347155876442,0.01761936945662379,0.011211889060850577,0.015575599927324602
2025-03-20,-0.005296390367379944,-0.003017266841301769,-0.000418311662045201,-0.0025269423082511233,0.004245699891598731
2025-03-21,0.019476844222606093,0.006463245885351521,0.010962023481301708,0.011425987686862982,-0.0034512091099059283
2025-03-24,0.01127044431081825,0.03593082692897376,0.02661076554994346,0.0046514967980713084,0.002597388211086571
2025-03-25,0.013681817138509134,0.012053587883713357,0.012376200443338092,0.005291652796317381,0.006821991131156002
2025-03-26,-0.0099217526398655,-0.022264360904062586,-0.0003982897206507019,-0.013133946359698223,0.014409487157345913
2025-03-27,0.010472687848272377,0.0011435177345771042,-0.011592268647677262,0.001564178878533884,-0.0032130193781829686
2025-03-28,-0.0265804733194962,-0.04290822091507418,-0.0212396626452096,-0.03016025660028343,-0.001357086058737078
2025-03-31,0.019412745512839225,-0.012764667384211892,0.010088536400891357,-0.009002080694970216,0.010192757941696495
2025-04-01,0.004771877151222181,0.010038913682617334,-0.006685605969565689,0.018114492819780725,0.0009249177383972018
2025-04-02,0.0031363580770971122,0.01998228846583383,0.008864728032606184,-0.00013087427570779298,-0.0031081327087824073
2025-04-03,-0.09245611221219108,-0.08979129298487254,-0.06968517257147977,-0.023630100240193852,-0.05258278532153393
2025-04-04,-0.07288738713042187,-0.041533565999713695,-0.0748383196351653,-0.0355659161831845,-0.07195595051545456
2025-04-07,-0.0367341985677333,0.024912248577988017,0.01978311242739772,-0.00550245983842701,-0.01341762532211499
2025-04-08,-0.04981824473442753,-0.026246667744515673,0.011331780195540375,-0.009221507371338866,-0.0210802232662457
2025-04-09,0.1532885035937399,0.11977031526306248,0.08055534320633528,0.10133683217607015,0.04991567006784958
2025-04-10,-0.042393829357370905,-0.05170070417193329,-0.030852693712085766,-0.02340637690400238,-0.055482031357940165
2025-04-11,0.040594526712567136,0.020141230945248445,0.04002466138414196,0.018618038931961234,0.032122451386767725
2025-04-14,0.02205403401817052,-0.014875318183769082,-0.006265860053064953,-0.0016476381640657678,0.0024238506344202992
2025-04-15,-0.0018764003164226661,-0.013891933050343641,-0.006773964092098739,-0.005363323039001444,-0.0028049393104904174
2025-04-16,-0.038933462996098456,-0.029288905919567454,-0.015098932755485572,-0.03660602043793515,0.01057234704941079
2025-04-17,0.013949749827068425,-0.009866352335440198,0.010234810974314223,-0.010306400297516727,0.02620209297772358
2025-04-21,-0.019392901137262997,-0.030647084568839134,-0.01280396646568338,-0.02354665844609749,-0.014683814910967041
2025-04-22,0.03406512728522171,0.03502262189247651,0.028822199992084574,0.021441211179745068,0.028001869073468244
2025-04-23,0.024331561715059236,0.042845673527805994,0.02245429063809956,0.02063702586029481,-0.008587239598235374
2025-04-24,0.018426097511341055,0.03289029336584037,0.01560946592793977,0.03448263349428382,0.01173496697078158
2025-04-25,0.004367365629366571,0.013133978209558528,-0.0044555749009299594,0.011747960784432632,-0.0005522422899372215
2025-04-28,0.004109369968007925,-0.006825802991833552,-0.0013548832351516493,-0.001760911021673528,0.0005525474299952204
2025-04-29,0.005091854661759321,-0.0016515586767922308,0.00575601178634888,0.007362648899146729,-0.0024854583680938847
2025-04-30,0.006107619535950626,-0.015849304820837684,0.0,0.0030962022979628134,-0.025193838350987985
2025-05-01,0.0038588233186183096,0.031341496782804956,0.009279747251048631,0.07625351518560186,0.0014201191495031296
2025-05-02,-0.03736171772830699,-0.0011566836184702112,0.022763188248856814,0.02322524397458592,0.00406502344156201
2025-05-05,-0.03145837464005208,-0.01910722026349243,0.0001979579085422678,0.0020447221434272134,-0.027680948641193526
2025-05-06,-0.0019108012296624732,-0.007190832051464091,-0.013105820629578324,-0.006557069525295778,0.013944046183119507
2025-05-07,-0.011384822963551255,0.019998985551532122,0.0005617699999147518,9.234744643626946e-05,-0.0009550642499503992
2025-05-08,0.0063185612871656804,0.01785806262143419,0.01635981313417778,0.011122636059544888,0.013956534298799506
2025-05-09,0.005266106242241664,0.0051020185245573835,-0.0015385813229740197,0.0012779605846120479,0.011690470466273029
2025-05-12,0.06314611998383768,0.08070031092964336,0.02754067720521225,0.024001201449987963,0.017239777169825388
2025-05-13,0.010152323033181476,0.01308471882441209,0.01138245656117065,-0.00026713781520992796,0.002748171054253845
2025-05-14,-0.0028177936917338497,-0.005298742220089303,0.009999777803839205,0.008460639232868328,-0.008952901183862716
2025-05-15,-0.004144471148829543,-0.024161720956264898,0.006964116494483363,0.0022560743964663565,0.010140381063907355
2025-05-16,-0.0008984887536631625,0.002047074000553817,0.0002617023904059046,0.0025158430437688395,-0.003591730066879628
2025-05-19,-0.01173919392353795,0.0027725440652370814,-0.010016374312174392,0.010126178652852813,-0.015898032877051382
2025-05-20,-0.009196290316480504,-0.010137739138364021,0.0030201189854675015,-0.0015255482997497127,-0.014276337283333551
2025-05-21,-0.023058989942683517,-0.014455883280997672,-0.01746460563131602,-0.012222495097824582,-0.012291532609650102
2025-05-22,-0.003612238684374547,0.00984492359983613,-0.0014173437429104707,0.00505990777447618,-0.006656300649753866
2025-05-23,-0.03024452103266484,-0.010388973643241206,0.00015333690599939054,-0.010288869986621041,0.0005826672199902294
2025-05-27,0.025298412072997323,0.025026113945093353,0.017567509738517284,0.023346241435246773,0.004755831796442456
2025-05-28,0.0010488707446776324,-0.006310081665849121,-0.006785178462715757,-0.007228330828894514,-0.013620467724667962
2025-05-29,-0.002345093148486077,0.004787005283780621,0.0033399178897317583,0.0028861712028969144,0.005680043119844269
2025-05-30,0.00450122480090509,-0.0033544115296213484,-0.0013996090787817828,0.0036625909172178783,-0.0037976640870514
2025-06-02,0.004231962896562802,0.007999607012299847,0.00250009913982141,0.0034973918181435693,0.007331273361157908
2025-06-03,0.007783865520053501,-0.004548692041520419,0.00608328113182699,0.00216462562623998,0.007277993852911724
2025-06-04,-0.0022138530781495858,0.007388989179248462,-0.007698904604683698,0.0019440017265222043,-0.014450738429855892
2025-06-05,-0.010797712955902372,0.0032814165352026414,-0.008591369114431702,0.008213438445785703,-0.004594351388374496
2025-06-06,0.016398316088211073,0.027223334916139486,0.014430268614483488,0.005773139543557848,0.023961336297751767
2025-06-09,-0.012112568123092138,0.015966607137600786,0.003800765468849665,0.005038545683650586,0.006713412698696075
2025-06-10,0.006056066162269724,0.0029035159702168745,0.006973124216932414,-0.003871001809714003,0.0214346177054614
2025-06-11,-0.019193775052397055,-0.020265629565462184,-0.001675303611693546,0.003609998677361226,0.019492625658227958
2025-06-12,0.00211290957436594,0.00018765734284498237,0.0003354132138122523,0.013224132001480093,0.003842324853355006
2025-06-13,-0.013805209059743029,-0.0053460859139069505,-0.012264923941603612,-0.00816507022742996,0.02178074675051067
2025-06-16,0.010028001292163191,0.018859028217320217,0.02041881018840974,0.00880070712447889,0.003210839597735493
2025-06-17,-0.014010701402074721,-0.005923177895162723,-0.003106976079671031,-0.0022957169836551605,0.01351352779274917
2025-06-18,0.004804623021343435,-0.010706651956707725,0.016473688641092776,0.004602127794275601,-0.007105215236045792
2025-06-20,0.022484732199265167,-0.013316402099383007,0.0037962112490776967,-0.005913696609074148,0.013340348502516752
2025-06-23,0.0024874557368430583,-0.005818118205440093,0.011890926128774959,0.018014217911573205,-0.025806511334361848
2025-06-24,-0.005955415573351663,0.02062648355436747,0.010745048985954853,0.008456712844384429,-0.030427803140977483
2025-06-25,0.006290550273497786,-0.0036659245365152637,0.009955039820159328,0.004407232648144577,0.0002770396311482237
2025-06-26,-0.002778128541978897,0.024199205109171285,0.016510812020693155,0.010522757110364322,0.014948758207438795
2025-06-27,0.00039795935413877714,0.028463559660798277,-0.0056797698177470934,-0.0030355826767399785,-0.005545992381878584
2025-06-30,0.02034000894880794,-0.017510092291414314,0.009752310725974489,0.0029641016086923155,-0.014445043529271784
2025-07-01,0.012916188482370305,0.00487719279454657,0.0017247415905912167,-0.010775863003698594,0.013357972343076563
2025-07-02,0.02223077554729791,-0.002449462616694653,0.005475127281993508,-0.0019509358548099875,0.016569134396660967
2025-07-03,0.005224999770849115,0.015869432167251007,0.01858206943317864,0.01578120662915361,0.010355648632590642
2025-07-07,-0.01685789198054155,0.0002685535903059755,-0.013614745007883067,-0.0022451516555460627,-0.009714702856700175
2025-07-08,0.000285764300465674,-0.018391733064396676,-0.03147582789357972,-0.002210140913898484,0.02772021645434708
2025-07-09,0.005380734022651268,0.014496684294917905,0.0013438999053583256,0.013873812240768224,-0.0034152731035395067
2025-07-10,0.006014937785369989,-0.0012581953255335065,0.01776369132598754,-0.004031701755431882,0.009929593057340647
2025-07-11,-0.0058847749161117235,0.012417933203629827,-0.00461518936359917,0.0036691423426633563,0.004350481574035614
2025-07-14,-0.012028953484749971,0.0029775049161142597,0.00641446186142014,-0.0005960926813596279,-0.013081470577777199
2025-07-15,0.0023489018883671164,0.0029243814744550622,-0.007447207337646811,0.005566359903779183,-0.008865881117011476
2025-07-16,0.00502129368152282,-0.013960696164789232,-0.002547482143149815,-0.0003953701057792802,-0.006022500094035821
2025-07-17,-0.0006662386552660493,0.0030915472640284936,0.014274630737523886,0.012024882876555898,-0.005078834651833231
2025-07-18,0.005523275932808325,0.010050026580880944,0.004725718135035972,-0.003224607503309107,-0.03483793340386443
2025-07-21,0.006155885100793457,0.014018476542235536,-0.0010299864220325583,1.9698216078722908e-05,0.0025982270091207127
2025-07-22,0.009036152185532442,-0.007980819043607368,0.0015809907427972725,-0.009391211433344537,0.004534875679947259
2025-07-23,-0.0011660308502943195,0.003604836070819184,0.018289242509084813,0.0011875234947458235,0.0128062616469089
2025-07-24,-0.0018211459415494735,0.01725876103762447,-0.0007078408412427573,0.009903867969059732,0.007823161956614255
2025-07-25,0.0005613418379561974,-0.00340177109187767,0.006980327823806753,0.00553947705372404,-0.003520154961197841
2025-07-28,0.0007950151332456468,0.005833005662313484,-0.0011385725724407658,-0.0023555235777033,0.009420288450848746
2025-07-29,-0.012987706036527324,-0.007646371539299812,-0.004157002653858544,0.00013656685479745967,0.0129217989312429
2025-07-30,-0.010507870742811898,-0.003549595623255297,0.008719259831953652,0.0013071589681477036,-0.008681808577920558
2025-07-31,-0.00707973688620811,0.017029402351838252,-0.011314026168440794,0.03947480695785788,-0.0023235381338110317
2025-08-01,-0.025003551147642966,-0.08269617085933034,-0.023190619353001818,-0.017600879737816322,-0.01791468524261919
2025-08-04,0.004793027431132746,-0.01443541840985152,0.016898819249443475,0.021999384920436516,-0.020704111950948456
2025-08-05,-0.002114660821478598,0.009922070229506863,-0.009821261537778625,-0.01473022229510268,-0.001210784729013592
2025-08-06,0.05090678593181619,0.04004677220394748,-6.863507361143384e-05,-0.0053244450870758575,-0.00680714471643884
2025-08-07,0.031793604006576714,0.0036885760119835798,-0.0151364068940818,-0.00781043138845372,-0.005257778519390355
2025-08-08,0.042357883974722066,-0.001971955504762035,0.006342652372638868,0.002303810429313158,0.008022733121325176
2025-08-11,-0.00833732997664316,-0.006241858073597895,0.0027705410800058505,-0.0005169208942188419,-0.009082573428943364
2025-08-12,0.010872425190982637,0.0007681796954406295,0.011362065504348928,0.014316592681656415,0.0028348298866225363
2025-08-13,0.016024393810956772,0.01395221168040428,-0.007921963250960506,-0.016363014434918943,0.013850899865762933
2025-08-14,-0.0023572329302939954,0.02858923333961183,0.012494191169378555,0.0036496691747287535,-0.002044589654206952
2025-08-15,-0.005112135586565314,0.00021648217457226338,-0.012476192349113902,-0.004421271415478101,0.0009399366601641201
2025-08-18,-0.0030224932219572453,0.0019911124801876845,0.0035801570712412634,-0.005901853337889951,0.002159868452820346
2025-08-19,-0.0014292994582021379,-0.01503309388634011,-0.002984147277675042,-0.014175304121780807,0.006559137467354148
2025-08-20,-0.019734536864348118,-0.01842023178556884,0.005435843330950707,-0.007944676371573589,0.01033334507524497
2025-08-21,-0.004911271577319298,-0.008310623433453235,-0.00263474338629599,-0.0012874464645681316,0.0064498927308485055
2025-08-22,0.012716753873613929,0.031043025385826706,0.016365181456664102,0.005929790518730105,0.018767710014375716
2025-08-25,-0.002634359956168675,-0.003932852258726194,-0.004523267889921301,-0.005855406260058205,0.004133654305186862
2025-08-26,0.009464706476046691,0.0033781006590050122,0.012444884394331668,-0.00440253222484932,-0.0022373335620901047
2025-08-27,0.005145881341378056,0.0017926124405795996,0.0023779441616460506,0.009361878009129132,0.011301530755373213
2025-08-28,0.008980917286669499,0.0108240705271474,0.00598105503882107,0.005722811680751061,0.005321430351906464
2025-08-29,-0.0018060633679640725,-0.011226278216735164,0.0011624674557149106,-0.005788354140098595,0.008293011282371143
2025-09-02,-0.01042465018223615,-0.015982548742835667,-0.005706223293673984,-0.003098606140361726,0.003499794824691538
2025-09-03,0.038089811255997974,0.0028845707190781056,-0.0006338583731259062,0.00045532902471268066,-0.02423926019935474
2025-09-04,0.005493276796928015,0.042877945692648245,0.014390068487247332,0.005184613534622073,0.004378568368015978
2025-09-05,-0.0003753739607995632,-0.014214150326010255,-0.03107099701781979,-0.025532959306399428,-0.028202833546812855
2025-09-08,-0.0075513833095535166,0.015107797009308976,-0.004993571694282495,0.006464651839195312,0.005675972912527083
2025-09-09,-0.014839373392023014,0.010176429751274751,0.01686521756857995,0.0004214479454351938,0.007282719747251365
2025-09-10,-0.032259460089661185,-0.03320182790348514,0.009031466765461627,0.003932494998648561,0.016719432674190404
2025-09-11,0.014286333633347192,-0.0016498279850283293,0.016703108929094324,0.0012790300623102269,-0.003200079049447191
2025-09-12,0.017562993503958735,-0.007827802024989672,0.004418178503694303,0.017744139131049996,0.00017844625466922892
2025-09-15,0.011235867571386393,0.014376501718361023,0.006483959739133738,0.010708027544927612,0.0016939920467347047
2025-09-16,0.00612593276381479,0.011320962964584513,0.0009388817671476257,-0.012263226613177358,0.02073870441286263
2025-09-17,0.0035272766349128126,-0.010382430689534927,0.008279557118633596,0.0019250966991020135,0.005319155126325414
2025-09-18,-0.004644658831388204,-0.0016837898189709932,0.004747565834964718,-0.0030782543845292443,-0.011796336576201827
2025-09-19,0.032032998017618386,0.0010811746080494622,0.004948342564394359,0.018644801357077023,-0.00974275558652371
2025-09-22,0.043095660015793014,-0.016632067201427403,-0.007433786509294937,-0.006718872749722049,-0.007091000347713372
2025-09-23,-0.006443273998468446,-0.030400202172415014,0.0009601975900692672,-0.010146810994996258,0.01722894349255255
2025-09-24,-0.008332291977418138,-0.0022654160880354324,0.0021744329841544285,0.0018065556477930844,0.005353300764658897
2025-09-25,0.01807292613835698,-0.00935476479077324,9.56599744377229e-05,-0.006115796826789199,0.00899095045849374
2025-09-26,-0.005489118202509746,0.007471945580644679,0.008326682095157967,0.008737116838221759,0.014101654625565674
2025-09-29,-0.004031963626357271,0.01087450815780766,-0.001170607709341298,0.006139235411893873,-0.025592930813542858
2025-09-30,0.000786133425020763,-0.011702709034319914,-0.0008237156818382552,0.006510150641517276,-0.012869908755468007
2025-10-01,0.0032203144758191637,0.004827606336181178,-0.014963637299440169,0.0033978298038825905,-0.006740650193885034
2025-10-02,0.006576613515574703,0.008067800117406154,-0.010170341508824898,-0.007638913392573166,-0.006250479309732326
2025-10-03,0.003461262002619314,-0.013039023009411066,0.008063712827096836,0.0031217306723074767,0.01770143228682608
2025-10-06,-0.005154634279879056,0.00633228292302257,0.0021067658070133,0.021687525447268374,0.00829946242063273
2025-10-07,-0.0008179936161892831,0.003983725247293846,-0.0048190269627856885,-0.008683822656244566,0.000525475815463583
2025-10-08,0.006160336665868016,0.015510877718191152,-0.011895217710659711,0.0016603970178621363,-0.002100524512760993
2025-10-09,-0.015577943187819021,0.01118907849570383,0.004933640735301115,-0.0046680905980547305,-0.009735065431515255
2025-10-10,-0.034522040405148724,-0.049925397829666096,-0.015186550441719127,-0.02189882267434151,-0.019307426241771508
2025-10-13,0.009744389834039024,0.017100394188331425,0.02353017054227835,0.006047449478382205,0.01363669750059704
2025-10-14,0.00044413082231420375,-0.016721987604375044,-0.019125314011642747,-0.0009338040042301543,0.0004455433113912388
2025-10-15,0.0063365317531554055,-0.003789417568938358,0.011950553926109997,-0.0002725366838630672,-0.006055781649846881
2025-10-16,-0.007580000400476461,-0.00510277898660183,-0.023389823403856536,-0.0035449015873761924,-0.00869092295916507
2025-10-17,0.01955945458120567,-0.006667636156250767,-0.0032825360312291885,0.003850639198168304,0.014461223681192958
2025-10-20,0.03943872556830863,0.016147214372026486,0.016131073986504374,0.006250188717045191,0.0040983689687545954
2025-10-21,0.0020209184094197585,0.025637486886977978,-0.017429602911737674,0.001683497874670259,8.874495271782301e-05
2025-10-22,-0.01644002930028554,-0.018375903497213075,-0.010030481077624498,0.005563395425819184,0.01774469910886789
2025-10-23,0.004372033633252448,0.014406971477930908,0.0014620421528652727,3.8539157853234585e-05,0.011071408748871914
2025-10-24,0.012481988848809689,0.01411194729592502,0.020031198920174687,0.005859144806487082,-0.005087130693129049
2025-10-27,0.022791152524401337,0.012309863182682124,0.012348538098207573,0.015106679317070881,0.004766505522131981
2025-10-28,0.0007068182263614275,0.010045375014470892,0.003978285606592413,0.019848543982020406,-0.00784895702388444
2025-10-29,0.0026022098686300232,0.0045801659836763875,0.000491286182563444,-0.0009592682225202376,0.012344615698764105
2025-10-30,0.0063032339337949495,-0.03230569840563213,0.012863817241725473,-0.029156915158355057,-0.015113774825525783
2025-10-31,-0.00379504371308903,0.09584492754129248,0.005429114492912168,-0.015120982490489876,-0.002877358448592049
2025-11-03,-0.004882360444995348,0.04004585509136338,-0.005689092823129904,-0.0015063163677940805,-0.005246513793971452
2025-11-04,0.003679849978061922,-0.018425168014886806,-0.00032326632052193105,-0.005222216615019537,0.003340264181958652
2025-11-05,0.00037034495392229694,0.0035295587926045258,0.007857581510273048,-0.013940450337762589,-0.004030009134632362
2025-11-06,-0.0013698257358518706,-0.028617121300727022,0.005582845272962711,-0.019835949786331408,0.007213108867186291
2025-11-07,-0.004818849477972176,0.005636975040415049,0.0025203543150871255,-0.0005632566285092011,0.023755590492443357
2025-11-10,0.004548624231703657,0.01632498741700883,0.008529556507585356,0.018477611803495275,0.008530887641206464
2025-11-11,0.021601151019521758,0.0028180846386129943,-0.004007826562316463,0.005296345102306699,0.0131957312908626
2025-11-12,-0.006466769865795197,-0.01967085120518708,0.015176564533446735,0.004836018091259886,-0.013858734513781279
2025-11-13,-0.0019014763772919885,-0.027108907452568887,-0.03411257226124509,-0.01535778734308213,0.0056722162823479305
2025-11-14,-0.001978531453862953,-0.012164320933474637,-0.018967392418583584,0.01368985264921152,0.01299257204775306
2025-11-17,-0.01817110773537789,-0.007754941860691922,-0.010671601797418995,-0.005272612827346812,-0.013496659629259722
2025-11-18,-7.471106952616768e-05,-0.04431653833391602,-0.003196074651120706,-0.026995596568319624,0.01147183251394357
2025-11-19,0.004187793953672303,0.0006290693674619874,0.012892068184872318,-0.013507705937557013,-0.014114058882831126
2025-11-20,-0.008601361510023886,-0.02492255148822009,-0.01612424214775987,-0.016001322916168625,-0.0028121584403648647
2025-11-21,0.01968061086817685,0.016348913427910006,-0.001206586184712699,-0.013189062291076414,0.0005127555422987928
2025-11-24,0.016317453246910363,0.02532963104830621,-6.69866099478611e-05,0.003982137656664442,-0.009480650739508434
2025-11-25,0.003805561683004388,0.0149814363087164,0.016778413702743356,0.006307909050314198,-0.012589548949041074
2025-11-26,0.002093995691360595,-0.0022205534501759105,0.015313661617477159,0.01784106375486738,0.0022706445150715293
2025-11-28,0.00468386682792965,0.01771686809963624,0.01768299467805856,0.01340892861220655,0.0100199399293186
2025-12-01,0.01524117335723596,0.0028299616613276513,-0.013287306996641157,-0.010711244753378257,0.006124983308225529
2025-12-02,0.010914842545035386,0.0023088475921804186,-0.003366609350882177,0.006697668936617607,-0.010717660464799383
2025-12-03,-0.007128103890149506,-0.008702300580441968,0.01380406459603356,-0.025040836477469464,0.020974222084323202
2025-12-04,-0.012141504532966252,-0.014071797072686909,0.01271910227341011,0.006509951516399104,-0.005602765529346243
2025-12-05,-0.006840067419534801,0.0018331725713693903,-0.0033533921959020274,0.004824921511914715,-0.005122036696546761
2025-12-08,-0.003192442810390217,-0.011501761877265149,0.0005395584148615296,0.016267915759461182,-0.004805295641744145
2025-12-09,-0.0025550641485947434,0.004539639393836836,-0.04663553866749881,0.002036487781605034,0.01957240032742913
2025-12-10,0.005772480348263054,0.016935769749744978,0.03194564848065884,-0.02735656507065065,0.01090904615591981
2025-12-11,-0.0026902620286017864,-0.006471654188885845,0.023443298901162812,0.010259972745232826,0.0
2025-12-12,0.0008992097080309236,-0.017760970816273702,0.003591860075829567,-0.010217836182271789,-0.006023029240939448
2025-12-15,-0.014985057058964357,-0.01613691637948922,0.004709395830136742,-0.007752853394300874,-0.008921057898978346
2025-12-16,0.0018241385327160131,8.989068511033871e-05,-0.013968053291067317,0.0033065525131403817,-0.026154922462371832
2025-12-17,-0.010087037063657212,-0.005796159688549518,-0.0018061493825016761,-0.0005668537354907022,0.02380540521612473
2025-12-18,0.0012876722074433022,0.024811271877659857,-0.006286187857898917,0.016508456832468488,-0.00740992670343632
2025-12-19,0.005437378743868182,0.0026019210221046585,0.013450402327430444,0.004008419781918793,0.0012871017565661003
2025-12-22,-0.009865959632689436,0.00475032567966549,0.01853660192935691,-0.0020578619459044045,0.01251180221852688
2025-12-23,0.005129732868573544,0.016241329216049705,0.00879020176875045,0.003980002896827539,0.010748995247867432
2025-12-24,0.005323766193815027,0.001033882544133169,0.009940799812659273,0.0024031495288134863,-0.0016747701760961853
2025-12-26,-0.0014973429371301084,0.000602458846315379,-0.0038278463930657702,-0.0006351543356442058,-0.0009225742020104732
2025-12-29,0.0013168127155420706,-0.0019353042317807878,-0.012686378316775881,-0.0012507766584408664,0.011921690746006464
2025-12-30,-0.0024839549498967273,0.001982123671998126,-0.0010193012365934395,0.0007801688074968727,0.0038164520742349772
2025-12-31,-0.004467617922242262,-0.0073538531116630335,-0.0037103405970364545,-0.007918329968719329,-0.005372389256302124
2026-01-02,-0.0031265878039100636,-0.018715913643268745,0.010117404502340666,-0.022083453247643603,0.019195750166558723
2026-01-05,-0.013837078913669698,0.028962461627345393,0.02629953604996116,-0.00019026468219951465,0.022095352551391834
2026-01-06,-0.018334281183122636,0.033768107781812384,0.00622474593398481,0.011969990913619721,-0.034381010388036426
2026-01-07,-0.0077375221244099235,0.0026148877348795008,-0.022772715762333418,0.010365466381806243,-0.021148319834118467
2026-01-08,-0.004955135191556992,0.019581038977249277,0.008562966268655936,-0.011086568869234759,0.03730279852760798
2026-01-09,0.0012739243260126987,0.004425724253495522,-0.0018193423758875449,0.0024471442660822795,0.013831235874492531
2026-01-12,0.0033928880074423073,-0.003678565947722645,-0.014277537721672284,-0.004381573056430277,-0.004654540267422291
2026-01-13,0.003073939033640505,-0.0157016882298876,-0.041881130412505296,-0.013642594830881816,0.020237054916528052
2026-01-14,-0.004175543256686898,-0.024526018373191683,-0.009745850521142074,-0.023987050237098684,0.028923646184252583
2026-01-15,-0.006731765829002034,0.006465239039753046,0.004514954855955988,-0.005921018677011003,-0.008218130335151397
2026-01-16,-0.010379107417738509,0.0039466053837939885,0.010379576882297181,0.007007363596128746,0.0058854400959664765
2026-01-20,-0.03455562870506512,-0.033957825706746436,-0.03113902321993911,-0.011612295881237578,0.0043885828063849885
2026-01-21,0.0038508189393806624,0.001341980773133189,-0.0023120661313811297,-0.02290332218950264,0.024145142158749522
2026-01-22,0.002826590224981107,0.01309929882528893,0.005264063123871843,0.015829494982073422,0.00022460226585008236
2026-01-23,-0.0012482993138605014,0.020568436457892858,-0.019464505632873164,0.03282796772527474,0.009952141808674098
2026-01-26,0.029713001117360305,-0.003094185824689788,0.011151476840279395,0.009292778616603936,-0.0009633924699934404
2026-01-27,0.011197552619307993,0.026256163723313408,-0.002424915339831024,0.021901933430880094,0.014758366706737025
2026-01-28,-0.007085412268719393,-0.0068252338521122,0.0015316195091061857,0.002184764291744079,0.0054813257150345684
2026-01-29,0.007175113386098886,-0.005267268047532414,0.018785277715230198,-0.0999314014971282,0.021296564988050326
2026-01-30,0.0046461370951069725,-0.010052507834071855,-0.001729639654550752,-0.007404902652978884,0.006334072123790779
2026-02-02,0.040581232988504023,0.015294624385431943,0.007355621600087403,-0.01608210205587024,-0.021216355508276274
2026-02-03,-0.0019629018353019,-0.017863069956986388,0.02177574320277964,-0.028721998448953512,0.038511519649493176
2026-02-04,0.026012817340576033,-0.023593955826118118,0.007686103976134895,0.007246976996968524,0.026855907207996577
2026-02-05,-0.002097520770734884,-0.04420791797466184,-0.02240986945591139,-0.049542520559455294,-0.010231023519974958
2026-02-06,0.008009669408572728,-0.05554804877440456,0.03946354478197245,0.018975296244727158,0.020331318641801266
2026-02-09,-0.011660418612306933,-0.00760748406141476,-0.0009304747294303084,0.03106144763809282,0.014491900043431372
2026-02-10,-0.003423017398520134,-0.008432323191560842,-0.011859774587850813,-0.0007978522959694034,0.0025129662801572916
2026-02-11,0.0066501563343039916,-0.013915755650289796,-0.02343839320193375,-0.021535655950287835,0.026189039438140105
2026-02-12,-0.04998167896983208,-0.021952154485218922,-0.02631753209469645,-0.006256616041088625,-0.029767703312131855
2026-02-13,-0.022733490073462592,-0.004058180323715632,-0.00029749039061244265,-0.0012939755658649688,-0.009871213962654224
2026-02-17,0.03166790145686926,0.011871828009746066,0.015138028956200644,-0.011113329498388835,-0.015223940851543327
2026-02-18,0.001781167564954833,0.018095945812067304,0.005372351695765332,0.006904174457123657,0.030713399703180322
2026-02-19,-0.01426159138112626,0.00034184934085601526,-0.0023641315383948758,-0.0005768723083999783,0.001924622443174595
2026-02-20,0.015350431056632585,0.025627257563010764,0.008894703976805918,-0.0030868870817751803,-0.024441921810266276
2026-02-23,0.006047273769737682,-0.023035535309270605,-0.04221490651923521,-0.03212251686356349,0.02362842390108466
2026-02-24,0.02239105106810335,0.016027637831418806,-0.0012431597747034617,0.011782540280649512,-0.00994957982503808
2026-02-25,0.007679856169661159,0.00997315810991184,0.020181563493122834,0.029820000385969436,-0.0013399356022909537
2026-02-26,-0.004667689785084916,-0.012913032798065993,0.009330848466285513,0.002795803754952919,-0.003488610669514114
2026-02-27,-0.03213048968015897,0.01000385652833935,-0.01904426117671354,-0.022353879899142948,0.026659638371742345
2026-03-02,0.002044037948768729,-0.007666669573102691,-0.00912415181227677,0.014793449697371397,0.011278619340691298
2026-03-03,-0.003664094667077511,0.0016315386481426941,0.009073762373418282,0.013498988042953908,-0.015497322652886059
2026-03-04,-0.004663640952734749,0.03875826073047883,-0.0028974061672935036,0.0031441550485353797,-0.01323843532340463
2026-03-05,-0.008494536639458317,0.009777672934109694,-0.01950644087779707,0.013524118716237599,0.006274105573070177
2026-03-06,-0.010872576884936036,-0.026171534044230005,-0.013864691959295294,-0.004188140027264309,0.0029849867626785542
2026-03-09,0.009399602442343502,0.0013132534612816382,0.0015200543179132442,0.0011003457480245338,-0.0050923522483152794
2026-03-10,0.003655516130785408,0.00393459326562029,-0.004104644959157633,-0.008915233433622216,-0.015354839982790969
2026-03-11,-7.677293916819039e-05,-0.007838417021498345,-0.004190820810102247,-0.002168810809014765,0.023290235123560432
2026-03-12,-0.01936268410362818,-0.014671973697334195,-0.01610307597524796,-0.0074590042350434205,0.01286449242188703
2026-03-13,-0.02205188879408504,-0.008877013416636048,0.0019440851951306737,-0.015702020587114007,0.016869640337443093
2026-03-16,0.010794880344667579,0.0195984367511175,0.009596336831564134,0.011123808473237462,0.007109946774932485
2026-03-17,0.0055770205952525576,0.016340754535353108,0.002551115996153097,-0.001350222245784849,0.010048960990123534
2026-03-18,-0.01687444762321122,-0.024767666852414494,0.0029626245341398683,-0.019078035958764117,-0.007682138006848138
2026-03-19,-0.003920887726655109,-0.005288991452693126,0.0007994786362732764,-0.007070190974616031,0.003616983387778605
2026-03-20,-0.003896289131202657,-0.01623874055782004,-0.004896399035656973,-0.018379473087377307,0.00954730933243142
2026-03-23,0.01411350980480508,0.02322639327005427,0.01169038814918677,0.0029591709988243675,0.009143948901490395
2026-03-24,0.0005963911769359953,-0.013800294588880768,0.00858889146089048,-0.02678861083223305,0.02637617529049341
2026-03-25,0.003894460372950048,0.021569200454641724,0.010328428537211387,-0.00456075708567627,-0.012818977381954477
2026-03-26,0.001068847476965784,-0.019696817795534227,-0.012727785877155617,-0.013664275998505948,0.013291624462953289
2026-03-27,-0.016173054004998577,-0.039510442389467326,-0.030240623887443308,-0.025138767672072238,0.033609365142416525
2026-03-30,-0.008721878071757172,0.008076656164990315,0.0032880668110599753,0.006138384709554412,0.002807164762685499
2026-03-31,0.029031288584213888,0.03642700888472339,0.03661416754282243,0.031229219885810622,-0.010555741360441018
2026-04-01,0.007250123353044202,0.011043371606930696,0.004147398728892249,-0.002161202585198585,-0.052339930265919654
2026-04-02,0.0011344770271390914,-0.0037992260242744047,-0.002640680795986672,0.011072891697944343,-0.000559791739393467
2026-04-06,0.011487808933839494,0.014396667550949482,0.008017798550562727,-0.0015530665248895126,0.01667807051668735
2026-04-07,-0.02070604577917201,0.00460553135602737,0.006600097448735687,-0.0015821890251598303,0.003305407646910341
2026-04-08,0.02130171641798695,0.03499085736091123,0.03554131170863384,0.005479523310443213,-0.046916010498687655
2026-04-09,0.00614133139171158,0.056045170153601775,0.0076630179280876565,-0.0033659290381612417,-0.007553453772372043
2026-04-10,-3.8260530741629495e-05,0.020244002182271403,-0.0014822259329182463,-0.005897045998749295,-0.016318494569759867
2026-04-13,-0.004913966848681062,0.006334400855383171,0.01229546105901469,0.036400848374358086,0.0008525247720341245
2026-04-14,-0.0014276386309766131,0.038059130876826774,-0.008161195883457983,0.02273847493355685,-0.02227459903979434
2026-04-15,0.02936300351797594,-0.00208820280916866,-0.01668164506679881,0.04606858430342653,-0.0015412100674709883
2026-04-16,-0.011372688335946068,0.004828961562342915,0.013140301225801565,0.021983356619898142,0.019931557451895232
2026-04-17,0.02593029133391722,0.003444135445984209,0.0010969357503831656,0.006020124096113744,-0.03645219844291081
2026-04-20,0.010435424419368289,-0.009099612075002872,0.02159270356483467,-0.011163955067039488,0.008467580833579014
2026-04-21,-0.025196714096157535,0.0065651880571397925,-0.012587150870674635,0.01456696139394631,0.004604627598387312
2026-04-22,0.026299050276339386,0.021807838295304194,6.385654138285624e-05,0.020652574215955788,0.007684017524937525
2026-04-23,0.0009516199250387825,-0.001096486445127054,-0.004248833052150736,-0.03966099561975667,0.006889667990523485
2026-04-24,-0.008667687188198547,0.03493017225717909,-0.010940380150622708,0.021335007823376717,-0.010761960218731548
2026-04-27,-0.012727786010601316,-0.010871605831113018,0.01086669445655386,0.00047099862243538126,-0.0048351058212842135
2026-04-28,0.011584039752220443,-0.005438047398549362,-0.00057753054980203,0.01042792082725752,0.015992910032473162
2026-04-29,-0.001994732136373578,0.012860978748156615,-0.007063802772193428,-0.011159054466330809,0.027298101458409274
2026-04-30,0.0043676927881808325,0.0076793983730687465,0.01286987049440036,-0.039296904321054704,-0.002198265119970344
2026-05-01,0.03239351501021104,0.012072784412985094,-0.0024263326381473993,0.016332331545263257,-0.010237790407773395
2026-05-04,-0.0118155353844559,0.014128002271583506,-0.01542553598523233,-0.001978624467840806,0.00615385954644343
2026-05-05,0.026550617415383337,0.005513692583370089,0.005688299482735193,-0.005415520021193054,0.007742887522395714
2026-05-06,0.011717918777652159,0.005264129064761924,0.01777636689210116,0.006271482596838851,-0.03996645677191357
2026-05-07,-0.0002435044652232543,-0.01389133038400725,-0.027405562904829983,0.01645090871192756,-0.01419058992257538
2026-05-08,0.020456485310924144,0.0055683857848436435,-0.01361536214096759,-0.01342776676792301,-0.01371259158244742
2026-05-11,-0.0012626131025762488,-0.013532354923427414,-0.006951422136867502,-0.005926002472735337,0.03534616981468264
2026-05-12,0.007243374589372076,-0.011784761609137218,0.016266698193691642,-0.011849964945150004,0.00634691212219729
2026-05-13,0.013805987391627639,0.016213969753363422,-0.01518625903724935,-0.006278011135810724,0.006240469798209913
2026-05-14,-0.002208293097152536,-0.010772604336833247,-0.0011323737917798837,0.010414365037775042,0.00798298454021018
2026-05-15,0.006773819369938039,-0.011526033074604314,-0.007002182681687286,0.03050579128821007,0.04065901124833604
2026-05-18,-0.007960661114649215,0.0027257161474880665,0.009804966055655173,0.003839669976186011,0.016274068445146783
2026-05-19,0.0037939903054091673,-0.020841158796957915,-0.01672598122328084,-0.014449655577149945,0.012835727831585375
2026-05-20,0.010971059357449242,0.021863243262898013,0.021237827780780094,0.008720151997975822,-0.03857282767317982
2026-05-21,0.00906524661379593,0.01301830709151064,0.0033776595528693942,-0.00252292199325177,-0.006334761323473104
2026-05-22,0.012557860054279724,-0.007971333528174807,0.011155101734823258,-0.0012406856469829863,-0.0023826074796587937
2026-05-26,-0.001586735786880733,-0.003867523096163561,0.0011749537442633518,-0.0060683286131975045,-0.032984820152507255
2026-05-27,0.008173140408717527,0.024727646527565872,-0.02432027250362001,-0.008076296243599512,-0.012749436584141738
2026-05-28,0.00534019523725493,0.007908750591183455,-0.008520381291236778,0.0347007693508532,-0.0063555925309976
2026-05-29,-0.0014399642515899869,-0.01226272026117703,0.008694742151130974,0.054450962018909976,-0.011567831782125393
2026-06-01,-0.01842597822736758,-0.03465860321873382,-0.00912103426891464,0.022832260484241695,0.02836301770024341
2026-06-02,0.029022935295418106,-0.0181429249589532,0.014768341793673478,-0.04171374717707821,0.0012049201041330893
2026-06-03,-0.01567264307615801,-0.02533909644314114,-0.0003653631645685884,-0.03165569625585285,0.019858282163609076
2026-06-04,0.00312645238815068,0.01507874949703436,0.033372080535216675,0.001661400069229213,-0.0032125789476651345
2026-06-05,-0.012498826008526143,-0.03057644001781823,0.004760511625581776,-0.02658566754383418,-0.013943651856582862
2026-06-08,-0.018871545388655542,-0.0032922715222234444,-0.004033725371046182,-0.011831927529251218,0.01220647889196691
2026-06-09,-0.036446341189923515,-0.004200304926880172,0.005110785750300106,-0.02023117288064602,-0.018714909039534655
2026-06-10,0.0035450055495178656,-0.025349123139844942,-0.011384721351222371,-0.014997232475331246,0.01148338593479381
2026-06-11,0.01388983748609407,0.01474787607914263,0.014071240233745508,-0.017666513340103496,-0.02668960279181487
2026-06-12,-0.015221633631081977,-0.012256186172015071,0.023063020107523924,0.001024702842441938,0.002796631973456698
2026-06-15,0.018170538868479413,0.031314194613874635,-0.004115760495237097,0.02308448313772371,-0.04142569770959703
2026-06-16,0.009513514092780229,-8.13115686266741e-05,0.03675641092824922,-0.014833966272172594,0.006670395267263762
2026-06-17,-0.010994537435617069,-0.03455284552845528,0.0070060237177231866,-0.03788437231212749,-0.007895097229928094
2026-06-18,0.006960644246616354,0.029010523745888195,-0.024710573715507,0.0012931709583141604,-0.020818517978170914
2026-06-22,-0.003355513813629196,-0.047465142323687703,0.019248533511496246,-0.031786989559602685,0.0047892596483922745
2026-06-23,-0.009124398732296202,0.005670378290686617,0.008024618744603806,0.017966969581451497,0.009099320038135073
2026-06-24,-0.004145480706800209,0.0006834550497296643,-0.002064954886221937,-0.022677392646850314,-0.02025327224001594
2026-06-25,-0.06117774105404383,-0.03098992458796157,0.005008141585630899,-0.0345592514347155,0.004747952638936903
2026-06-26,0.03136469225316163,0.025020959746330673,-0.018112939266905714,0.057081360705363515,-0.007342838404632568
2026-06-29,-0.007188654692930396,0.03201683299701785,0.0010333563941116175,-0.011797171738171075,-0.003515352419310225
2026-06-30,0.027046212958856453,-0.00749564027789118,-0.006254044887290422,0.012073639219654542,0.004850746015954366
2026-07-01,0.017348672275670385,0.014097510539473834,0.020590950646787842,0.030186099320729687,-0.003218219909896569
2026-07-02,0.04840675364798175,0.004013244654325954,0.001197315436734403,0.016160017478718647,0.005943572907485928
2026-07-06,0.01305778143996239,0.006140048231783268,0.014265549396600186,-0.009603310738029669,-0.004741372598464633
2026-07-07,-0.006396770744445224,0.007454095831143315,0.004441549196311012,0.005430044263193601,0.03847851327158702
2026-07-08,0.008787785980344909,-0.009594278605344897,-0.025352296658711193,-0.014144606893393474,-0.003952284703236164
2026-07-09,0.00903022957872146,0.01403824906613349,0.01466942766663748,0.0026607787100694225,-0.026004418912178084
2026-07-10,-0.002846043762522954,-0.006881464517662805,0.002980892468361418,0.001925297686118821,0.010330343522494845
2026-07-13,0.006310939222858858,0.008029678202122303,-0.005765751580729228,0.015294738983264056,0.04053848880111155
2026-07-14,-0.007721115748007379,0.0007278635572653958,0.02499033240560311,-0.015499120378526965,0.004013527349182366
2026-07-15,0.04014486379221993,0.030183041960898382,0.011723843920603993,0.02779727786697772,-0.003997483340467567
2026-07-16,0.017587781993612772,-0.019885500434225545,-0.010838574056478478,0.013826036185691448,0.00996474055754093
2026-07-17,0.0014402172368908062,-0.010644698341695902,-0.00597402835328964,-0.01815010181385157,0.009660814506910809
2026-07-20,-0.02142383591993391,0.011163733419575328,-0.006537704328423155,0.02150732979277281,0.006786167411514166
2026-07-21,0.0035212601306020552,-0.009760399967161826,0.018768306314465022,-0.011285452294400034,0.022580193365284495
2026-07-22,-0.005644666001250687,-0.010906875035172847,0.008631869692429461,-0.01862974366480019,0.01806073430971611
2026-07-23,-0.012979820539962161,-0.0457014586990675,0.004853400197806446,-0.022442026195170772,0.015797985764024025
2026-07-24,0.03531672413627751,-0.006633583101364859,0.009459838857765135,0.0003145803337292197,0.00031872216687212074
2026-07-27,0.011681009513348384,-0.0031019827616639573,0.008465277948779049,0.019386905446111324,-0.013826921289160965
2026-07-28,0.009408945533389002,-0.002290499938177426,0.003116185607869415,0.01092261618510415,-0.011177889672220553
2026-07-29,-0.005557412706758247,-0.0182361894773313,-0.035263514006347974,-0.007143759919297832,0.02424199486528189
2026-07-30,-0.014074993355015719,0.0390470167299346,0.017812116853705096,0.15506739165511707,0.0014035908647260786
2026-07-31,-0.07353858440208272,0.15320588778032107,0.002679214550530551,0.030192821938052727,-0.009747085511364606
2026-08-03,-0.017772135672998512,0.04580603526208682,0.002416231509903888,0.04934151053480518,-0.0024447261583624424
2026-08-04,0.019642637836096544,-0.023237715094833633,0.013838402230386349,0.010581411460949042,-0.007093947637009768
2026-08-05,0.005236336596166957,-0.017194215631067156,0.004810923231028941,-0.010856147912626679,-0.015133850240548363
2026-08-06,0.004533755277783991,-0.001430347110176089,-0.008183950900032433,0.025437939328646575,0.021169937932562055
2026-08-07,0.0029447910342259576,0.00815397466052481,0.00342408437412578,0.00026008287542045316,-0.01162491532198473
2026-08-10,-0.015332485243728322,0.013152088338200807,0.006349349969249296,0.012140302810139891,0.04410611269084597
2026-08-11,-0.010867469011185404,-0.02092850300572191,0.006253647812788143,-0.0044461452724045,6.256832297490966e-05
2026-08-12,-0.008723897642456846,-0.0183273604720513,0.00867303076110093,-0.022587870511558972,-0.0003129181472054654
2026-08-13,0.009958675816790663,-0.00804397600383,-0.005668457653036252,0.00903684159579754,-0.007136113261067223
2026-08-14,0.002194794236790587,-0.009353943124710828,-0.0007435461005306232,-0.002978616125570266,0.009394167639527273
2026-08-17,-0.0011113534012042736,-0.005101832739500267,-0.005181360659759715,-0.03037944449604746,0.01502482730623833
2026-08-18,0.014529279409058127,-0.007117926481727599,0.006344217085363146,0.002664708914413838,0.02539322850390069
2026-08-19,0.021933322000267097,0.02462896060980113,-0.016489993762904387,0.0055644226358424476,-0.004771643499530853
2026-08-20,-0.017454152112068244,-0.021554360010767937,-0.015982818721866576,-0.004654530468367835,0.008375247849975898
2026-08-21,-0.006263995393247401,-0.005689825658748426,8.533289813272837e-05,0.004343752186226402,-0.006259363974342125
2026-08-24,0.0032002269754076718,0.01330086369122152,0.01368117714283823,0.00842233136012771,-0.006419947639000223
2026-08-25,-0.0014178077160482694,-0.003853969311243932,0.0008417401740750119,0.009029147603226262,-0.020786367562782182
2026-08-26,0.011455367474878742,-0.002987814244201914,-0.0005326822734188497,0.00947713844154241,-0.015251475084355981
2026-08-27,0.003604958753321119,-0.01544486334918349,-0.0063955084973263965,0.017507106648045223,-0.011062646014233457
2026-08-28,0.01627575132974779,0.03968618794425893,0.009598537306666488,0.01677034764032892,0.0017259285876198849
2026-08-31,-0.008914626195478559,-0.02499719943397638,-0.004474039833794352,-0.012151228547426784,0.0270562826413292
